jg1961-07-xx.017381.gh.aud.vernon.sbeok.t-flac16\garcia61-07-XXd1t01.flac|Banjo Instrumental
jg1961-07-xx.017381.gh.aud.vernon.sbeok.t-flac16\garcia61-07-XXd1t02.flac|Poor Ellen Smith
jg1961-07-xx.017381.gh.aud.vernon.sbeok.t-flac16\garcia61-07-XXd1t03.flac|Wildwood Flower
jg1961-07-xx.017381.gh.aud.vernon.sbeok.t-flac16\garcia61-07-XXd1t04.flac|Brown's Ferry Blues
jg1961-07-xx.017381.gh.aud.vernon.sbeok.t-flac16\garcia61-07-XXd1t05.flac|Jesse James
jg1961-07-xx.017381.gh.aud.vernon.sbeok.t-flac16\garcia61-07-XXd1t06.flac|Late Last Night When Willie Came Home
jg1961-07-xx.017381.gh.aud.vernon.sbeok.t-flac16\garcia61-07-XXd1t07.flac|All the Good Times Are Passed and Gone
jg1961-07-xx.017381.gh.aud.vernon.sbeok.t-flac16\garcia61-07-XXd1t08.flac|Darling Corey
jg1961-07-xx.017381.gh.aud.vernon.sbeok.t-flac16\garcia61-07-XXd1t09.flac|The Ballad of Harry Pollitt
jg1961-64.130666.compilation.droncit.flac16\garcia1961-7-xx.t01.flac|Banjo Instrumental
jg1961-64.130666.compilation.droncit.flac16\garcia1961-7-xx.t02.flac|Poor Ellen Smith
jg1961-64.130666.compilation.droncit.flac16\garcia1961-7-xx.t03.flac|Wildwood Flower
jg1961-64.130666.compilation.droncit.flac16\garcia1961-7-xx.t04.flac|Brown's Ferry Blues
jg1961-64.130666.compilation.droncit.flac16\garcia1961-7-xx.t05.flac|Jesse James
jg1961-64.130666.compilation.droncit.flac16\garcia1961-7-xx.t06.flac|Late Last Night When Willie Came Home
jg1961-64.130666.compilation.droncit.flac16\garcia1961-7-xx.t07.flac|All The Good Times Are Past and Gone
jg1961-64.130666.compilation.droncit.flac16\garcia1961-7-xx.t08.flac|Darling Corey
jg1961-64.130666.compilation.droncit.flac16\garcia1963-05-04.t01.flac|Deep Elem Blues
jg1961-64.130666.compilation.droncit.flac16\garcia1963-05-04.t02.flac|Will the Weaver
jg1961-64.130666.compilation.droncit.flac16\garcia1963-05-04.t03.flac|I Truly Understand
jg1961-64.130666.compilation.droncit.flac16\garcia1963-05-04.t04.flac|All the Good Time are Past and Gone
jg1961-64.130666.compilation.droncit.flac16\garcia1963-05-04.t05.flac|Long Black Veil
jg1961-64.130666.compilation.droncit.flac16\garcia1963-05-04.t06.flac|The Man Who Wrote Home Sweet Mome Never Was a Marrried Man
jg1961-64.130666.compilation.droncit.flac16\garcia1963-05-04.t07.flac|Keno the Rent Man
jg1961-64.130666.compilation.droncit.flac16\garcia1963-05-04.t08.flac|Foggy Mountain Top
jg1961-64.130666.compilation.droncit.flac16\garcia1963-2-23.t01.flac|Rolling in My Sweet Baby's Arms
jg1961-64.130666.compilation.droncit.flac16\garcia1963-2-23.t02.flac|Jerry's Breakdown
jg1961-64.130666.compilation.droncit.flac16\garcia1963-2-23.t03.flac|Standing in Need of Prayer
jg1961-64.130666.compilation.droncit.flac16\garcia1963-2-23.t04.flac|Muleskinner Blues
jg1961-64.130666.compilation.droncit.flac16\garcia1963-2-23.t05.flac|Saturday Night Shuffle
jg1961-64.130666.compilation.droncit.flac16\garcia1963-2-23.t06.flac|Pike County Breakdown
jg1961-64.130666.compilation.droncit.flac16\garcia1963-2-23.t07.flac|Little Sparrow (Come All Ye Fair aand Tender Maidens)
jg1961-64.130666.compilation.droncit.flac16\garcia1963-2-23.t08.flac|We Shall Not Be Moved
jg1961-64.130666.compilation.droncit.flac16\garcia1964-03-06.t01.flac|Salt Creek
jg1961-64.130666.compilation.droncit.flac16\garcia1964-03-06.t02.flac|Katie Kline
jg1961-64.130666.compilation.droncit.flac16\garcia1964-03-06.t03.flac|Homestead on the Farm
jg1961-64.130666.compilation.droncit.flac16\garcia1964-03-06.t04.flac|Barefoot Nellie
jg1961-64.130666.compilation.droncit.flac16\garcia1964-03-06.t05.flac|She's More To Be Pitied Than Scolded
jg1961-64.130666.compilation.droncit.flac16\garcia1964-03-06.t06.flac|They Lock Me up for Loving You
jg1961-64.130666.compilation.droncit.flac16\garcia1964-03-06.t07.flac|Somebody Touched Me
jg1961-64.130666.compilation.droncit.flac16\garcia1964-03-06.t08.flac|Who'll Sing for Me
jg1961-64.130666.compilation.droncit.flac16\garcia1964-03-06.t09.flac|Darling Aller// Lee
jg1961-64.130666.compilation.droncit.flac16\garcia1964-03-06.t10.flac|Set Break Instumental
jg1962-06-11.087474.shhs.aud.unknown.motb.0051.sbeok.t-flac16\shhs1962-06-11.motb.0051.d1t01.flac|tuning
jg1962-06-11.087474.shhs.aud.unknown.motb.0051.sbeok.t-flac16\shhs1962-06-11.motb.0051.d1t02.flac|Run Mountain
jg1962-06-11.087474.shhs.aud.unknown.motb.0051.sbeok.t-flac16\shhs1962-06-11.motb.0051.d1t03.flac|Billy Grimes, the Rover
jg1962-06-11.087474.shhs.aud.unknown.motb.0051.sbeok.t-flac16\shhs1962-06-11.motb.0051.d1t04.flac|Anybody got a capo
jg1962-06-11.087474.shhs.aud.unknown.motb.0051.sbeok.t-flac16\shhs1962-06-11.motb.0051.d1t05.flac|Cannonball Blues
jg1962-06-11.087474.shhs.aud.unknown.motb.0051.sbeok.t-flac16\shhs1962-06-11.motb.0051.d1t06.flac|banter
jg1962-06-11.087474.shhs.aud.unknown.motb.0051.sbeok.t-flac16\shhs1962-06-11.motb.0051.d1t07.flac|Devilish Mary
jg1962-06-11.087474.shhs.aud.unknown.motb.0051.sbeok.t-flac16\shhs1962-06-11.motb.0051.d1t08.flac|band introduction
jg1962-06-11.087474.shhs.aud.unknown.motb.0051.sbeok.t-flac16\shhs1962-06-11.motb.0051.d1t09.flac|Buckdancer's Choice
jg1962-06-11.087474.shhs.aud.unknown.motb.0051.sbeok.t-flac16\shhs1962-06-11.motb.0051.d1t10.flac|Little Birdie
jg1962-06-11.087474.shhs.aud.unknown.motb.0051.sbeok.t-flac16\shhs1962-06-11.motb.0051.d1t11.flac|Sally Goodin'
jg1962-06-11.087474.shhs.aud.unknown.motb.0051.sbeok.t-flac16\shhs1962-06-11.motb.0051.d1t12.flac|banter
jg1962-06-11.087474.shhs.aud.unknown.motb.0051.sbeok.t-flac16\shhs1962-06-11.motb.0051.d1t13.flac|Hold the Woodpile Down
jg1962-06-11.087474.shhs.aud.unknown.motb.0051.sbeok.t-flac16\shhs1962-06-11.motb.0051.d1t14.flac|tuning
jg1962-06-11.087474.shhs.aud.unknown.motb.0051.sbeok.t-flac16\shhs1962-06-11.motb.0051.d1t15.flac|Crow Black Chicken
jg1962-06-11.087474.shhs.aud.unknown.motb.0051.sbeok.t-flac16\shhs1962-06-11.motb.0051.d1t16.flac|banter
jg1962-06-11.087474.shhs.aud.unknown.motb.0051.sbeok.t-flac16\shhs1962-06-11.motb.0051.d1t17.flac|Legend of the Johnson Boys
jg1962-06-11.087474.shhs.aud.unknown.motb.0051.sbeok.t-flac16\shhs1962-06-11.motb.0051.d1t18.flac|banter
jg1962-06-11.087474.shhs.aud.unknown.motb.0051.sbeok.t-flac16\shhs1962-06-11.motb.0051.d1t19.flac|Shady Grove
jg1962-06-11.087474.shhs.aud.unknown.motb.0051.sbeok.t-flac16\shhs1962-06-11.motb.0051.d1t20.flac|banter
jg1962-06-11.087474.shhs.aud.unknown.motb.0051.sbeok.t-flac16\shhs1962-06-11.motb.0051.d1t21.flac|Hop High Ladies
jg1962-06-11.087474.shhs.aud.unknown.motb.0051.sbeok.t-flac16\shhs1962-06-11.motb.0051.d1t22.flac|tuning
jg1962-06-11.087474.shhs.aud.unknown.motb.0051.sbeok.t-flac16\shhs1962-06-11.motb.0051.d1t23.flac|Sweet Sunny South
jg1962-06-11.087474.shhs.aud.unknown.motb.0051.sbeok.t-flac16\shhs1962-06-11.motb.0051.d1t24.flac|banter
jg1962-06-11.087474.shhs.aud.unknown.motb.0051.sbeok.t-flac16\shhs1962-06-11.motb.0051.d1t25.flac|All Go Hungry Hash House
jg1962-06-11.087474.shhs.aud.unknown.motb.0051.sbeok.t-flac16\shhs1962-06-11.motb.0051.d1t26.flac|Man Of Constant Sorrow
jg1962-06-11.087474.shhs.aud.unknown.motb.0051.sbeok.t-flac16\shhs1962-06-11.motb.0051.d1t27.flac|banter
jg1962-06-11.087474.shhs.aud.unknown.motb.0051.sbeok.t-flac16\shhs1962-06-11.motb.0051.d1t28.flac|Rabbit Chase
jg1962-06-11.087474.shhs.aud.unknown.motb.0051.sbeok.t-flac16\shhs1962-06-11.motb.0051.d1t29.flac|Three Men Went A-Hunting
jg1962-06-11.087474.shhs.aud.unknown.motb.0051.sbeok.t-flac16\shhs1962-06-11.motb.0051.d2t01.flac|Blues Jam
jg1962-06-11.087474.shhs.aud.unknown.motb.0051.sbeok.t-flac16\shhs1962-06-11.motb.0051.d2t02.flac|Careless Love/In The Pines
jg1962-06-11.087474.shhs.aud.unknown.motb.0051.sbeok.t-flac16\shhs1962-06-11.motb.0051.d2t03.flac|Goin' To Chicago
jg1962-06-11.087474.shhs.aud.unknown.motb.0051.sbeok.t-flac16\shhs1962-06-11.motb.0051.d2t04.flac|99 Years
jg1962-06-11.087474.shhs.aud.unknown.motb.0051.sbeok.t-flac16\shhs1962-06-11.motb.0051.d2t05.flac|Blue Goose
jg1962-11-10,143683.csmff.aud.albin.miksis.t-flac16\101 Stage Introduction -_ The Sinking of the Reuben James.flac|The Sinking of the Reuben James
jg1962-11-10,143683.csmff.aud.albin.miksis.t-flac16\102 Old Man Atom.flac|Old Man Atom
jg1962-11-10,143683.csmff.aud.albin.miksis.t-flac16\103 unknown Indian folk song.flac|unknown Indian folk song
jg1962-11-10,143683.csmff.aud.albin.miksis.t-flac16\104 Georgie and the IRT.flac|Georgie and the IRT
jg1962-11-10,143683.csmff.aud.albin.miksis.t-flac16\105 Raga Puti Rama.flac|Raga Puti Rama
jg1962-11-10,143683.csmff.aud.albin.miksis.t-flac16\106 Little Birdie.flac|Little Birdie
jg1962-11-10,143683.csmff.aud.albin.miksis.t-flac16\107 Walking Boss.flac|Walking Boss
jg1962-11-10,143683.csmff.aud.albin.miksis.t-flac16\108 unknown Spanish song.flac|unknown Spanish song
jg1962-11-10,143683.csmff.aud.albin.miksis.t-flac16\109 My Bonny Laddie.flac|My Bonny Laddie
jg1962-11-10,143683.csmff.aud.albin.miksis.t-flac16\110 She Moved Through the Fair.flac|She Moved Through the Fair
jg1962-11-10,143683.csmff.aud.albin.miksis.t-flac16\111 The Keeper.flac|The Keeper
jg1962-11-10,143683.csmff.aud.albin.miksis.t-flac16\112 The Miller's Will.flac|The Miller's Will
jg1962-11-10,143683.csmff.aud.albin.miksis.t-flac16\113 Deep Elem Blues.flac|Deep Elem Blues
jg1962-11-10,143683.csmff.aud.albin.miksis.t-flac16\114 Will the Circle Be Unbroken.flac|Will the Circle Be Unbroken
jg1962-11-10,143683.csmff.aud.albin.miksis.t-flac16\115 I Truly Understand.flac|I Truly Understand
jg1962-11-10,143683.csmff.aud.albin.miksis.t-flac16\116 _Cousin Elmer_ comedy routine.flac|Cousin Elmer comedy routine
jg1962-11-10,143683.csmff.aud.albin.miksis.t-flac16\117 The Raging Sea, How it Roars.flac|The Raging Sea, How it Roars
jg1962-11-10,143683.csmff.aud.albin.miksis.t-flac16\118 Cannonball Blues.flac|Cannonball Blues
jg1962-11-10,143683.csmff.aud.albin.miksis.t-flac16\119 The Cuckoo.flac|The Cuckoo
jg1962-11-10,143683.csmff.aud.albin.miksis.t-flac16\120 Man of Constant Sorrow.flac|Man of Constant Sorrow
jg1962-11-10,143683.csmff.aud.albin.miksis.t-flac16\201 La Vie de la Macarena.flac|La Vie de la Macarena
jg1962-11-10,143683.csmff.aud.albin.miksis.t-flac16\202 Soleis.flac|Soleis
jg1962-11-10,143683.csmff.aud.albin.miksis.t-flac16\203 Little Birdie.flac|Little Birdie
jg1962-11-10,143683.csmff.aud.albin.miksis.t-flac16\204 False Sir John.flac|False Sir John
jg1962-11-10,143683.csmff.aud.albin.miksis.t-flac16\205 Black is the Color.flac|Black is the Color
jg1962-11-10,143683.csmff.aud.albin.miksis.t-flac16\206 I Am a Pilgrim.flac|I Am a Pilgrim
jg1962-11-10,143683.csmff.aud.albin.miksis.t-flac16\207 The Nightingale.flac|The Nightingale
jg1962-11-10,143683.csmff.aud.albin.miksis.t-flac16\208 unknown.flac|unknown
jg1962-11-10,143683.csmff.aud.albin.miksis.t-flac16\209 O No, John.flac|O No, John
jg1962-11-10,143683.csmff.aud.albin.miksis.t-flac16\210 Flemish folk song.flac|Flemish folk song
jg1962-11-10,143683.csmff.aud.albin.miksis.t-flac16\211 Lowlands Away.flac|Lowlands Away
jg1962-11-10,143683.csmff.aud.albin.miksis.t-flac16\212 Seventeen Come Sunday.flac|Seventeen Come Sunday
jg1962-11-10,143683.csmff.aud.albin.miksis.t-flac16\213 Oh Mary, Don't You Weep.flac|Oh Mary, Don't You Weep
jg1962-11-10,143683.csmff.aud.albin.miksis.t-flac16\214 Mary Hamilton.flac|Mary Hamilton
jg1962-11-10,143683.csmff.aud.albin.miksis.t-flac16\215 tuning_band introductions.flac|tuning/band introductions
jg1962-11-10,143683.csmff.aud.albin.miksis.t-flac16\216 Handsome Molly.flac|Handsome Molly
jg1962-11-10,143683.csmff.aud.albin.miksis.t-flac16\217 _Cosin Elmer_ comedy routine.flac|Cosin Elmer comedy routine
jg1962-11-10,143683.csmff.aud.albin.miksis.t-flac16\218 Pig in a Pen.flac|Pig in a Pen
jg1962-11-10,143683.csmff.aud.albin.miksis.t-flac16\219 Banks of the Ohio.flac|Banks of the Ohio
jg1962-11-10,143683.csmff.aud.albin.miksis.t-flac16\220 _Cousin Elmer_ comedy routine.flac|Cousin Elmer comedy routine
jg1962-11-10,143683.csmff.aud.albin.miksis.t-flac16\221 Roving Gambler.flac|Roving Gambler
jg1962-11-10,143683.csmff.aud.albin.miksis.t-flac16\222 Nine-Pound Hammer.flac|Nine-Pound Hammer
jg1962-11-10,143683.csmff.aud.albin.miksis.t-flac16\223 Salty Dog Blues.flac|Salty Dog Blues
jg1962-11-10,143683.csmff.aud.albin.miksis.t-flac16\224 Let Me Fly.flac|Let Me Fly
jg1962-11-10,143683.csmff.aud.albin.miksis.t-flac16\225 Rollin' Stone.flac|Rollin' Stone
jg1962-11-10,143683.csmff.aud.albin.miksis.t-flac16\226 If I Had a Hammer.flac|If I Had a Hammer
jg1962-11-10,143683.csmff.aud.albin.miksis.t-flac16\227 Jesse James (w_ Ken Armstrong on banjo).flac|Jesse James
jg1962-11-10,143683.csmff.aud.albin.miksis.t-flac16\228 unknown.flac|unknown
jg1962-11-10,143683.csmff.aud.albin.miksis.t-flac16\229 Scotch and Soda.flac|Scotch and Soda
jg1962-11-10,143683.csmff.aud.albin.miksis.t-flac16\230 Mountain Dew.flac|Mountain Dew
jg1963-02-23.004501.wb.aud.fm-mogol.sbeok.t-flac16\garcia1963-02-23t01.flac|introduction
jg1963-02-23.004501.wb.aud.fm-mogol.sbeok.t-flac16\garcia1963-02-23t02.flac|Rollin' in My Sweet Babys Arms
jg1963-02-23.004501.wb.aud.fm-mogol.sbeok.t-flac16\garcia1963-02-23t03.flac|Jerry's Breakdown
jg1963-02-23.004501.wb.aud.fm-mogol.sbeok.t-flac16\garcia1963-02-23t04.flac|Standing in the Need of Prayer
jg1963-02-23.004501.wb.aud.fm-mogol.sbeok.t-flac16\garcia1963-02-23t05.flac|Mule Skinner Blues
jg1963-02-23.004501.wb.aud.fm-mogol.sbeok.t-flac16\garcia1963-02-23t06.flac|Guitar Instrumental
jg1963-02-23.004501.wb.aud.fm-mogol.sbeok.t-flac16\garcia1963-02-23t07.flac|Pike County Breakdown
jg1963-02-23.004501.wb.aud.fm-mogol.sbeok.t-flac16\garcia1963-02-23t08.flac|Come All Ye Fair and Tender Maidens
jg1963-02-23.004501.wb.aud.fm-mogol.sbeok.t-flac16\garcia1963-02-23t09.flac|We Shall Not Be Moved
jg1963-05-04.013993.jgsg.fm.t-flac16\jg1963-05-04d1t01.flac|Deep Elem Blues
jg1963-05-04.013993.jgsg.fm.t-flac16\jg1963-05-04d1t02.flac|Will the Weaver
jg1963-05-04.013993.jgsg.fm.t-flac16\jg1963-05-04d1t03.flac|I Truly Understand
jg1963-05-04.013993.jgsg.fm.t-flac16\jg1963-05-04d1t04.flac|All the Good Times Are Passed and Gone
jg1963-05-04.013993.jgsg.fm.t-flac16\jg1963-05-04d1t05.flac|Long Black Veil
jg1963-05-04.013993.jgsg.fm.t-flac16\jg1963-05-04d1t06.flac|The Man Who Wrote Home Sweet Home Never Was a Married Man
jg1963-05-04.013993.jgsg.fm.t-flac16\jg1963-05-04d1t07.flac|Keno, the Rent Man
jg1963-05-04.013993.jgsg.fm.t-flac16\jg1963-05-04d1t08.flac|Foggy Mountain Top
jg1964-03-06.017914.bmb.sbd.backus-wagner.sbeok.t-flac16\bmb1964-03-06t01.flac|Salt Creek
jg1964-03-06.017914.bmb.sbd.backus-wagner.sbeok.t-flac16\bmb1964-03-06t02.flac|Katie Kline
jg1964-03-06.017914.bmb.sbd.backus-wagner.sbeok.t-flac16\bmb1964-03-06t03.flac|band introduction
jg1964-03-06.017914.bmb.sbd.backus-wagner.sbeok.t-flac16\bmb1964-03-06t04.flac|Homestead on the Farm
jg1964-03-06.017914.bmb.sbd.backus-wagner.sbeok.t-flac16\bmb1964-03-06t05.flac|banter
jg1964-03-06.017914.bmb.sbd.backus-wagner.sbeok.t-flac16\bmb1964-03-06t06.flac|Barefoot Nellie
jg1964-03-06.017914.bmb.sbd.backus-wagner.sbeok.t-flac16\bmb1964-03-06t07.flac|banter
jg1964-03-06.017914.bmb.sbd.backus-wagner.sbeok.t-flac16\bmb1964-03-06t08.flac|She's More to Be Pitied
jg1964-03-06.017914.bmb.sbd.backus-wagner.sbeok.t-flac16\bmb1964-03-06t09.flac|tuning
jg1964-03-06.017914.bmb.sbd.backus-wagner.sbeok.t-flac16\bmb1964-03-06t10.flac|Instrumental
jg1964-03-06.017914.bmb.sbd.backus-wagner.sbeok.t-flac16\bmb1964-03-06t11.flac|Somebody Touched Me
jg1964-03-06.017914.bmb.sbd.backus-wagner.sbeok.t-flac16\bmb1964-03-06t12.flac|banter
jg1964-03-06.017914.bmb.sbd.backus-wagner.sbeok.t-flac16\bmb1964-03-06t13.flac|Who Will Sing for Me
jg1964-03-06.017914.bmb.sbd.backus-wagner.sbeok.t-flac16\bmb1964-03-06t14.flac|Darling Alalee
jg1964-03-07.035142.bmb.sbd.sbeok.t-flac16\bmb64-03-07t01.flac|Happy Birthday
jg1964-03-07.035142.bmb.sbd.sbeok.t-flac16\bmb64-03-07t02.flac|Nine Pound Hammer
jg1964-03-07.035142.bmb.sbd.sbeok.t-flac16\bmb64-03-07t03.flac|Darling Alalee
jg1964-03-07.035142.bmb.sbd.sbeok.t-flac16\bmb64-03-07t04.flac|tuning
jg1964-03-07.035142.bmb.sbd.sbeok.t-flac16\bmb64-03-07t05.flac|Ocean of Diamonds
jg1964-03-07.127499.bmb.aud.flat.droncit.flac16\Garcia64-03-07.flat.droncit.t101.flac|tuning/banter
jg1964-03-07.127499.bmb.aud.flat.droncit.flac16\Garcia64-03-07.flat.droncit.t102.flac|Sourwood Mountain
jg1964-03-07.127499.bmb.aud.flat.droncit.flac16\Garcia64-03-07.flat.droncit.t103.flac|If I Lose
jg1964-03-07.127499.bmb.aud.flat.droncit.flac16\Garcia64-03-07.flat.droncit.t104.flac|Homestead on the Farm
jg1964-03-07.127499.bmb.aud.flat.droncit.flac16\Garcia64-03-07.flat.droncit.t105.flac|Pig in a Pen
jg1964-03-07.127499.bmb.aud.flat.droncit.flac16\Garcia64-03-07.flat.droncit.t106.flac|Once More
jg1964-03-07.127499.bmb.aud.flat.droncit.flac16\Garcia64-03-07.flat.droncit.t107.flac|Stoney Creek
jg1964-03-07.127499.bmb.aud.flat.droncit.flac16\Garcia64-03-07.flat.droncit.t108.flac|Two Little Boys
jg1964-03-07.127499.bmb.aud.flat.droncit.flac16\Garcia64-03-07.flat.droncit.t109.flac|Salty Dog
jg1964-03-07.127499.bmb.aud.flat.droncit.flac16\Garcia64-03-07.flat.droncit.t110.flac|Roselie Mc Fall
jg1964-03-07.127499.bmb.aud.flat.droncit.flac16\Garcia64-03-07.flat.droncit.t111.flac|Teardrops in My Eyes
jg1964-03-07.127499.bmb.aud.flat.droncit.flac16\Garcia64-03-07.flat.droncit.t112.flac|New River Train
jg1964-03-07.127499.bmb.aud.flat.droncit.flac16\Garcia64-03-07.flat.droncit.t113.flac|Love Please Come Home
jg1964-03-07.127499.bmb.aud.flat.droncit.flac16\Garcia64-03-07.flat.droncit.t114.flac|Make Me a Pallet on the Floor
jg1964-03-07.127499.bmb.aud.flat.droncit.flac16\Garcia64-03-07.flat.droncit.t115.flac|John Hardy outro//
jg1964-04-14.092079.banjo-lesson.aud.slabicky.sbeok.t-flac16\01 - Garcia1964-04-14 - Track01.flac|Banjo Lesson 01
jg1964-04-14.092079.banjo-lesson.aud.slabicky.sbeok.t-flac16\02 - Garcia1964-04-14 - Track02.flac|Banjo Lesson 02
jg1964-04-14.092079.banjo-lesson.aud.slabicky.sbeok.t-flac16\03 - Garcia1964-04-14 - Track03.flac|Banjo Lesson 03
jg1964-04-14.092079.banjo-lesson.aud.slabicky.sbeok.t-flac16\04 - Garcia1964-04-14 - Track04.flac|Banjo Lesson 04
jg1964-04-14.092079.banjo-lesson.aud.slabicky.sbeok.t-flac16\05 - Garcia1964-04-14 - Track05.flac|Banjo Lesson 05
jg1964-04-14.092079.banjo-lesson.aud.slabicky.sbeok.t-flac16\06 - Garcia1964-04-14 - Track06.flac|Banjo Lesson 06
jg1964-04-14.092079.banjo-lesson.aud.slabicky.sbeok.t-flac16\07 - Garcia1964-04-14 - Track07.flac|Banjo Lesson 07
jg1964-04-14.092079.banjo-lesson.aud.slabicky.sbeok.t-flac16\08 - Garcia1964-04-14 - Track08.flac|Banjo Lesson 08
jg1964-04-14.092079.banjo-lesson.aud.slabicky.sbeok.t-flac16\09 - Garcia1964-04-14 - Track09.flac|Banjo Lesson 09
jg1964-04-14.092079.banjo-lesson.aud.slabicky.sbeok.t-flac16\10 - Garcia1964-04-14 - Track10.flac|Banjo Lesson 10
jg1964-04-14.092079.banjo-lesson.aud.slabicky.sbeok.t-flac16\11 - Garcia1964-04-14 - Track11.flac|Banjo Lesson 11
jg1964-04-14.092079.banjo-lesson.aud.slabicky.sbeok.t-flac16\12 - Garcia1964-04-14 - Track12.flac|Banjo Lesson 12
jg1964-04-14.092079.banjo-lesson.aud.slabicky.sbeok.t-flac16\13 - Garcia1964-04-14 - Track13.flac|Banjo Lesson 13
jg1964-04-14.092079.banjo-lesson.aud.slabicky.sbeok.t-flac16\14 - Garcia1964-04-14 - Track14.flac|Banjo Lesson 14
jg1964-04-14.092079.banjo-lesson.aud.slabicky.sbeok.t-flac16\15 - Garcia1964-04-14 - Track15.flac|Banjo Lesson 15
jg1964-04-14.092079.banjo-lesson.aud.slabicky.sbeok.t-flac16\16 - Garcia1964-04-14 - Track16.flac|Banjo Lesson 16
jg1964-04-14.092079.banjo-lesson.aud.slabicky.sbeok.t-flac16\17 - Garcia1964-04-14 - Track17.flac|Banjo Lesson 17
jg1964-04-14.092079.banjo-lesson.aud.slabicky.sbeok.t-flac16\18 - Garcia1964-04-14 - Track18.flac|Banjo Lesson 18
jg1964-04-14.092079.banjo-lesson.aud.slabicky.sbeok.t-flac16\19 - Garcia1964-04-14 - Track19.flac|Banjo Lesson 19
jg1964-04-14.092079.banjo-lesson.aud.slabicky.sbeok.t-flac16\20 - Garcia1964-04-14 - Track20.flac|Banjo Lesson 20
jg1964-04-14.092079.banjo-lesson.aud.slabicky.sbeok.t-flac16\21 - Garcia1964-04-14 - Track21.flac|Banjo Lesson 21
jg1964-04-14.092079.banjo-lesson.aud.slabicky.sbeok.t-flac16\22 - Garcia1964-04-14 - Track22.flac|Banjo Lesson 22
jg1964-04-14.092079.banjo-lesson.aud.slabicky.sbeok.t-flac16\23 - Garcia1964-04-14 - Track23.flac|Banjo Lesson 23
jg1964-04-14.092079.banjo-lesson.aud.slabicky.sbeok.t-flac16\24 - Garcia1964-04-14 - Track24.flac|Banjo Lesson 24
jg1964-04-14.092079.banjo-lesson.aud.slabicky.sbeok.t-flac16\25 - Garcia1964-04-14 - Track25.flac|Banjo Lesson 25
jg1964-04-14.092079.banjo-lesson.aud.slabicky.sbeok.t-flac16\26 - Garcia1964-04-14 - Track26.flac|Banjo Lesson 26
jg1964-04-14.092079.banjo-lesson.aud.slabicky.sbeok.t-flac16\27 - Garcia1964-04-14 - Track27.flac|Banjo Lesson 27
jg1964-04-14.092079.banjo-lesson.aud.slabicky.sbeok.t-flac16\28 - Garcia1964-04-14 - Track28.flac|Banjo Lesson 28
jg1964-04-14.100020.banjo-lesson.aud.slabicky.goody.fix-92079.sbeok.t-flac16\01 - Garcia1964-04-14 - Track01.flac|Banjo Lesson 01
jg1964-04-14.100020.banjo-lesson.aud.slabicky.goody.fix-92079.sbeok.t-flac16\02 - Garcia1964-04-14 - Track02.flac|Banjo Lesson 02
jg1964-04-14.100020.banjo-lesson.aud.slabicky.goody.fix-92079.sbeok.t-flac16\03 - Garcia1964-04-14 - Track03.flac|Banjo Lesson 03
jg1964-04-14.100020.banjo-lesson.aud.slabicky.goody.fix-92079.sbeok.t-flac16\04 - Garcia1964-04-14 - Track04.flac|Banjo Lesson 04
jg1964-04-14.100020.banjo-lesson.aud.slabicky.goody.fix-92079.sbeok.t-flac16\05 - Garcia1964-04-14 - Track05.flac|Banjo Lesson 05
jg1964-04-14.100020.banjo-lesson.aud.slabicky.goody.fix-92079.sbeok.t-flac16\06 - Garcia1964-04-14 - Track06.flac|Banjo Lesson 06
jg1964-04-14.100020.banjo-lesson.aud.slabicky.goody.fix-92079.sbeok.t-flac16\07 - Garcia1964-04-14 - Track07.flac|Banjo Lesson 07
jg1964-04-14.100020.banjo-lesson.aud.slabicky.goody.fix-92079.sbeok.t-flac16\08 - Garcia1964-04-14 - Track08.flac|Banjo Lesson 08
jg1964-04-14.100020.banjo-lesson.aud.slabicky.goody.fix-92079.sbeok.t-flac16\09 - Garcia1964-04-14 - Track09.flac|Banjo Lesson 09
jg1964-04-14.100020.banjo-lesson.aud.slabicky.goody.fix-92079.sbeok.t-flac16\10 - Garcia1964-04-14 - Track10.flac|Banjo Lesson 10
jg1964-04-14.100020.banjo-lesson.aud.slabicky.goody.fix-92079.sbeok.t-flac16\11 - Garcia1964-04-14 - Track11.flac|Banjo Lesson 11
jg1964-04-14.100020.banjo-lesson.aud.slabicky.goody.fix-92079.sbeok.t-flac16\12 - Garcia1964-04-14 - Track12.flac|Banjo Lesson 12
jg1964-04-14.100020.banjo-lesson.aud.slabicky.goody.fix-92079.sbeok.t-flac16\13 - Garcia1964-04-14 - Track13.flac|Banjo Lesson 13
jg1964-04-14.100020.banjo-lesson.aud.slabicky.goody.fix-92079.sbeok.t-flac16\14 - Garcia1964-04-14 - Track14.flac|Banjo Lesson 14
jg1964-04-14.100020.banjo-lesson.aud.slabicky.goody.fix-92079.sbeok.t-flac16\15 - Garcia1964-04-14 - Track15.flac|Banjo Lesson 15
jg1964-04-14.100020.banjo-lesson.aud.slabicky.goody.fix-92079.sbeok.t-flac16\16 - Garcia1964-04-14 - Track16.flac|Banjo Lesson 16
jg1964-04-14.100020.banjo-lesson.aud.slabicky.goody.fix-92079.sbeok.t-flac16\17 - Garcia1964-04-14 - Track17.flac|Banjo Lesson 17
jg1964-04-14.100020.banjo-lesson.aud.slabicky.goody.fix-92079.sbeok.t-flac16\18 - Garcia1964-04-14 - Track18.flac|Banjo Lesson 18
jg1964-04-14.100020.banjo-lesson.aud.slabicky.goody.fix-92079.sbeok.t-flac16\19 - Garcia1964-04-14 - Track19.flac|Banjo Lesson 19
jg1964-04-14.100020.banjo-lesson.aud.slabicky.goody.fix-92079.sbeok.t-flac16\20 - Garcia1964-04-14 - Track20.flac|Banjo Lesson 20
jg1964-04-14.100020.banjo-lesson.aud.slabicky.goody.fix-92079.sbeok.t-flac16\21 - Garcia1964-04-14 - Track21.flac|Banjo Lesson 21
jg1964-04-14.100020.banjo-lesson.aud.slabicky.goody.fix-92079.sbeok.t-flac16\22 - Garcia1964-04-14 - Track22.flac|Banjo Lesson 22
jg1964-04-14.100020.banjo-lesson.aud.slabicky.goody.fix-92079.sbeok.t-flac16\23 - Garcia1964-04-14 - Track23.flac|Banjo Lesson 23
jg1964-04-14.100020.banjo-lesson.aud.slabicky.goody.fix-92079.sbeok.t-flac16\24 - Garcia1964-04-14 - Track24.flac|Banjo Lesson 24
jg1964-04-14.100020.banjo-lesson.aud.slabicky.goody.fix-92079.sbeok.t-flac16\25 - Garcia1964-04-14 - Track25.flac|Banjo Lesson 25
jg1964-04-14.100020.banjo-lesson.aud.slabicky.goody.fix-92079.sbeok.t-flac16\26 - Garcia1964-04-14 - Track26.flac|Banjo Lesson 26
jg1964-04-14.100020.banjo-lesson.aud.slabicky.goody.fix-92079.sbeok.t-flac16\27 - Garcia1964-04-14 - Track27.flac|Banjo Lesson 27
jg1964-04-14.100020.banjo-lesson.aud.slabicky.goody.fix-92079.sbeok.t-flac16\28 - Garcia1964-04-14 - Track28.flac|Banjo Lesson 28
jg1964-07-xx.012696.mmujc.t-flac16\gd64-07-00t1.flac|Beat It on Down the Line
jg1964-07-xx.012696.mmujc.t-flac16\gd64-07-00t2.flac|Yes She Do, No She Don't
jg1964-07-xx.012696.mmujc.t-flac16\gd64-07-00t3.flac|Borneo
jg1964-07-xx.012696.mmujc.t-flac16\gd64-07-00t4.flac|In the Jailhouse Now
jg1964-07-xx.012696.mmujc.t-flac16\gd64-07-00t5.flac|Monkey and the Engineer
jg1964-07-xx.012696.mmujc.t-flac16\gd64-07-00t6.flac|Big Fat Woman
jg1964-07-xx.012696.mmujc.t-flac16\gd64-07-00t7.flac|Memphis
jg1964-xx-xx.017838.wb.mouth.t-flac16\wb1964xx-xx_01-intros_tuning.flac|introduction
jg1964-xx-xx.017838.wb.mouth.t-flac16\wb1964xx-xx_02-jerrys_breakdown.flac|Jerry's Breakdown
jg1964-xx-xx.017838.wb.mouth.t-flac16\wb1964xx-xx_03-banter.flac|banter
jg1964-xx-xx.017838.wb.mouth.t-flac16\wb1964xx-xx_04-standing_in_the_need_of_prayer.flac|Standing in the Need of Prayer
jg1964-xx-xx.017838.wb.mouth.t-flac16\wb1964xx-xx_05-tuning.flac|tuning
jg1964-xx-xx.017838.wb.mouth.t-flac16\wb1964xx-xx_06-muleskinner_blues.flac|Mule Skinner Blues
jg1964-xx-xx.017838.wb.mouth.t-flac16\wb1964xx-xx_07-unenjoyment_banter.flac|Boo Break
jg1964-xx-xx.017838.wb.mouth.t-flac16\wb1964xx-xx_08-satisfied_with_my_gal.flac|Yes She Do, No She Don't
jg1964-xx-xx.017838.wb.mouth.t-flac16\wb1964xx-xx_09-intro_pig_pen.flac|Pig Pen introduction
jg1964-xx-xx.017838.wb.mouth.t-flac16\wb1964xx-xx_10-the_rub[1].flac|Ain't It Crazy
jg1964-xx-xx.035145.bmb.sbd.sbeok.t-flac16\bmb64-xx-xxt01.flac|Two Little Boys
jg1964-xx-xx.035145.bmb.sbd.sbeok.t-flac16\bmb64-xx-xxt02.flac|banter
jg1964-xx-xx.035145.bmb.sbd.sbeok.t-flac16\bmb64-xx-xxt03.flac|Salty Dog Blues
jg1964-xx-xx.035145.bmb.sbd.sbeok.t-flac16\bmb64-xx-xxt04.flac|banter
jg1964-xx-xx.035145.bmb.sbd.sbeok.t-flac16\bmb64-xx-xxt05.flac|Rosalie McFall
jg1967-03-xx.089961.interview.groenke.t-flac16\101Jerry1967MarchInterviewGDHouse.flac|electric banjo
jg1967-03-xx.089961.interview.groenke.t-flac16\102Jerry1967MarchInterviewGDHouse.flac|Jefferson Airplane
jg1967-03-xx.089961.interview.groenke.t-flac16\103Jerry1967MarchInterviewGDHouse.flac|San Francisco sound
jg1967-03-xx.089961.interview.groenke.t-flac16\104Jerry1967MarchInterviewGDHouse.flac|hippies
jg1967-03-xx.089961.interview.groenke.t-flac16\105Jerry1967MarchInterviewGDHouse.flac|Fillmore crowd
jg1967-03-xx.089961.interview.groenke.t-flac16\106Jerry1967MarchInterviewGDHouse.flac|Newsweek
jg1967-03-xx.089961.interview.groenke.t-flac16\107Jerry1967MarchInterviewGDHouse.flac|San Francisco scene
jg1967-03-xx.089961.interview.groenke.t-flac16\108Jerry1967MarchInterviewGDHouse.flac|Rock 'n' Roll
jg1967-03-xx.089961.interview.groenke.t-flac16\109Jerry1967MarchInterviewGDHouse.flac|Vietnam
jg1967-03-xx.089961.interview.groenke.t-flac16\110Jerry1967MarchInterviewGDHouse.flac|...these are conclusions I've just arrived at...
jg1967-03-xx.089961.interview.groenke.t-flac16\111Jerry1967MarchInterviewGDHouse.flac|Grateful Dead and politics
jg1967-03-xx.089961.interview.groenke.t-flac16\112Jerry1967MarchInterviewGDHouse.flac|New York
jg1967-03-xx.089961.interview.groenke.t-flac16\113Jerry1967MarchInterviewGDHouse.flac|things I like
jg1967-03-xx.089961.interview.groenke.t-flac16\114Jerry1967MarchInterviewGDHouse.flac|Matthew Katz
jg1967-03-xx.089961.interview.groenke.t-flac16\115Jerry1967MarchInterviewGDHouse.flac|radio stations
jg1967-03-xx.089961.interview.groenke.t-flac16\116Jerry1967MarchInterviewGDHouse.flac|first album
jg1967-03-xx.089961.interview.groenke.t-flac16\201Jerry1967MarchInterviewGDHouse.flac|future of San Francisco scene
jg1967-03-xx.089961.interview.groenke.t-flac16\202Jerry1967MarchInterviewGDHouse.flac|stolen equipment
jg1967-03-xx.089961.interview.groenke.t-flac16\203Jerry1967MarchInterviewGDHouse.flac|Haight Ashbury
jg1967-03-xx.089961.interview.groenke.t-flac16\204Jerry1967MarchInterviewGDHouse.flac|Hell's Angels
jg1967-03-xx.089961.interview.groenke.t-flac16\205Jerry1967MarchInterviewGDHouse.flac|equipment found
jg1967-03-xx.089961.interview.groenke.t-flac16\206Jerry1967MarchInterviewGDHouse.flac|Hell's Angels
jg1967-03-xx.089961.interview.groenke.t-flac16\207Jerry1967MarchInterviewGDHouse.flac|rejecting certain ideas
jg1967-03-xx.089961.interview.groenke.t-flac16\208Jerry1967MarchInterviewGDHouse.flac|police
jg1967-03-xx.089961.interview.groenke.t-flac16\209Jerry1967MarchInterviewGDHouse.flac|drugs
jg1967-03-xx.089961.interview.groenke.t-flac16\210Jerry1967MarchInterviewGDHouse.flac|old recordings
jg1967-03-xx.089961.interview.groenke.t-flac16\211Jerry1967MarchInterviewGDHouse.flac|banjo
jg1967-03-xx.089961.interview.groenke.t-flac16\212Jerry1967MarchInterviewGDHouse.flac|existentialism
jg1967-03-xx.089961.interview.groenke.t-flac16\213Jerry1967MarchInterviewGDHouse.flac|Blow Up
jg1967-03-xx.089961.interview.groenke.t-flac16\214Jerry1967MarchInterviewGDHouse.flac|Jim Marshall
jg1967-03-xx.089961.interview.groenke.t-flac16\215Jerry1967MarchInterviewGDHouse.flac|jazz
jg1967-03-xx.089961.interview.groenke.t-flac16\216Jerry1967MarchInterviewGDHouse.flac|stolen equipment
jg1967-03-xx.089961.interview.groenke.t-flac16\217Jerry1967MarchInterviewGDHouse.flac|Jerry's gun
jg1967-03-xx.089961.interview.groenke.t-flac16\218Jerry1967MarchInterviewGDHouse.flac|...where can I buy some .32 ammo?
jg1968-05-21.022727.tnj.sbd.miller.sbeok.t-flac16\jg1968-05-21d1t01.flac|Jam
jg1968-05-21.022727.tnj.sbd.miller.sbeok.t-flac16\jg1968-05-21d1t02.flac|Good Shepherd
jg1968-05-21.022727.tnj.sbd.miller.sbeok.t-flac16\jg1968-05-21d1t03.flac|Jam
jg1968-05-21.022727.tnj.sbd.miller.sbeok.t-flac16\jg1968-05-21d2t01.flac|My Babe
jg1968-05-21.022727.tnj.sbd.miller.sbeok.t-flac16\jg1968-05-21d2t02.flac|My Baby Told Me
jg1968-05-21.022727.tnj.sbd.miller.sbeok.t-flac16\jg1968-05-21d2t03.flac|Key to the Highway
jg1968-07-28.027968.gch.sbd.gans.sbeok.t-flac16\garcia-casady-hart1968-07-28t01.flac|3/5 of a Mile in 10 Seconds Jam
jg1968-07-28.137652.ghc.sbd.eaton.miller.t-flac16\gch1968-07-28.flac|3/5 of a Mile in 10 Seconds Jam
jg1968-10-08.017691.hartbeats.sbd.belaff.sbeok.t-flac16\gd68-10-08d1t01.flac|Clementine Jam
jg1968-10-08.017691.hartbeats.sbd.belaff.sbeok.t-flac16\gd68-10-08d1t02.flac|Clementine Jam
jg1968-10-08.017691.hartbeats.sbd.belaff.sbeok.t-flac16\gd68-10-08d1t03.flac|The Eleven Jam
jg1968-10-08.017691.hartbeats.sbd.belaff.sbeok.t-flac16\gd68-10-08d1t04.flac|Death Don't Have No Mercy
jg1968-10-08.017691.hartbeats.sbd.belaff.sbeok.t-flac16\gd68-10-08d1t05.flac|The Seven
jg1968-10-08.017691.hartbeats.sbd.belaff.sbeok.t-flac16\gd68-10-08d1t06.flac|Dark Star Jam
jg1968-10-08.017691.hartbeats.sbd.belaff.sbeok.t-flac16\gd68-10-08d1t07.flac|Cosmic Charlie
jg1968-10-08.017691.hartbeats.sbd.belaff.sbeok.t-flac16\gd68-10-08d2t01.flac|Next Time You See Me Jam
jg1968-10-08.017691.hartbeats.sbd.belaff.sbeok.t-flac16\gd68-10-08d2t02.flac|Jam
jg1968-10-08.017691.hartbeats.sbd.belaff.sbeok.t-flac16\gd68-10-08d2t03.flac|The Other One
jg1968-10-08.017691.hartbeats.sbd.belaff.sbeok.t-flac16\gd68-10-08d2t04.flac|Jam
jg1968-10-08.017691.hartbeats.sbd.belaff.sbeok.t-flac16\gd68-10-08d3t01.flac|Jam
jg1968-10-08.017691.hartbeats.sbd.belaff.sbeok.t-flac16\gd68-10-08d3t02.flac|Jam
jg1968-10-08.017691.hartbeats.sbd.belaff.sbeok.t-flac16\gd68-10-08d3t03.flac|Jam
jg1968-10-08.017691.hartbeats.sbd.belaff.sbeok.t-flac16\gd68-10-08d3t04.flac|Prisoner Blues
jg1968-10-08.017691.hartbeats.sbd.belaff.sbeok.t-flac16\gd68-10-08d3t05.flac|Jam
jg1968-10-08.141875.hartbeats.sbd.boswell.smith.sirmick.t-flac1648\hartbeats1968-10-08s1t01.flac|tuning
jg1968-10-08.141875.hartbeats.sbd.boswell.smith.sirmick.t-flac1648\hartbeats1968-10-08s1t02.flac|Clementine Jam
jg1968-10-08.141875.hartbeats.sbd.boswell.smith.sirmick.t-flac1648\hartbeats1968-10-08s1t03.flac|Clementine Jam >
jg1968-10-08.141875.hartbeats.sbd.boswell.smith.sirmick.t-flac1648\hartbeats1968-10-08s1t04.flac|The Eleven Jam >
jg1968-10-08.141875.hartbeats.sbd.boswell.smith.sirmick.t-flac1648\hartbeats1968-10-08s1t05.flac|Death Don't Have No Mercy
jg1968-10-08.141875.hartbeats.sbd.boswell.smith.sirmick.t-flac1648\hartbeats1968-10-08s1t06.flac|tuning
jg1968-10-08.141875.hartbeats.sbd.boswell.smith.sirmick.t-flac1648\hartbeats1968-10-08s1t07.flac|The Seven
jg1968-10-08.141875.hartbeats.sbd.boswell.smith.sirmick.t-flac1648\hartbeats1968-10-08s1t08.flac|tuning
jg1968-10-08.141875.hartbeats.sbd.boswell.smith.sirmick.t-flac1648\hartbeats1968-10-08s1t09.flac|Dark Star Jam >
jg1968-10-08.141875.hartbeats.sbd.boswell.smith.sirmick.t-flac1648\hartbeats1968-10-08s1t10.flac|Cosmic Charlie
jg1968-10-08.141875.hartbeats.sbd.boswell.smith.sirmick.t-flac1648\hartbeats1968-10-08s1t11.flac|Next Time You See Me Jam
jg1968-10-08.141875.hartbeats.sbd.boswell.smith.sirmick.t-flac1648\hartbeats1968-10-08s1t12.flac|Jam
jg1968-10-08.141875.hartbeats.sbd.boswell.smith.sirmick.t-flac1648\hartbeats1968-10-08s1t13.flac|The Other One Jam >
jg1968-10-08.141875.hartbeats.sbd.boswell.smith.sirmick.t-flac1648\hartbeats1968-10-08s1t14.flac|Jam
jg1968-10-08.141875.hartbeats.sbd.boswell.smith.sirmick.t-flac1648\hartbeats1968-10-08s2t01.flac|tuning
jg1968-10-08.141875.hartbeats.sbd.boswell.smith.sirmick.t-flac1648\hartbeats1968-10-08s2t02.flac|Jam
jg1968-10-08.141875.hartbeats.sbd.boswell.smith.sirmick.t-flac1648\hartbeats1968-10-08s2t03.flac|Jam
jg1968-10-08.141875.hartbeats.sbd.boswell.smith.sirmick.t-flac1648\hartbeats1968-10-08s2t04.flac|Jam
jg1968-10-08.141875.hartbeats.sbd.boswell.smith.sirmick.t-flac1648\hartbeats1968-10-08s2t05.flac|Prisoner Blues
jg1968-10-08.141875.hartbeats.sbd.boswell.smith.sirmick.t-flac1648\hartbeats1968-10-08s2t06.flac|Jam
jg1968-10-08.mtx.GEMS\gd1968-10-08.GEMS.track.01.flac|Clementine Jam
jg1968-10-08.mtx.GEMS\gd1968-10-08.GEMS.track.02.flac|Clementine Jam
jg1968-10-08.mtx.GEMS\gd1968-10-08.GEMS.track.03.flac|The Eleven Jam
jg1968-10-08.mtx.GEMS\gd1968-10-08.GEMS.track.04.flac|Death Don't Have No Mercy
jg1968-10-08.mtx.GEMS\gd1968-10-08.GEMS.track.05.flac|The Seven
jg1968-10-08.mtx.GEMS\gd1968-10-08.GEMS.track.06.flac|Dark Star Jam
jg1968-10-08.mtx.GEMS\gd1968-10-08.GEMS.track.07.flac|Cosmic Charlie
jg1968-10-08.mtx.GEMS\gd1968-10-08.GEMS.track.08.flac|Next Time You See Me Jam
jg1968-10-08.mtx.GEMS\gd1968-10-08.GEMS.track.09.flac|jam
jg1968-10-08.mtx.GEMS\gd1968-10-08.GEMS.track.10.flac|The Other One >
jg1968-10-08.mtx.GEMS\gd1968-10-08.GEMS.track.11.flac|jam
jg1968-10-08.mtx.GEMS\gd1968-10-08.GEMS.track.12.flac|jam
jg1968-10-08.mtx.GEMS\gd1968-10-08.GEMS.track.13.flac|jam
jg1968-10-08.mtx.GEMS\gd1968-10-08.GEMS.track.14.flac|jam
jg1968-10-08.mtx.GEMS\gd1968-10-08.GEMS.track.15.flac|Prisoner Blues
jg1968-10-08.mtx.GEMS\gd1968-10-08.GEMS.track.16.flac|jam
jg1968-10-10.004513.hartbeats.sbd.miller-ladner.sbeok.t-flac16\gd1968-10-10d1t01.flac|Jam
jg1968-10-10.004513.hartbeats.sbd.miller-ladner.sbeok.t-flac16\gd1968-10-10d1t02.flac|It's A Sin
jg1968-10-10.004513.hartbeats.sbd.miller-ladner.sbeok.t-flac16\gd1968-10-10d1t03.flac|Next Time You See Me Jam
jg1968-10-10.004513.hartbeats.sbd.miller-ladner.sbeok.t-flac16\gd1968-10-10d1t04.flac|The Rub Jam
jg1968-10-10.004513.hartbeats.sbd.miller-ladner.sbeok.t-flac16\gd1968-10-10d1t05.flac|Look On Yonder Wall
jg1968-10-10.004513.hartbeats.sbd.miller-ladner.sbeok.t-flac16\gd1968-10-10d2t01.flac|Jam
jg1968-10-10.004513.hartbeats.sbd.miller-ladner.sbeok.t-flac16\gd1968-10-10d2t02.flac|Turn On Your Lovelight Jam
jg1968-10-10.004513.hartbeats.sbd.miller-ladner.sbeok.t-flac16\gd1968-10-10d2t03.flac|Drums
jg1968-10-10.004513.hartbeats.sbd.miller-ladner.sbeok.t-flac16\gd1968-10-10d2t04.flac|Jam
jg1968-10-10.004513.hartbeats.sbd.miller-ladner.sbeok.t-flac16\gd1968-10-10d2t05.flac|Death Don't Have No Mercy
jg1968-10-10.004513.hartbeats.sbd.miller-ladner.sbeok.t-flac16\gd1968-10-10d3t01.flac|Dark Star Jam
jg1968-10-10.004513.hartbeats.sbd.miller-ladner.sbeok.t-flac16\gd1968-10-10d3t02.flac|The Eleven Jam
jg1968-10-10.004513.hartbeats.sbd.miller-ladner.sbeok.t-flac16\gd1968-10-10d3t03.flac|The Seven
jg1968-10-10.005186.hartbeats.sbd.hollister-konstantin-hoelter.sbeok.t-flac16\gd68-10-10d1t01.flac|Jam
jg1968-10-10.005186.hartbeats.sbd.hollister-konstantin-hoelter.sbeok.t-flac16\gd68-10-10d1t02.flac|Lovelight Jam
jg1968-10-10.005186.hartbeats.sbd.hollister-konstantin-hoelter.sbeok.t-flac16\gd68-10-10d1t03.flac|Drums
jg1968-10-10.005186.hartbeats.sbd.hollister-konstantin-hoelter.sbeok.t-flac16\gd68-10-10d1t04.flac|Jam
jg1968-10-10.005186.hartbeats.sbd.hollister-konstantin-hoelter.sbeok.t-flac16\gd68-10-10d1t05.flac|The Other One Jam
jg1968-10-10.005186.hartbeats.sbd.hollister-konstantin-hoelter.sbeok.t-flac16\gd68-10-10d1t06.flac|Jam
jg1968-10-10.005186.hartbeats.sbd.hollister-konstantin-hoelter.sbeok.t-flac16\gd68-10-10d1t07.flac|Death Don't Have No Mercy
jg1968-10-10.005186.hartbeats.sbd.hollister-konstantin-hoelter.sbeok.t-flac16\gd68-10-10d2t01.flac|'It's in the Book'
jg1968-10-10.005186.hartbeats.sbd.hollister-konstantin-hoelter.sbeok.t-flac16\gd68-10-10d2t02.flac|Dark Star Jam
jg1968-10-10.005186.hartbeats.sbd.hollister-konstantin-hoelter.sbeok.t-flac16\gd68-10-10d2t03.flac|The Eleven Jam
jg1968-10-10.005186.hartbeats.sbd.hollister-konstantin-hoelter.sbeok.t-flac16\gd68-10-10d2t04.flac|The Seven
jg1968-10-10.005186.hartbeats.sbd.hollister-konstantin-hoelter.sbeok.t-flac16\gd68-10-10d2t05.flac|Jam
jg1968-10-10.005186.hartbeats.sbd.hollister-konstantin-hoelter.sbeok.t-flac16\gd68-10-10d3t01.flac|It's a Sin
jg1968-10-10.005186.hartbeats.sbd.hollister-konstantin-hoelter.sbeok.t-flac16\gd68-10-10d3t02.flac|break with chatter
jg1968-10-10.005186.hartbeats.sbd.hollister-konstantin-hoelter.sbeok.t-flac16\gd68-10-10d3t03.flac|Next Time Jam
jg1968-10-10.005186.hartbeats.sbd.hollister-konstantin-hoelter.sbeok.t-flac16\gd68-10-10d3t04.flac|The Rub Jam
jg1968-10-10.005186.hartbeats.sbd.hollister-konstantin-hoelter.sbeok.t-flac16\gd68-10-10d3t05.flac|Look on Yonder Wall
jg1968-10-10.005186.hartbeats.sbd.hollister-konstantin-hoelter.sbeok.t-flac16\gd68-10-10d3t06.flac|Jam
jg1968-10-10.142425.hartbeats.sbd.dalton.miller.sirmick.t-flac1648\hartbeats1968-10-10t01.flac|Jam
jg1968-10-10.142425.hartbeats.sbd.dalton.miller.sirmick.t-flac1648\hartbeats1968-10-10t02.flac|It's a Sin
jg1968-10-10.142425.hartbeats.sbd.dalton.miller.sirmick.t-flac1648\hartbeats1968-10-10t03.flac|Next Time You See Me Jam
jg1968-10-10.142425.hartbeats.sbd.dalton.miller.sirmick.t-flac1648\hartbeats1968-10-10t04.flac|Ain't It Crazy Jam
jg1968-10-10.142425.hartbeats.sbd.dalton.miller.sirmick.t-flac1648\hartbeats1968-10-10t05.flac|Look on Yonder Wall
jg1968-10-10.142425.hartbeats.sbd.dalton.miller.sirmick.t-flac1648\hartbeats1968-10-10t06.flac|New Potato Caboose  Jam
jg1968-10-10.142425.hartbeats.sbd.dalton.miller.sirmick.t-flac1648\hartbeats1968-10-10t07.flac|Turn On Your Lovelight Jam >
jg1968-10-10.142425.hartbeats.sbd.dalton.miller.sirmick.t-flac1648\hartbeats1968-10-10t08.flac|Death Don't Have No Mercy
jg1968-10-10.142425.hartbeats.sbd.dalton.miller.sirmick.t-flac1648\hartbeats1968-10-10t09.flac|Dark Star Jam >
jg1968-10-10.142425.hartbeats.sbd.dalton.miller.sirmick.t-flac1648\hartbeats1968-10-10t10.flac|The Eleven Jam >
jg1968-10-10.142425.hartbeats.sbd.dalton.miller.sirmick.t-flac1648\hartbeats1968-10-10t11.flac|The Seven
jg1968-10-21.146189.hartbeats.sbd.knudsen-gems.fulton.t-flac2448\t01.flac|Jam
jg1968-10-21.146189.hartbeats.sbd.knudsen-gems.fulton.t-flac2448\t02.flac|Jam
jg1968-10-21.146189.hartbeats.sbd.knudsen-gems.fulton.t-flac2448\t03.flac|Jam
jg1968-10-21.146189.hartbeats.sbd.knudsen-gems.fulton.t-flac2448\t04.flac|Jam
jg1968-10-21.146189.hartbeats.sbd.knudsen-gems.fulton.t-flac2448\t05.flac|Jam
jg1968-10-30.001205.hartbeats.sbd.sacks.sbeok.t-flac16\gd68-10-30d1t01.flac|Tuning
jg1968-10-30.001205.hartbeats.sbd.sacks.sbeok.t-flac16\gd68-10-30d1t02.flac|Dark Star Jam
jg1968-10-30.001205.hartbeats.sbd.sacks.sbeok.t-flac16\gd68-10-30d1t03.flac|Death Letter Blues
jg1968-10-30.001205.hartbeats.sbd.sacks.sbeok.t-flac16\gd68-10-30d1t04.flac|Fate Music talk
jg1968-10-30.001205.hartbeats.sbd.sacks.sbeok.t-flac16\gd68-10-30d1t05.flac|The Other One Jam
jg1968-10-30.001205.hartbeats.sbd.sacks.sbeok.t-flac16\gd68-10-30d2t01.flac|Tuning
jg1968-10-30.001205.hartbeats.sbd.sacks.sbeok.t-flac16\gd68-10-30d2t02.flac|Saint Stephen Jam
jg1968-10-30.001205.hartbeats.sbd.sacks.sbeok.t-flac16\gd68-10-30d2t03.flac|Jam (Other One esque)
jg1968-10-30.001205.hartbeats.sbd.sacks.sbeok.t-flac16\gd68-10-30d2t04.flac|Turn On Your Lovelight Jam
jg1968-10-30.001205.hartbeats.sbd.sacks.sbeok.t-flac16\gd68-10-30d2t05.flac|Jam
jg1968-10-30.001205.hartbeats.sbd.sacks.sbeok.t-flac16\gd68-10-30d2t06.flac|Jam
jg1968-10-30.001205.hartbeats.sbd.sacks.sbeok.t-flac16\gd68-10-30d2t07.flac|The Eleven Jam
jg1968-10-30.001205.hartbeats.sbd.sacks.sbeok.t-flac16\gd68-10-30d2t08.flac|Death Don't Have No Mercy > Jam
jg1968-10-30.001205.hartbeats.sbd.sacks.sbeok.t-flac16\gd68-10-30d2t09.flac|Prisoner Blues
jg1968-10-30.001205.hartbeats.sbd.sacks.sbeok.t-flac16\gd68-10-30d3t01.flac|Blues Jam
jg1968-10-30.001205.hartbeats.sbd.sacks.sbeok.t-flac16\gd68-10-30d3t02.flac|Baby Please Come Back to Me
jg1968-10-30.001205.hartbeats.sbd.sacks.sbeok.t-flac16\gd68-10-30d3t03.flac|Jam
jg1968-10-30.001205.hartbeats.sbd.sacks.sbeok.t-flac16\gd68-10-30d3t04.flac|Talking, tuning
jg1968-10-30.001205.hartbeats.sbd.sacks.sbeok.t-flac16\gd68-10-30d3t05.flac|Dark Star Jam
jg1968-10-30.112737.hartbeats.sbd.GEMS-smith.t-flac24\gd1968-10-30.GEMS.track.(01).flac|tuning
jg1968-10-30.112737.hartbeats.sbd.GEMS-smith.t-flac24\gd1968-10-30.GEMS.track.(02).flac|Dark Star Jam
jg1968-10-30.112737.hartbeats.sbd.GEMS-smith.t-flac24\gd1968-10-30.GEMS.track.(03).flac|Death Letter Blues
jg1968-10-30.112737.hartbeats.sbd.GEMS-smith.t-flac24\gd1968-10-30.GEMS.track.(04).flac|Fate Music talk
jg1968-10-30.112737.hartbeats.sbd.GEMS-smith.t-flac24\gd1968-10-30.GEMS.track.(05).flac|The Other One Jam >
jg1968-10-30.112737.hartbeats.sbd.GEMS-smith.t-flac24\gd1968-10-30.GEMS.track.(06).flac|St. Stephen noodle >
jg1968-10-30.112737.hartbeats.sbd.GEMS-smith.t-flac24\gd1968-10-30.GEMS.track.(07).flac|Turn On Your Lovelight Jam
jg1968-10-30.112737.hartbeats.sbd.GEMS-smith.t-flac24\gd1968-10-30.GEMS.track.(08).flac|tuning
jg1968-10-30.112737.hartbeats.sbd.GEMS-smith.t-flac24\gd1968-10-30.GEMS.track.(09).flac|Jam >
jg1968-10-30.112737.hartbeats.sbd.GEMS-smith.t-flac24\gd1968-10-30.GEMS.track.(10).flac|Jam
jg1968-10-30.112737.hartbeats.sbd.GEMS-smith.t-flac24\gd1968-10-30.GEMS.track.(11).flac|The Eleven Jam >
jg1968-10-30.112737.hartbeats.sbd.GEMS-smith.t-flac24\gd1968-10-30.GEMS.track.(12).flac|Death Don't Have No Mercy
jg1968-10-30.112737.hartbeats.sbd.GEMS-smith.t-flac24\gd1968-10-30.GEMS.track.(13).flac|tuning
jg1968-10-30.112737.hartbeats.sbd.GEMS-smith.t-flac24\gd1968-10-30.GEMS.track.(14).flac|Jam
jg1968-10-30.112737.hartbeats.sbd.GEMS-smith.t-flac24\gd1968-10-30.GEMS.track.(15).flac|Baby Please
jg1968-10-30.112737.hartbeats.sbd.GEMS-smith.t-flac24\gd1968-10-30.GEMS.track.(16).flac|Jam
jg1968-10-30.112737.hartbeats.sbd.GEMS-smith.t-flac24\gd1968-10-30.GEMS.track.(17).flac|tuning
jg1968-10-30.112737.hartbeats.sbd.GEMS-smith.t-flac24\gd1968-10-30.GEMS.track.(18).flac|Dark Star Jam
jg1968-10-30.116833.hartbeats.sbd.moore-berger.t-flac24\gd68-10-30d1t01.flac|Dark Star Jam>
jg1968-10-30.116833.hartbeats.sbd.moore-berger.t-flac24\gd68-10-30d1t02.flac|Death Letter Blues
jg1968-10-30.116833.hartbeats.sbd.moore-berger.t-flac24\gd68-10-30d1t03.flac|Other One Jam/
jg1968-10-30.116833.hartbeats.sbd.moore-berger.t-flac24\gd68-10-30d1t04.flac|Saint Stephen Jam>
jg1968-10-30.116833.hartbeats.sbd.moore-berger.t-flac24\gd68-10-30d1t05.flac|Lovelight Jam
jg1968-10-30.116833.hartbeats.sbd.moore-berger.t-flac24\gd68-10-30d1t06.flac|Jam>
jg1968-10-30.116833.hartbeats.sbd.moore-berger.t-flac24\gd68-10-30d1t07.flac|Eleven Jam>
jg1968-10-30.116833.hartbeats.sbd.moore-berger.t-flac24\gd68-10-30d1t08.flac|Death Don't Have No Mercy
jg1968-10-30.142342.hartbeats.sbd.dalton.miller.sirmick.t-flac1648\hartbeats1968-10-30t01.flac|tuning
jg1968-10-30.142342.hartbeats.sbd.dalton.miller.sirmick.t-flac1648\hartbeats1968-10-30t02.flac|Dark Star Jam >
jg1968-10-30.142342.hartbeats.sbd.dalton.miller.sirmick.t-flac1648\hartbeats1968-10-30t03.flac|Death Letter Blues
jg1968-10-30.142342.hartbeats.sbd.dalton.miller.sirmick.t-flac1648\hartbeats1968-10-30t04.flac|The Other One Jam > 
jg1968-10-30.142342.hartbeats.sbd.dalton.miller.sirmick.t-flac1648\hartbeats1968-10-30t05.flac|Saint Stephen Jam >
jg1968-10-30.142342.hartbeats.sbd.dalton.miller.sirmick.t-flac1648\hartbeats1968-10-30t06.flac|Turn On Your Lovelight Jam
jg1968-10-30.142342.hartbeats.sbd.dalton.miller.sirmick.t-flac1648\hartbeats1968-10-30t07.flac|tuning
jg1968-10-30.142342.hartbeats.sbd.dalton.miller.sirmick.t-flac1648\hartbeats1968-10-30t08.flac|Clementine Jam >
jg1968-10-30.142342.hartbeats.sbd.dalton.miller.sirmick.t-flac1648\hartbeats1968-10-30t09.flac|The Eleven Jam >
jg1968-10-30.142342.hartbeats.sbd.dalton.miller.sirmick.t-flac1648\hartbeats1968-10-30t10.flac|Death Don't Have No Mercy
jg1968-10-30.142342.hartbeats.sbd.dalton.miller.sirmick.t-flac1648\hartbeats1968-10-30t11.flac|Jam
jg1968-10-30.142342.hartbeats.sbd.dalton.miller.sirmick.t-flac1648\hartbeats1968-10-30t12.flac|Prisoner of Love
jg1968-10-30.142342.hartbeats.sbd.dalton.miller.sirmick.t-flac1648\hartbeats1968-10-30t13.flac|Clementine Jam
jg1968-10-30.142342.hartbeats.sbd.dalton.miller.sirmick.t-flac1648\hartbeats1968-10-30t14.flac|tuning
jg1968-10-30.142342.hartbeats.sbd.dalton.miller.sirmick.t-flac1648\hartbeats1968-10-30t15.flac|Dark Star Jam
jg1968-12-16.004529.hartbeats.sbd.unknown.sbeok.t-flac16\gd1968-12-16d1t01.flac|Jam
jg1968-12-16.004529.hartbeats.sbd.unknown.sbeok.t-flac16\gd1968-12-16d2t01.flac|Jam > Jam
jg1968-12-16.097296.hartbeats.sbd.smith.sbeok.t-flac16\jg1968-12-16d1t01.flac|Jam
jg1968-12-16.097296.hartbeats.sbd.smith.sbeok.t-flac16\jg1968-12-16d2t01.flac|Jam
jg1968-12-24.009475.hartbeats.sbd.vernon.sbeok.t-flac16\gd68-12-24d1t01.flac|Jam
jg1968-12-24.025136.jghmb.sbd.theotherwayne.sbeok.t-flac16\jg1968-12-24_NEWD1T01.flac|Jam
jg1968-12-24.025136.jghmb.sbd.theotherwayne.sbeok.t-flac16\jg1968-12-24_NEWD1T02.flac|Jam
jg1968-12-24.025136.jghmb.sbd.theotherwayne.sbeok.t-flac16\jg1968-12-24_NEWD1T03.flac|Don't Fight It
jg1968-12-24.025136.jghmb.sbd.theotherwayne.sbeok.t-flac16\jg1968-12-24_NEWD1T04.flac|Three O'Clock in the Morning
jg1968-12-24.025136.jghmb.sbd.theotherwayne.sbeok.t-flac16\jg1968-12-24_NEWD1T05.flac|Mojo Worker
jg1968-12-24.025136.jghmb.sbd.theotherwayne.sbeok.t-flac16\jg1968-12-24_NEWD1T06.flac|Jam
jg1968-12-24.082321.jghmb.sbd.tiedrich.sbeok.t-flac16\jghmb-1968-12-24-d1t1.flac|Jam
jg1968-12-24.082321.jghmb.sbd.tiedrich.sbeok.t-flac16\jghmb-1968-12-24-d1t2.flac|Don't Fight It
jg1968-12-24.082321.jghmb.sbd.tiedrich.sbeok.t-flac16\jghmb-1968-12-24-d1t3.flac|Three O'Clock in the Morning
jg1968-12-24.082321.jghmb.sbd.tiedrich.sbeok.t-flac16\jghmb-1968-12-24-d2t1.flac|Mojo Worker/Jam
jg1968-12-24.082321.jghmb.sbd.tiedrich.sbeok.t-flac16\jghmb-1968-12-24-d2t2.flac|You're Gonna Need Me
jg1968-12-24.082321.jghmb.sbd.tiedrich.sbeok.t-flac16\jghmb-1968-12-24-d2t3.flac|Raise Your Hand
jg1968-xx-xx.028077.hartbeats.sbd.parrishmysteryfragments.t-flac16\gd1968-xx-xxt01.flac|Jam
jg1968-xx-xx.028077.hartbeats.sbd.parrishmysteryfragments.t-flac16\gd1968-xx-xxt02.flac|Jam
jg1969-02-19.006390.gn.sbd.lai.sbefail.t-flac16\jgb1969-02-19t101.flac|Instrumental
jg1969-02-19.006390.gn.sbd.lai.sbefail.t-flac16\jgb1969-02-19t102.flac|On and On
jg1969-02-19.006390.gn.sbd.lai.sbefail.t-flac16\jgb1969-02-19t103.flac|Walls of Time
jg1969-02-19.006390.gn.sbd.lai.sbefail.t-flac16\jgb1969-02-19t104.flac|Pike County Breakdown
jg1969-02-19.006390.gn.sbd.lai.sbefail.t-flac16\jgb1969-02-19t105.flac|Teardrops in My Eyes
jg1969-02-19.006390.gn.sbd.lai.sbefail.t-flac16\jgb1969-02-19t106.flac|Big River
jg1969-02-19.006390.gn.sbd.lai.sbefail.t-flac16\jgb1969-02-19t107.flac|Working on a Building
jg1969-02-19.006390.gn.sbd.lai.sbefail.t-flac16\jgb1969-02-19t108.flac|Brand New Shoes
jg1969-02-19.006390.gn.sbd.lai.sbefail.t-flac16\jgb1969-02-19t109.flac|Soldier's Joy
jg1969-02-19.006390.gn.sbd.lai.sbefail.t-flac16\jgb1969-02-19t110.flac|Swing Low, Sweet Chariot
jg1969-02-19.006390.gn.sbd.lai.sbefail.t-flac16\jgb1969-02-19t111.flac|I'm Blue, I'm Lonesome
jg1969-02-19.006390.gn.sbd.lai.sbefail.t-flac16\jgb1969-02-19t112.flac|Bluegrass Stomp
jg1969-02-19.006390.gn.sbd.lai.sbefail.t-flac16\jgb1969-02-19t113.flac|I Wonder Where You Are Tonight
jg1969-02-19.006390.gn.sbd.lai.sbefail.t-flac16\jgb1969-02-19t114.flac|Instrumental
jg1969-02-19.006390.gn.sbd.lai.sbefail.t-flac16\jgb1969-02-19t115.flac|Live and Let Live
jg1969-02-19.006390.gn.sbd.lai.sbefail.t-flac16\jgb1969-02-19t116.flac|Foggy Mountain Breakdown
jg1969-02-19.006390.gn.sbd.lai.sbefail.t-flac16\jgb1969-02-19t117.flac|You Win Again
jg1969-02-19.006390.gn.sbd.lai.sbefail.t-flac16\jgb1969-02-19t118.flac|The Bottle Let Me Down
jg1969-02-19.006390.gn.sbd.lai.sbefail.t-flac16\jgb1969-02-19t119.flac|Why Don't You Love Me (Like You Used to Do)?
jg1969-02-19.006390.gn.sbd.lai.sbefail.t-flac16\jgb1969-02-19t120.flac|Riot in Cell Block #9
jg1969-02-19.082039.gn.sbd.unknown.sbeok.t-flac16\jg1969-02-19t01.flac|Instrumental
jg1969-02-19.082039.gn.sbd.unknown.sbeok.t-flac16\jg1969-02-19t02.flac|On and On
jg1969-02-19.082039.gn.sbd.unknown.sbeok.t-flac16\jg1969-02-19t03.flac|Walls of Time
jg1969-02-19.082039.gn.sbd.unknown.sbeok.t-flac16\jg1969-02-19t04.flac|Pike County Breakdown
jg1969-02-19.082039.gn.sbd.unknown.sbeok.t-flac16\jg1969-02-19t05.flac|Teardrops in My Eyes
jg1969-02-19.082039.gn.sbd.unknown.sbeok.t-flac16\jg1969-02-19t06.flac|Big River
jg1969-02-19.082039.gn.sbd.unknown.sbeok.t-flac16\jg1969-02-19t07.flac|Working on a Building
jg1969-02-19.082039.gn.sbd.unknown.sbeok.t-flac16\jg1969-02-19t08.flac|Brand New Shoes
jg1969-02-19.082039.gn.sbd.unknown.sbeok.t-flac16\jg1969-02-19t09.flac|Soldier's Joy
jg1969-02-19.082039.gn.sbd.unknown.sbeok.t-flac16\jg1969-02-19t10.flac|Swing Low, Sweet Chariot
jg1969-02-19.082039.gn.sbd.unknown.sbeok.t-flac16\jg1969-02-19t11.flac|I'm Blue, I'm Lonsome
jg1969-02-19.082039.gn.sbd.unknown.sbeok.t-flac16\jg1969-02-19t12.flac|Bluegrass Stomp
jg1969-02-19.082039.gn.sbd.unknown.sbeok.t-flac16\jg1969-02-19t13.flac|I Wonder Where You Are Tonight
jg1969-02-19.082039.gn.sbd.unknown.sbeok.t-flac16\jg1969-02-19t14.flac|Instrumental
jg1969-02-19.082039.gn.sbd.unknown.sbeok.t-flac16\jg1969-02-19t15.flac|Live and Let Live
jg1969-02-19.082039.gn.sbd.unknown.sbeok.t-flac16\jg1969-02-19t16.flac|Foggy Mountain Breakdown
jg1969-02-19.113810.gn.sbd.smith.boswell.t-flac16\jg1969-02-19t01.flac|tuning
jg1969-02-19.113810.gn.sbd.smith.boswell.t-flac16\jg1969-02-19t02.flac|Instrumental
jg1969-02-19.113810.gn.sbd.smith.boswell.t-flac16\jg1969-02-19t03.flac|On and On
jg1969-02-19.113810.gn.sbd.smith.boswell.t-flac16\jg1969-02-19t04.flac|Walls of Time
jg1969-02-19.113810.gn.sbd.smith.boswell.t-flac16\jg1969-02-19t05.flac|Pike County Breakdown
jg1969-02-19.113810.gn.sbd.smith.boswell.t-flac16\jg1969-02-19t06.flac|Teardrops in My Eyes
jg1969-02-19.113810.gn.sbd.smith.boswell.t-flac16\jg1969-02-19t07.flac|Big River
jg1969-02-19.113810.gn.sbd.smith.boswell.t-flac16\jg1969-02-19t08.flac|Working on a Building
jg1969-02-19.113810.gn.sbd.smith.boswell.t-flac16\jg1969-02-19t09.flac|Brand New Shoes
jg1969-02-19.113810.gn.sbd.smith.boswell.t-flac16\jg1969-02-19t10.flac|Soldier's Joy
jg1969-02-19.113810.gn.sbd.smith.boswell.t-flac16\jg1969-02-19t11.flac|Swing Low, Sweet Chariot
jg1969-02-19.113810.gn.sbd.smith.boswell.t-flac16\jg1969-02-19t12.flac|I'm Blue, I'm Lonesome
jg1969-02-19.113810.gn.sbd.smith.boswell.t-flac16\jg1969-02-19t13.flac|Bluegrass Stomp
jg1969-02-19.113810.gn.sbd.smith.boswell.t-flac16\jg1969-02-19t14.flac|I Wonder Where You Are Tonight
jg1969-02-19.113810.gn.sbd.smith.boswell.t-flac16\jg1969-02-19t15.flac|Instrumental
jg1969-02-19.113810.gn.sbd.smith.boswell.t-flac16\jg1969-02-19t16.flac|Live and Let Live
jg1969-02-19.113810.gn.sbd.smith.boswell.t-flac16\jg1969-02-19t17.flac|Foggy Mountain Breakdown
jg1969-08-07.133325.nrps.sbd.kafer.boswell.smith.t-flac16\nrps1969-08-07t01.flac|Kaw-Liga
jg1969-08-07.133325.nrps.sbd.kafer.boswell.smith.t-flac16\nrps1969-08-07t02.flac|If You Hear Me When I'm Leavin'
jg1969-08-07.133325.nrps.sbd.kafer.boswell.smith.t-flac16\nrps1969-08-07t03.flac|tuning
jg1969-08-07.133325.nrps.sbd.kafer.boswell.smith.t-flac16\nrps1969-08-07t04.flac|Superman
jg1969-08-07.133325.nrps.sbd.kafer.boswell.smith.t-flac16\nrps1969-08-07t05.flac|Mama Tried
jg1969-08-07.133325.nrps.sbd.kafer.boswell.smith.t-flac16\nrps1969-08-07t06.flac|Games People Play
jg1969-08-07.133325.nrps.sbd.kafer.boswell.smith.t-flac16\nrps1969-08-07t07.flac|Last Lonely Eagle
jg1969-08-07.133325.nrps.sbd.kafer.boswell.smith.t-flac16\nrps1969-08-07t08.flac|Truck Driving Man
jg1969-08-07.133325.nrps.sbd.kafer.boswell.smith.t-flac16\nrps1969-08-07t09.flac|Me and My Uncle
jg1969-08-07.133325.nrps.sbd.kafer.boswell.smith.t-flac16\nrps1969-08-07t10.flac|Delilah
jg1969-08-07.133325.nrps.sbd.kafer.boswell.smith.t-flac16\nrps1969-08-07t11.flac|Long Black Veil
jg1969-08-07.133325.nrps.sbd.kafer.boswell.smith.t-flac16\nrps1969-08-07t12.flac|All I Ever Wanted
jg1969-08-07.133325.nrps.sbd.kafer.boswell.smith.t-flac16\nrps1969-08-07t13.flac|Henry
jg1969-08-07.133325.nrps.sbd.kafer.boswell.smith.t-flac16\nrps1969-08-07t14.flac|Don't Take Chances
jg1969-08-07.133325.nrps.sbd.kafer.boswell.smith.t-flac16\nrps1969-08-07t15.flac|Six Days on the Road
jg1969-08-07.133401.nrps.sbd.sirmick.t-flac16\nrps1969-08-07t01.flac|tuning
jg1969-08-07.133401.nrps.sbd.sirmick.t-flac16\nrps1969-08-07t02.flac|Kaw-Liga
jg1969-08-07.133401.nrps.sbd.sirmick.t-flac16\nrps1969-08-07t03.flac|If You Hear Me When I'm Leavin'
jg1969-08-07.133401.nrps.sbd.sirmick.t-flac16\nrps1969-08-07t04.flac|tuning
jg1969-08-07.133401.nrps.sbd.sirmick.t-flac16\nrps1969-08-07t05.flac|Superman
jg1969-08-07.133401.nrps.sbd.sirmick.t-flac16\nrps1969-08-07t06.flac|Mama Tried
jg1969-08-07.133401.nrps.sbd.sirmick.t-flac16\nrps1969-08-07t07.flac|Games People Play
jg1969-08-07.133401.nrps.sbd.sirmick.t-flac16\nrps1969-08-07t08.flac|Last Lonely Eagle
jg1969-08-07.133401.nrps.sbd.sirmick.t-flac16\nrps1969-08-07t09.flac|Truck Drivin' Man
jg1969-08-07.133401.nrps.sbd.sirmick.t-flac16\nrps1969-08-07t10.flac|Me and My Uncle
jg1969-08-07.133401.nrps.sbd.sirmick.t-flac16\nrps1969-08-07t11.flac|Delilah
jg1969-08-07.133401.nrps.sbd.sirmick.t-flac16\nrps1969-08-07t12.flac|Long Black Veil
jg1969-08-07.133401.nrps.sbd.sirmick.t-flac16\nrps1969-08-07t13.flac|All I Ever Wanted
jg1969-08-07.133401.nrps.sbd.sirmick.t-flac16\nrps1969-08-07t14.flac|Henry
jg1969-08-07.133401.nrps.sbd.sirmick.t-flac16\nrps1969-08-07t15.flac|Don't Take Chances
jg1969-08-07.133401.nrps.sbd.sirmick.t-flac16\nrps1969-08-07t16.flac|Six Days on the Road
jg1969-08-07.133401.nrps.sbd.sirmick.t-flac16\nrps1969-08-07t17.flac|Last Lonely Eagle
jg1969-08-09.141610.nrps.aud.unknown.medeiros.t-flac16\01 Poor Caligah.flac|Kaw-Liga
jg1969-08-09.141610.nrps.aud.unknown.medeiros.t-flac16\02 Mama Tried.flac|Mama Tried
jg1969-08-09.141610.nrps.aud.unknown.medeiros.t-flac16\03 Games People Play.flac|Games People Play
jg1969-08-09.141610.nrps.aud.unknown.medeiros.t-flac16\04 Me & My Uncle.flac|Me and My Uncle
jg1969-08-09.141610.nrps.aud.unknown.medeiros.t-flac16\05 Oh Delilah.flac|Delilah
jg1969-08-09.141610.nrps.aud.unknown.medeiros.t-flac16\06 Long Black Vail.flac|Long Black Veil
jg1969-08-09.141610.nrps.aud.unknown.medeiros.t-flac16\07 If You Hear Me When I'm Leaving.flac|If You Hear Me When I'm Leavin'
jg1969-08-09.141610.nrps.aud.unknown.medeiros.t-flac16\08 Banter.flac|The name of this organization...
jg1969-08-09.141610.nrps.aud.unknown.medeiros.t-flac16\09 Superman.flac|Superman
jg1969-08-09.141610.nrps.aud.unknown.medeiros.t-flac16\10 Last Lonely Eagle.flac|Last Lonely Eagle
jg1969-08-09.141610.nrps.aud.unknown.medeiros.t-flac16\11 Truck Drivin' Man.flac|Truck Drivin' Man
jg1969-08-09.141610.nrps.aud.unknown.medeiros.t-flac16\12 All I Ever Wanted.flac|All I Ever Wanted
jg1969-08-09.141610.nrps.aud.unknown.medeiros.t-flac16\13 Henry.flac|Henry
jg1969-08-09.141610.nrps.aud.unknown.medeiros.t-flac16\14 Don't Take Chance.flac|Don't Take Chances
jg1969-08-09.141610.nrps.aud.unknown.medeiros.t-flac16\15 Six Days On The Road.flac|Six Days on the Road
jg1969-08-28.004234.hartbeats.sbd.lepley.sbeok.t-flac16\gd69-08-28d1t01.flac|I Know It's a Sin
jg1969-08-28.004234.hartbeats.sbd.lepley.sbeok.t-flac16\gd69-08-28d1t02.flac|Hi-Heel Sneakers
jg1969-08-28.004234.hartbeats.sbd.lepley.sbeok.t-flac16\gd69-08-28d1t03.flac|Dark Star Jam >
jg1969-08-28.004234.hartbeats.sbd.lepley.sbeok.t-flac16\gd69-08-28d1t04.flac|Jam >
jg1969-08-28.004234.hartbeats.sbd.lepley.sbeok.t-flac16\gd69-08-28d2t01.flac|Jam >
jg1969-08-28.004234.hartbeats.sbd.lepley.sbeok.t-flac16\gd69-08-28d2t02.flac|The Eleven Jam >
jg1969-08-28.004234.hartbeats.sbd.lepley.sbeok.t-flac16\gd69-08-28d2t03.flac|Jam
jg1969-08-28.136389.hartbeats.sbd.miller.flyingm.fix-123091.t-flac16\gd69-08-28d1t01.flac|I Know It's a Sin
jg1969-08-28.136389.hartbeats.sbd.miller.flyingm.fix-123091.t-flac16\gd69-08-28d1t02.flac|Hi-Heel Sneakers
jg1969-08-28.136389.hartbeats.sbd.miller.flyingm.fix-123091.t-flac16\gd69-08-28d1t03.flac|Dark Star Jam >
jg1969-08-28.136389.hartbeats.sbd.miller.flyingm.fix-123091.t-flac16\gd69-08-28d1t04.flac|The Eleven Jam
jg1969-08-28sbd\gd1969-08-28d1t01.flac|It's A Sin >
jg1969-08-28sbd\gd1969-08-28d1t02.flac|Hi-Heel Sneakers
jg1969-08-28sbd\gd1969-08-28d1t03.flac|Dark Star >
jg1969-08-28sbd\gd1969-08-28d1t04.flac|The Eleven
jg1969-09-06.095936.sbd.goodbear.t-flac16\jg1969-09-06.ja_jam.flac|Jam
jg1969-09-18.087622.nrps.sbd.berger.sbeok.t-flac16\nrps1969-09-18d1t01.flac|Fair Chance to Know
jg1969-09-18.087622.nrps.sbd.berger.sbeok.t-flac16\nrps1969-09-18d1t02.flac|Long Black Limousine
jg1969-09-18.087622.nrps.sbd.berger.sbeok.t-flac16\nrps1969-09-18d1t03.flac|Connection
jg1969-09-18.087622.nrps.sbd.berger.sbeok.t-flac16\nrps1969-09-18d1t04.flac|To Have the Hurting End
jg1969-09-18.087622.nrps.sbd.berger.sbeok.t-flac16\nrps1969-09-18d1t05.flac|Games People Play
jg1969-09-18.087622.nrps.sbd.berger.sbeok.t-flac16\nrps1969-09-18d1t06.flac|Hello Trouble
jg1969-09-18.087622.nrps.sbd.berger.sbeok.t-flac16\nrps1969-09-18d1t07.flac|Mighty Quinn
jg1969-09-18.087622.nrps.sbd.berger.sbeok.t-flac16\nrps1969-09-18d1t08.flac|Delilah
jg1969-09-18.087622.nrps.sbd.berger.sbeok.t-flac16\nrps1969-09-18d1t09.flac|Death and Destruction
jg1969-09-18.087622.nrps.sbd.berger.sbeok.t-flac16\nrps1969-09-18d1t10.flac|The Lady Came from Baltimore
jg1969-09-18.087622.nrps.sbd.berger.sbeok.t-flac16\nrps1969-09-18d1t11.flac|Henry
jg1969-09-18.087622.nrps.sbd.berger.sbeok.t-flac16\nrps1969-09-18d1t12.flac|The Weight
jg1969-09-18.087622.nrps.sbd.berger.sbeok.t-flac16\nrps1969-09-18d1t13.flac|Mama Tried
jg1969-10-28.012687.jamatairplanehouse.sbd.lepley.t-flac16\jg1969-10-28dt01.flac|I've Been All Around This World
jg1969-10-28.012687.jamatairplanehouse.sbd.lepley.t-flac16\jg1969-10-28dt02.flac|Big Boss Man
jg1969-10-28.012687.jamatairplanehouse.sbd.lepley.t-flac16\jg1969-10-28dt03.flac|Jam (Stormy Monday Theme)
jg1969-10-28.012687.jamatairplanehouse.sbd.lepley.t-flac16\jg1969-10-28dt04.flac|Slow Blues
jg1969-10-28.012687.jamatairplanehouse.sbd.lepley.t-flac16\jg1969-10-28dt05.flac|Jam
jg1969-10-28.012687.jamatairplanehouse.sbd.lepley.t-flac16\jg1969-10-28dt06.flac|Jam
