D:\Jerry Garcia\1988\jg1988-01-23.022376.bfs.nak700.unknown.powell-ladner.sbeok.t-flac16\blues4elsalvador88-01-23_d1t01.flac|introduction
D:\Jerry Garcia\1988\jg1988-01-23.022376.bfs.nak700.unknown.powell-ladner.sbeok.t-flac16\blues4elsalvador88-01-23_d1t02.flac|Caught in the Middle
D:\Jerry Garcia\1988\jg1988-01-23.022376.bfs.nak700.unknown.powell-ladner.sbeok.t-flac16\blues4elsalvador88-01-23_d1t03.flac|Unity
D:\Jerry Garcia\1988\jg1988-01-23.022376.bfs.nak700.unknown.powell-ladner.sbeok.t-flac16\blues4elsalvador88-01-23_d1t04.flac|Rub-A-Dub Tonight
D:\Jerry Garcia\1988\jg1988-01-23.022376.bfs.nak700.unknown.powell-ladner.sbeok.t-flac16\blues4elsalvador88-01-23_d1t05.flac|Rasta
D:\Jerry Garcia\1988\jg1988-01-23.022376.bfs.nak700.unknown.powell-ladner.sbeok.t-flac16\blues4elsalvador88-01-23_d1t06.flac|Loosen Up
D:\Jerry Garcia\1988\jg1988-01-23.022376.bfs.nak700.unknown.powell-ladner.sbeok.t-flac16\blues4elsalvador88-01-23_d1t07.flac|speech
D:\Jerry Garcia\1988\jg1988-01-23.022376.bfs.nak700.unknown.powell-ladner.sbeok.t-flac16\blues4elsalvador88-01-23_d2t01.flac|Blues for El Salvador
D:\Jerry Garcia\1988\jg1988-01-23.022376.bfs.nak700.unknown.powell-ladner.sbeok.t-flac16\blues4elsalvador88-01-23_d2t02.flac|introduction
D:\Jerry Garcia\1988\jg1988-01-23.022376.bfs.nak700.unknown.powell-ladner.sbeok.t-flac16\blues4elsalvador88-01-23_d2t03.flac|Real Soul Love
D:\Jerry Garcia\1988\jg1988-01-23.022376.bfs.nak700.unknown.powell-ladner.sbeok.t-flac16\blues4elsalvador88-01-23_d2t04.flac|Down to the Night Club
D:\Jerry Garcia\1988\jg1988-01-23.022376.bfs.nak700.unknown.powell-ladner.sbeok.t-flac16\blues4elsalvador88-01-23_d2t05.flac|She's a Pro, but She's a Con
D:\Jerry Garcia\1988\jg1988-01-23.022376.bfs.nak700.unknown.powell-ladner.sbeok.t-flac16\blues4elsalvador88-01-23_d2t06.flac|How Could This Happen to Me
D:\Jerry Garcia\1988\jg1988-01-23.022376.bfs.nak700.unknown.powell-ladner.sbeok.t-flac16\blues4elsalvador88-01-23_d2t07.flac|Playin' for Keeps
D:\Jerry Garcia\1988\jg1988-01-23.022376.bfs.nak700.unknown.powell-ladner.sbeok.t-flac16\blues4elsalvador88-01-23_d2t08.flac|Way Down Low to the Ground
D:\Jerry Garcia\1988\jg1988-01-23.022376.bfs.nak700.unknown.powell-ladner.sbeok.t-flac16\blues4elsalvador88-01-23_d2t09.flac|introductions
D:\Jerry Garcia\1988\jg1988-01-23.022376.bfs.nak700.unknown.powell-ladner.sbeok.t-flac16\blues4elsalvador88-01-23_d2t10.flac|What Is Hip?
D:\Jerry Garcia\1988\jg1988-01-23.022376.bfs.nak700.unknown.powell-ladner.sbeok.t-flac16\blues4elsalvador88-01-23_d2t11.flac|Soul Vaccination
D:\Jerry Garcia\1988\jg1988-01-23.022376.bfs.nak700.unknown.powell-ladner.sbeok.t-flac16\blues4elsalvador88-01-23_d2t12.flac|Mandela
D:\Jerry Garcia\1988\jg1988-01-23.022376.bfs.nak700.unknown.powell-ladner.sbeok.t-flac16\blues4elsalvador88-01-23_d2t13.flac|Turn On Your Lovelight
D:\Jerry Garcia\1988\jg1988-01-23.022376.bfs.nak700.unknown.powell-ladner.sbeok.t-flac16\blues4elsalvador88-01-23_d2t14.flac|Goodnight Irene
D:\Jerry Garcia\1988\jg1988-01-23.022376.bfs.nak700.unknown.powell-ladner.sbeok.t-flac16\blues4elsalvador88-01-23_d2t15.flac|You're Still a Young Man
D:\Jerry Garcia\1988\jg1988-01-23.022376.bfs.nak700.unknown.powell-ladner.sbeok.t-flac16\blues4elsalvador88-01-23_d3t01.flac|Love Me like a Man
D:\Jerry Garcia\1988\jg1988-01-23.022376.bfs.nak700.unknown.powell-ladner.sbeok.t-flac16\blues4elsalvador88-01-23_d3t02.flac|Viva El Salvador
D:\Jerry Garcia\1988\jg1988-01-23.022376.bfs.nak700.unknown.powell-ladner.sbeok.t-flac16\blues4elsalvador88-01-23_d3t03.flac|Angel from Montgomery
D:\Jerry Garcia\1988\jg1988-01-23.022376.bfs.nak700.unknown.powell-ladner.sbeok.t-flac16\blues4elsalvador88-01-23_d3t04.flac|introduction
D:\Jerry Garcia\1988\jg1988-01-23.022376.bfs.nak700.unknown.powell-ladner.sbeok.t-flac16\blues4elsalvador88-01-23_d3t05.flac|Want You To Feel Good Too
D:\Jerry Garcia\1988\jg1988-01-23.022376.bfs.nak700.unknown.powell-ladner.sbeok.t-flac16\blues4elsalvador88-01-23_d3t06.flac|White Lightning
D:\Jerry Garcia\1988\jg1988-01-23.022376.bfs.nak700.unknown.powell-ladner.sbeok.t-flac16\blues4elsalvador88-01-23_d3t07.flac|Let's Make Love
D:\Jerry Garcia\1988\jg1988-01-23.022376.bfs.nak700.unknown.powell-ladner.sbeok.t-flac16\blues4elsalvador88-01-23_d3t08.flac|My Baby Pulls My Strings
D:\Jerry Garcia\1988\jg1988-01-23.022376.bfs.nak700.unknown.powell-ladner.sbeok.t-flac16\blues4elsalvador88-01-23_d3t09.flac|I Got a Rocket in My Pocket
D:\Jerry Garcia\1988\jg1988-01-23.022376.bfs.nak700.unknown.powell-ladner.sbeok.t-flac16\blues4elsalvador88-01-23_d3t10.flac|Hey! Baby
D:\Jerry Garcia\1988\jg1988-01-23.022376.bfs.nak700.unknown.powell-ladner.sbeok.t-flac16\blues4elsalvador88-01-23_d3t11.flac|Ain't It All Right
D:\Jerry Garcia\1988\jg1988-01-23.022376.bfs.nak700.unknown.powell-ladner.sbeok.t-flac16\blues4elsalvador88-01-23_d3t12.flac|Get Rhythm
D:\Jerry Garcia\1988\jg1988-01-23.022376.bfs.nak700.unknown.powell-ladner.sbeok.t-flac16\blues4elsalvador88-01-23_d3t13.flac|Green Lights
D:\Jerry Garcia\1988\jg1988-01-23.022376.bfs.nak700.unknown.powell-ladner.sbeok.t-flac16\blues4elsalvador88-01-23_d3t14.flac|The Last Time
D:\Jerry Garcia\1988\jg1988-01-23.022376.bfs.nak700.unknown.powell-ladner.sbeok.t-flac16\blues4elsalvador88-01-23_d3t15.flac|The End of the World
D:\Jerry Garcia\1988\jg1988-01-23.022376.bfs.nak700.unknown.powell-ladner.sbeok.t-flac16\blues4elsalvador88-01-23_d3t16.flac|Me and the Boys
D:\Jerry Garcia\1988\jg1988-01-23.022376.bfs.nak700.unknown.powell-ladner.sbeok.t-flac16\blues4elsalvador88-01-23_d3t17.flac|I Feel So Good
D:\Jerry Garcia\1988\jg1988-01-23.022376.bfs.nak700.unknown.powell-ladner.sbeok.t-flac16\blues4elsalvador88-01-23_d3t18.flac|I Got a Mind to Give Up Living
D:\Jerry Garcia\1988\jg1988-01-23.022376.bfs.nak700.unknown.powell-ladner.sbeok.t-flac16\blues4elsalvador88-01-23_d3t19.flac|Nadine
D:\Jerry Garcia\1988\jg1988-01-23.022376.bfs.nak700.unknown.powell-ladner.sbeok.t-flac16\blues4elsalvador88-01-23_d4t01.flac|Cloud Nine
D:\Jerry Garcia\1988\jg1988-01-23.022376.bfs.nak700.unknown.powell-ladner.sbeok.t-flac16\blues4elsalvador88-01-23_d4t02.flac|Europa
D:\Jerry Garcia\1988\jg1988-01-23.022376.bfs.nak700.unknown.powell-ladner.sbeok.t-flac16\blues4elsalvador88-01-23_d4t03.flac|Johnny B. Goode
D:\Jerry Garcia\1988\jg1988-01-23.022376.bfs.nak700.unknown.powell-ladner.sbeok.t-flac16\blues4elsalvador88-01-23_d4t04.flac|Shake, Rattle and Roll
D:\Jerry Garcia\1988\jg1988-01-23.022376.bfs.nak700.unknown.powell-ladner.sbeok.t-flac16\blues4elsalvador88-01-23_d4t05.flac|Concierto de Aranjuez
D:\Jerry Garcia\1988\jg1988-01-23.022376.bfs.nak700.unknown.powell-ladner.sbeok.t-flac16\blues4elsalvador88-01-23_d4t06.flac|Squib Cakes
D:\Jerry Garcia\1988\jg1988-01-23.022376.bfs.nak700.unknown.powell-ladner.sbeok.t-flac16\blues4elsalvador88-01-23_d4t07.flac|outro
D:\Jerry Garcia\1988\jg1988-02-05.125717.jgb.aud.remaster-121594.andrewf.flac16\jgb1988-02-05s1t01.flac|crowd
D:\Jerry Garcia\1988\jg1988-02-05.125717.jgb.aud.remaster-121594.andrewf.flac16\jgb1988-02-05s1t02.flac|How Sweet It Is
D:\Jerry Garcia\1988\jg1988-02-05.125717.jgb.aud.remaster-121594.andrewf.flac16\jgb1988-02-05s1t03.flac|They Love Each Other
D:\Jerry Garcia\1988\jg1988-02-05.125717.jgb.aud.remaster-121594.andrewf.flac16\jgb1988-02-05s1t04.flac|Forever Young
D:\Jerry Garcia\1988\jg1988-02-05.125717.jgb.aud.remaster-121594.andrewf.flac16\jgb1988-02-05s1t05.flac|Get Out of My Life Woman
D:\Jerry Garcia\1988\jg1988-02-05.125717.jgb.aud.remaster-121594.andrewf.flac16\jgb1988-02-05s1t06.flac|Like a Road
D:\Jerry Garcia\1988\jg1988-02-05.125717.jgb.aud.remaster-121594.andrewf.flac16\jgb1988-02-05s1t07.flac|Evangeline
D:\Jerry Garcia\1988\jg1988-02-05.125717.jgb.aud.remaster-121594.andrewf.flac16\jgb1988-02-05s1t08.flac|My Sisters & Brothers
D:\Jerry Garcia\1988\jg1988-02-05.125717.jgb.aud.remaster-121594.andrewf.flac16\jgb1988-02-05s1t09.flac|Deal
D:\Jerry Garcia\1988\jg1988-02-05.125717.jgb.aud.remaster-121594.andrewf.flac16\jgb1988-02-05s2t01.flac|The Harder They Come
D:\Jerry Garcia\1988\jg1988-02-05.125717.jgb.aud.remaster-121594.andrewf.flac16\jgb1988-02-05s2t02.flac|Stop that Train
D:\Jerry Garcia\1988\jg1988-02-05.125717.jgb.aud.remaster-121594.andrewf.flac16\jgb1988-02-05s2t03.flac|Don't Let Go
D:\Jerry Garcia\1988\jg1988-02-05.125717.jgb.aud.remaster-121594.andrewf.flac16\jgb1988-02-05s2t04.flac|Think
D:\Jerry Garcia\1988\jg1988-02-05.125717.jgb.aud.remaster-121594.andrewf.flac16\jgb1988-02-05s2t05.flac|Mississippi Moon
D:\Jerry Garcia\1988\jg1988-02-05.125717.jgb.aud.remaster-121594.andrewf.flac16\jgb1988-02-05s2t06.flac|Run for the Roses
D:\Jerry Garcia\1988\jg1988-02-05.125717.jgb.aud.remaster-121594.andrewf.flac16\jgb1988-02-05s2t07.flac|That Lucky Old Sun
D:\Jerry Garcia\1988\jg1988-02-05.125717.jgb.aud.remaster-121594.andrewf.flac16\jgb1988-02-05s2t08.flac|Tangled Up in Blue
D:\Jerry Garcia\1988\jg1988-02-05.xxxxxx.jgb.all.aud-CC.flac2448\jg1988-02-05-CC-s1t01.flac|Crowd & Tuning
D:\Jerry Garcia\1988\jg1988-02-05.xxxxxx.jgb.all.aud-CC.flac2448\jg1988-02-05-CC-s1t02.flac|How Sweet It Is
D:\Jerry Garcia\1988\jg1988-02-05.xxxxxx.jgb.all.aud-CC.flac2448\jg1988-02-05-CC-s1t03.flac|They Love Each Other
D:\Jerry Garcia\1988\jg1988-02-05.xxxxxx.jgb.all.aud-CC.flac2448\jg1988-02-05-CC-s1t04.flac|Forever Young
D:\Jerry Garcia\1988\jg1988-02-05.xxxxxx.jgb.all.aud-CC.flac2448\jg1988-02-05-CC-s1t05.flac|Get Out of My Life Woman
D:\Jerry Garcia\1988\jg1988-02-05.xxxxxx.jgb.all.aud-CC.flac2448\jg1988-02-05-CC-s1t06.flac|/Like a Road
D:\Jerry Garcia\1988\jg1988-02-05.xxxxxx.jgb.all.aud-CC.flac2448\jg1988-02-05-CC-s1t07.flac|Evangeline
D:\Jerry Garcia\1988\jg1988-02-05.xxxxxx.jgb.all.aud-CC.flac2448\jg1988-02-05-CC-s1t08.flac|//My Sisters and Brothers ->
D:\Jerry Garcia\1988\jg1988-02-05.xxxxxx.jgb.all.aud-CC.flac2448\jg1988-02-05-CC-s1t09.flac|Deal
D:\Jerry Garcia\1988\jg1988-02-05.xxxxxx.jgb.all.aud-CC.flac2448\jg1988-02-05-CC-s2t01.flac|//Harder They Come
D:\Jerry Garcia\1988\jg1988-02-05.xxxxxx.jgb.all.aud-CC.flac2448\jg1988-02-05-CC-s2t02.flac|Stop That Train
D:\Jerry Garcia\1988\jg1988-02-05.xxxxxx.jgb.all.aud-CC.flac2448\jg1988-02-05-CC-s2t03.flac|//Don't Let Go
D:\Jerry Garcia\1988\jg1988-02-05.xxxxxx.jgb.all.aud-CC.flac2448\jg1988-02-05-CC-s2t04.flac|//Think
D:\Jerry Garcia\1988\jg1988-02-05.xxxxxx.jgb.all.aud-CC.flac2448\jg1988-02-05-CC-s2t05.flac|//Mississippi Moon
D:\Jerry Garcia\1988\jg1988-02-05.xxxxxx.jgb.all.aud-CC.flac2448\jg1988-02-05-CC-s2t06.flac|//Run for the Roses
D:\Jerry Garcia\1988\jg1988-02-05.xxxxxx.jgb.all.aud-CC.flac2448\jg1988-02-05-CC-s2t07.flac|//That Lucky Old Sun (Just Rolls Around Heaven All Day)
D:\Jerry Garcia\1988\jg1988-02-05.xxxxxx.jgb.all.aud-CC.flac2448\jg1988-02-05-CC-s2t08.flac|//Tangled Up in Blue
D:\Jerry Garcia\1988\jg1988-02-06.018421.jgb.aud.lucian.jupille.sbeok.t-flac16\jgb1988-02-06-lucian-d1t01.flac|tuning
D:\Jerry Garcia\1988\jg1988-02-06.018421.jgb.aud.lucian.jupille.sbeok.t-flac16\jgb1988-02-06-lucian-d1t02.flac|Cats Under the Stars
D:\Jerry Garcia\1988\jg1988-02-06.018421.jgb.aud.lucian.jupille.sbeok.t-flac16\jgb1988-02-06-lucian-d1t03.flac|I Shall Be Released
D:\Jerry Garcia\1988\jg1988-02-06.018421.jgb.aud.lucian.jupille.sbeok.t-flac16\jgb1988-02-06-lucian-d1t04.flac|Stop That Train
D:\Jerry Garcia\1988\jg1988-02-06.018421.jgb.aud.lucian.jupille.sbeok.t-flac16\jgb1988-02-06-lucian-d1t05.flac|Someday Baby
D:\Jerry Garcia\1988\jg1988-02-06.018421.jgb.aud.lucian.jupille.sbeok.t-flac16\jgb1988-02-06-lucian-d1t06.flac|Run for the Roses
D:\Jerry Garcia\1988\jg1988-02-06.018421.jgb.aud.lucian.jupille.sbeok.t-flac16\jgb1988-02-06-lucian-d1t07.flac|And It Stoned Me
D:\Jerry Garcia\1988\jg1988-02-06.018421.jgb.aud.lucian.jupille.sbeok.t-flac16\jgb1988-02-06-lucian-d2t01.flac|Evangeline
D:\Jerry Garcia\1988\jg1988-02-06.018421.jgb.aud.lucian.jupille.sbeok.t-flac16\jgb1988-02-06-lucian-d2t02.flac|Simple Twist of Fate
D:\Jerry Garcia\1988\jg1988-02-06.018421.jgb.aud.lucian.jupille.sbeok.t-flac16\jgb1988-02-06-lucian-d2t03.flac|The Harder They Come
D:\Jerry Garcia\1988\jg1988-02-06.018421.jgb.aud.lucian.jupille.sbeok.t-flac16\jgb1988-02-06-lucian-d2t04.flac|Don't Let Go
D:\Jerry Garcia\1988\jg1988-02-06.018421.jgb.aud.lucian.jupille.sbeok.t-flac16\jgb1988-02-06-lucian-d2t05.flac|That Lucky Old Sun
D:\Jerry Garcia\1988\jg1988-02-06.018421.jgb.aud.lucian.jupille.sbeok.t-flac16\jgb1988-02-06-lucian-d2t06.flac|Midnight Moonlight
D:\Jerry Garcia\1988\jg1988-03-05.016790.jgb.sbd.ladner.sbeok.t-flac16\jgb1988-03-05d1t01.flac|Cats Under the Stars
D:\Jerry Garcia\1988\jg1988-03-05.016790.jgb.sbd.ladner.sbeok.t-flac16\jgb1988-03-05d1t02.flac|Mission in the Rain
D:\Jerry Garcia\1988\jg1988-03-05.016790.jgb.sbd.ladner.sbeok.t-flac16\jgb1988-03-05d1t03.flac|Get out of My Life Woman
D:\Jerry Garcia\1988\jg1988-03-05.016790.jgb.sbd.ladner.sbeok.t-flac16\jgb1988-03-05d1t04.flac|I Shall Be Released
D:\Jerry Garcia\1988\jg1988-03-05.016790.jgb.sbd.ladner.sbeok.t-flac16\jgb1988-03-05d1t05.flac|Run for the Roses
D:\Jerry Garcia\1988\jg1988-03-05.016790.jgb.sbd.ladner.sbeok.t-flac16\jgb1988-03-05d1t06.flac|Deal
D:\Jerry Garcia\1988\jg1988-03-05.016790.jgb.sbd.ladner.sbeok.t-flac16\jgb1988-03-05d2t01.flac|How Sweet It Is (To Be Loved By You)
D:\Jerry Garcia\1988\jg1988-03-05.016790.jgb.sbd.ladner.sbeok.t-flac16\jgb1988-03-05d2t02.flac|Like A Road
D:\Jerry Garcia\1988\jg1988-03-05.016790.jgb.sbd.ladner.sbeok.t-flac16\jgb1988-03-05d2t03.flac|Think
D:\Jerry Garcia\1988\jg1988-03-05.016790.jgb.sbd.ladner.sbeok.t-flac16\jgb1988-03-05d2t04.flac|My Sisters And Brothers
D:\Jerry Garcia\1988\jg1988-03-05.016790.jgb.sbd.ladner.sbeok.t-flac16\jgb1988-03-05d2t05.flac|Don't Let Go
D:\Jerry Garcia\1988\jg1988-03-05.138500.jgb.sbd.andrewf.flac16\jgb1988-03-05s1t01.flac|Intro
D:\Jerry Garcia\1988\jg1988-03-05.138500.jgb.sbd.andrewf.flac16\jgb1988-03-05s1t02.flac|Cats Under the Stars
D:\Jerry Garcia\1988\jg1988-03-05.138500.jgb.sbd.andrewf.flac16\jgb1988-03-05s1t03.flac|Mission in the Rain
D:\Jerry Garcia\1988\jg1988-03-05.138500.jgb.sbd.andrewf.flac16\jgb1988-03-05s1t04.flac|Get Out of My Life Woman
D:\Jerry Garcia\1988\jg1988-03-05.138500.jgb.sbd.andrewf.flac16\jgb1988-03-05s1t05.flac|I Shall Be Released
D:\Jerry Garcia\1988\jg1988-03-05.138500.jgb.sbd.andrewf.flac16\jgb1988-03-05s1t06.flac|Run for the Roses
D:\Jerry Garcia\1988\jg1988-03-05.138500.jgb.sbd.andrewf.flac16\jgb1988-03-05s1t07.flac|Deal
D:\Jerry Garcia\1988\jg1988-03-05.138500.jgb.sbd.andrewf.flac16\jgb1988-03-05s2t01.flac|How Sweet It Is
D:\Jerry Garcia\1988\jg1988-03-05.138500.jgb.sbd.andrewf.flac16\jgb1988-03-05s2t02.flac|Like a Road
D:\Jerry Garcia\1988\jg1988-03-05.138500.jgb.sbd.andrewf.flac16\jgb1988-03-05s2t03.flac|Think
D:\Jerry Garcia\1988\jg1988-03-05.138500.jgb.sbd.andrewf.flac16\jgb1988-03-05s2t04.flac|My Sisters & Brothers
D:\Jerry Garcia\1988\jg1988-03-05.138500.jgb.sbd.andrewf.flac16\jgb1988-03-05s2t05.flac|Don't Let Go (with Howard Wales)
D:\Jerry Garcia\1988\jg1988-03-05.138500.jgb.sbd.andrewf.flac16\jgb1988-03-05s2t06.flac|That Lucky Old Sun
D:\Jerry Garcia\1988\jg1988-03-05.138500.jgb.sbd.andrewf.flac16\jgb1988-03-05s2t07.flac|Midnight Moonlight
D:\Jerry Garcia\1988\jg1988-03-05.138500.jgb.sbd.andrewf.flac16\jgb1988-03-05s2t08.flac|Evangeline
D:\Jerry Garcia\1988\jg1988-04-26.007672.jgjk.fob-sonyECM77b.cole.jupille.sbeok.t-flac16\jg+jk1988-04-26t01.flac|Deep Elem Blues
D:\Jerry Garcia\1988\jg1988-04-26.007672.jgjk.fob-sonyECM77b.cole.jupille.sbeok.t-flac16\jg+jk1988-04-26t02.flac|I'm Troubled
D:\Jerry Garcia\1988\jg1988-04-26.007672.jgjk.fob-sonyECM77b.cole.jupille.sbeok.t-flac16\jg+jk1988-04-26t03.flac|Oh Babe It Ain't No Lie
D:\Jerry Garcia\1988\jg1988-04-26.007672.jgjk.fob-sonyECM77b.cole.jupille.sbeok.t-flac16\jg+jk1988-04-26t04.flac|Oh, the Wind and Rain
D:\Jerry Garcia\1988\jg1988-04-26.007672.jgjk.fob-sonyECM77b.cole.jupille.sbeok.t-flac16\jg+jk1988-04-26t05.flac|The Ballad of Casey Jones
D:\Jerry Garcia\1988\jg1988-04-26.007672.jgjk.fob-sonyECM77b.cole.jupille.sbeok.t-flac16\jg+jk1988-04-26t06.flac|Turtle Dove
D:\Jerry Garcia\1988\jg1988-04-26.007672.jgjk.fob-sonyECM77b.cole.jupille.sbeok.t-flac16\jg+jk1988-04-26t07.flac|introductions
D:\Jerry Garcia\1988\jg1988-04-26.007672.jgjk.fob-sonyECM77b.cole.jupille.sbeok.t-flac16\jg+jk1988-04-26t08.flac|Diamond Joe
D:\Jerry Garcia\1988\jg1988-04-26.007672.jgjk.fob-sonyECM77b.cole.jupille.sbeok.t-flac16\jg+jk1988-04-26t09.flac|Ripple
D:\Jerry Garcia\1988\jg1988-04-26.007672.jgjk.fob-sonyECM77b.cole.jupille.sbeok.t-flac16\jg+jk1988-04-26t10.flac|Blackbird
D:\Jerry Garcia\1988\jg1988-04-26.007672.jgjk.fob-sonyECM77b.cole.jupille.sbeok.t-flac16\jg+jk1988-04-26t11.flac|Let the Good Times Roll
D:\Jerry Garcia\1988\jg1988-04-26.091407.jgjk.aud.corley.waddell.gems.t-flac16\jgjk88-04-26.GEMS.d1t01.flac|Deep Elem Blues
D:\Jerry Garcia\1988\jg1988-04-26.091407.jgjk.aud.corley.waddell.gems.t-flac16\jgjk88-04-26.GEMS.d1t02.flac|I'm Troubled
D:\Jerry Garcia\1988\jg1988-04-26.091407.jgjk.aud.corley.waddell.gems.t-flac16\jgjk88-04-26.GEMS.d1t03.flac|Oh Babe It Ain't No Lie
D:\Jerry Garcia\1988\jg1988-04-26.091407.jgjk.aud.corley.waddell.gems.t-flac16\jgjk88-04-26.GEMS.d1t04.flac|Oh, the Wind and Rain
D:\Jerry Garcia\1988\jg1988-04-26.091407.jgjk.aud.corley.waddell.gems.t-flac16\jgjk88-04-26.GEMS.d1t05.flac|The Ballad of Casey Jones
D:\Jerry Garcia\1988\jg1988-04-26.091407.jgjk.aud.corley.waddell.gems.t-flac16\jgjk88-04-26.GEMS.d1t06.flac|Turtle Dove
D:\Jerry Garcia\1988\jg1988-04-26.091407.jgjk.aud.corley.waddell.gems.t-flac16\jgjk88-04-26.GEMS.d1t07.flac|introductions
D:\Jerry Garcia\1988\jg1988-04-26.091407.jgjk.aud.corley.waddell.gems.t-flac16\jgjk88-04-26.GEMS.d1t08.flac|Diamond Joe
D:\Jerry Garcia\1988\jg1988-04-26.091407.jgjk.aud.corley.waddell.gems.t-flac16\jgjk88-04-26.GEMS.d1t09.flac|Ripple
D:\Jerry Garcia\1988\jg1988-04-26.091407.jgjk.aud.corley.waddell.gems.t-flac16\jgjk88-04-26.GEMS.d1t10.flac|tuning
D:\Jerry Garcia\1988\jg1988-04-26.091407.jgjk.aud.corley.waddell.gems.t-flac16\jgjk88-04-26.GEMS.d1t11.flac|Blackbird
D:\Jerry Garcia\1988\jg1988-04-26.091407.jgjk.aud.corley.waddell.gems.t-flac16\jgjk88-04-26.GEMS.d1t12.flac|Let the Good Times Roll
D:\Jerry Garcia\1988\jg1988-04-26.091969.jgjk.pzm.unknown.sbefail.t-flac16\JGAB 1988-04-26 pzm's01.flac|Deep Elem Blues
D:\Jerry Garcia\1988\jg1988-04-26.091969.jgjk.pzm.unknown.sbefail.t-flac16\JGAB 1988-04-26 pzm's02.flac|I'm Troubled
D:\Jerry Garcia\1988\jg1988-04-26.091969.jgjk.pzm.unknown.sbefail.t-flac16\JGAB 1988-04-26 pzm's03.flac|Oh Babe It Ain't No Lie
D:\Jerry Garcia\1988\jg1988-04-26.091969.jgjk.pzm.unknown.sbefail.t-flac16\JGAB 1988-04-26 pzm's04.flac|Oh, the Wind and Rain
D:\Jerry Garcia\1988\jg1988-04-26.091969.jgjk.pzm.unknown.sbefail.t-flac16\JGAB 1988-04-26 pzm's05.flac|The Ballad of Casey Jones
D:\Jerry Garcia\1988\jg1988-04-26.091969.jgjk.pzm.unknown.sbefail.t-flac16\JGAB 1988-04-26 pzm's06.flac|Turtle Dove
D:\Jerry Garcia\1988\jg1988-04-26.091969.jgjk.pzm.unknown.sbefail.t-flac16\JGAB 1988-04-26 pzm's07.flac|introductions
D:\Jerry Garcia\1988\jg1988-04-26.091969.jgjk.pzm.unknown.sbefail.t-flac16\JGAB 1988-04-26 pzm's08.flac|Diamond Joe
D:\Jerry Garcia\1988\jg1988-04-26.091969.jgjk.pzm.unknown.sbefail.t-flac16\JGAB 1988-04-26 pzm's09.flac|Ripple
D:\Jerry Garcia\1988\jg1988-04-26.091969.jgjk.pzm.unknown.sbefail.t-flac16\JGAB 1988-04-26 pzm's10.flac|Blackbird
D:\Jerry Garcia\1988\jg1988-04-26.091969.jgjk.pzm.unknown.sbefail.t-flac16\JGAB 1988-04-26 pzm's11.flac|Let the Good Times Roll
D:\Jerry Garcia\1988\jg1988-05-06.008418.jgb.fob-schoeps.unknown.miller.jjoops.sbeok.t-flac16\jgb1988-05-06d1t01.flac|How Sweet It Is
D:\Jerry Garcia\1988\jg1988-05-06.008418.jgb.fob-schoeps.unknown.miller.jjoops.sbeok.t-flac16\jgb1988-05-06d1t02.flac|Forever Young
D:\Jerry Garcia\1988\jg1988-05-06.008418.jgb.fob-schoeps.unknown.miller.jjoops.sbeok.t-flac16\jgb1988-05-06d1t03.flac|Dear Prudence
D:\Jerry Garcia\1988\jg1988-05-06.008418.jgb.fob-schoeps.unknown.miller.jjoops.sbeok.t-flac16\jgb1988-05-06d1t04.flac|Mississippi Moon
D:\Jerry Garcia\1988\jg1988-05-06.008418.jgb.fob-schoeps.unknown.miller.jjoops.sbeok.t-flac16\jgb1988-05-06d1t05.flac|Run for the Roses
D:\Jerry Garcia\1988\jg1988-05-06.008418.jgb.fob-schoeps.unknown.miller.jjoops.sbeok.t-flac16\jgb1988-05-06d1t06.flac|Evangeline
D:\Jerry Garcia\1988\jg1988-05-06.008418.jgb.fob-schoeps.unknown.miller.jjoops.sbeok.t-flac16\jgb1988-05-06d1t07.flac|My Sisters and Brothers
D:\Jerry Garcia\1988\jg1988-05-06.008418.jgb.fob-schoeps.unknown.miller.jjoops.sbeok.t-flac16\jgb1988-05-06d1t08.flac|Deal
D:\Jerry Garcia\1988\jg1988-05-06.008418.jgb.fob-schoeps.unknown.miller.jjoops.sbeok.t-flac16\jgb1988-05-06d2t01.flac|The Harder They Come
D:\Jerry Garcia\1988\jg1988-05-06.008418.jgb.fob-schoeps.unknown.miller.jjoops.sbeok.t-flac16\jgb1988-05-06d2t02.flac|Stop That Train
D:\Jerry Garcia\1988\jg1988-05-06.008418.jgb.fob-schoeps.unknown.miller.jjoops.sbeok.t-flac16\jgb1988-05-06d2t03.flac|Think
D:\Jerry Garcia\1988\jg1988-05-06.008418.jgb.fob-schoeps.unknown.miller.jjoops.sbeok.t-flac16\jgb1988-05-06d2t04.flac|Mission in the Rain
D:\Jerry Garcia\1988\jg1988-05-06.008418.jgb.fob-schoeps.unknown.miller.jjoops.sbeok.t-flac16\jgb1988-05-06d2t05.flac|Don't Let Go
D:\Jerry Garcia\1988\jg1988-05-06.008418.jgb.fob-schoeps.unknown.miller.jjoops.sbeok.t-flac16\jgb1988-05-06d2t06.flac|And It Stoned Me
D:\Jerry Garcia\1988\jg1988-05-06.008418.jgb.fob-schoeps.unknown.miller.jjoops.sbeok.t-flac16\jgb1988-05-06d2t07.flac|That Lucky Old Sun
D:\Jerry Garcia\1988\jg1988-05-06.008418.jgb.fob-schoeps.unknown.miller.jjoops.sbeok.t-flac16\jgb1988-05-06d2t08.flac|Midnight Moonlight
D:\Jerry Garcia\1988\jg1988-05-07.013986.jgb.sonyECM77b.cole.sbeok.t-flac16\jgb88-05-07d1t01.flac|Cats Under the Stars
D:\Jerry Garcia\1988\jg1988-05-07.013986.jgb.sonyECM77b.cole.sbeok.t-flac16\jgb88-05-07d1t02.flac|Stop That Train
D:\Jerry Garcia\1988\jg1988-05-07.013986.jgb.sonyECM77b.cole.sbeok.t-flac16\jgb88-05-07d1t03.flac|Simple Twist of Fate
D:\Jerry Garcia\1988\jg1988-05-07.013986.jgb.sonyECM77b.cole.sbeok.t-flac16\jgb88-05-07d1t04.flac|Run for the Roses
D:\Jerry Garcia\1988\jg1988-05-07.013986.jgb.sonyECM77b.cole.sbeok.t-flac16\jgb88-05-07d1t05.flac|Like a Road Leading Home
D:\Jerry Garcia\1988\jg1988-05-07.013986.jgb.sonyECM77b.cole.sbeok.t-flac16\jgb88-05-07d1t06.flac|My Sisters and Brothers
D:\Jerry Garcia\1988\jg1988-05-07.013986.jgb.sonyECM77b.cole.sbeok.t-flac16\jgb88-05-07d1t07.flac|Deal
D:\Jerry Garcia\1988\jg1988-05-07.013986.jgb.sonyECM77b.cole.sbeok.t-flac16\jgb88-05-07d2t01.flac|The Harder They Come
D:\Jerry Garcia\1988\jg1988-05-07.013986.jgb.sonyECM77b.cole.sbeok.t-flac16\jgb88-05-07d2t02.flac|I Shall Be Released
D:\Jerry Garcia\1988\jg1988-05-07.013986.jgb.sonyECM77b.cole.sbeok.t-flac16\jgb88-05-07d2t03.flac|Think
D:\Jerry Garcia\1988\jg1988-05-07.013986.jgb.sonyECM77b.cole.sbeok.t-flac16\jgb88-05-07d2t04.flac|Evangeline
D:\Jerry Garcia\1988\jg1988-05-07.013986.jgb.sonyECM77b.cole.sbeok.t-flac16\jgb88-05-07d2t05.flac|Knockin' on Heaven's Door
D:\Jerry Garcia\1988\jg1988-05-07.013986.jgb.sonyECM77b.cole.sbeok.t-flac16\jgb88-05-07d2t06.flac|That Lucky Old Sun
D:\Jerry Garcia\1988\jg1988-05-07.013986.jgb.sonyECM77b.cole.sbeok.t-flac16\jgb88-05-07d2t07.flac|Tangled Up in Blue
D:\Jerry Garcia\1988\jg1988-05-07.020749.jgb.fob-nak700.reutelhuber.miller.sbeok.t-flac16\jgb88-05-07d1t01.flac|Cats Under the Stars
D:\Jerry Garcia\1988\jg1988-05-07.020749.jgb.fob-nak700.reutelhuber.miller.sbeok.t-flac16\jgb88-05-07d1t02.flac|Stop That Train
D:\Jerry Garcia\1988\jg1988-05-07.020749.jgb.fob-nak700.reutelhuber.miller.sbeok.t-flac16\jgb88-05-07d1t03.flac|Simple Twist of Fate
D:\Jerry Garcia\1988\jg1988-05-07.020749.jgb.fob-nak700.reutelhuber.miller.sbeok.t-flac16\jgb88-05-07d1t04.flac|Run for the Roses
D:\Jerry Garcia\1988\jg1988-05-07.020749.jgb.fob-nak700.reutelhuber.miller.sbeok.t-flac16\jgb88-05-07d1t05.flac|Like a Road Leading Home
D:\Jerry Garcia\1988\jg1988-05-07.020749.jgb.fob-nak700.reutelhuber.miller.sbeok.t-flac16\jgb88-05-07d1t06.flac|My Sisters and Brothers
D:\Jerry Garcia\1988\jg1988-05-07.020749.jgb.fob-nak700.reutelhuber.miller.sbeok.t-flac16\jgb88-05-07d1t07.flac|Deal
D:\Jerry Garcia\1988\jg1988-05-07.020749.jgb.fob-nak700.reutelhuber.miller.sbeok.t-flac16\jgb88-05-07d2t01.flac|The Harder They Come
D:\Jerry Garcia\1988\jg1988-05-07.020749.jgb.fob-nak700.reutelhuber.miller.sbeok.t-flac16\jgb88-05-07d2t02.flac|I Shall Be Released
D:\Jerry Garcia\1988\jg1988-05-07.020749.jgb.fob-nak700.reutelhuber.miller.sbeok.t-flac16\jgb88-05-07d2t03.flac|Think
D:\Jerry Garcia\1988\jg1988-05-07.020749.jgb.fob-nak700.reutelhuber.miller.sbeok.t-flac16\jgb88-05-07d2t04.flac|Evangeline
D:\Jerry Garcia\1988\jg1988-05-07.020749.jgb.fob-nak700.reutelhuber.miller.sbeok.t-flac16\jgb88-05-07d2t05.flac|Knockin' on Heaven's Door
D:\Jerry Garcia\1988\jg1988-05-07.020749.jgb.fob-nak700.reutelhuber.miller.sbeok.t-flac16\jgb88-05-07d2t06.flac|That Lucky Old Sun
D:\Jerry Garcia\1988\jg1988-05-07.020749.jgb.fob-nak700.reutelhuber.miller.sbeok.t-flac16\jgb88-05-07d2t07.flac|Tangled Up in Blue
D:\Jerry Garcia\1988\jg1988-07-07.007671.jgab.aud.ward-cnm.jupille.sbeok.t-flac16\jgab1988-07-07d1t01.flac|tuning
D:\Jerry Garcia\1988\jg1988-07-07.007671.jgab.aud.ward-cnm.jupille.sbeok.t-flac16\jgab1988-07-07d1t02.flac|Blue Yodel #9
D:\Jerry Garcia\1988\jg1988-07-07.007671.jgab.aud.ward-cnm.jupille.sbeok.t-flac16\jgab1988-07-07d1t03.flac|I'm Troubled
D:\Jerry Garcia\1988\jg1988-07-07.007671.jgab.aud.ward-cnm.jupille.sbeok.t-flac16\jgab1988-07-07d1t04.flac|introductions
D:\Jerry Garcia\1988\jg1988-07-07.007671.jgab.aud.ward-cnm.jupille.sbeok.t-flac16\jgab1988-07-07d1t05.flac|Two Soldiers
D:\Jerry Garcia\1988\jg1988-07-07.007671.jgab.aud.ward-cnm.jupille.sbeok.t-flac16\jgab1988-07-07d1t06.flac|Spike Driver Blues
D:\Jerry Garcia\1988\jg1988-07-07.007671.jgab.aud.ward-cnm.jupille.sbeok.t-flac16\jgab1988-07-07d1t07.flac|I've Been All Around This World
D:\Jerry Garcia\1988\jg1988-07-07.007671.jgab.aud.ward-cnm.jupille.sbeok.t-flac16\jgab1988-07-07d1t08.flac|Gone Home
D:\Jerry Garcia\1988\jg1988-07-07.007671.jgab.aud.ward-cnm.jupille.sbeok.t-flac16\jgab1988-07-07d1t09.flac|Diamond Joe
D:\Jerry Garcia\1988\jg1988-07-07.007671.jgab.aud.ward-cnm.jupille.sbeok.t-flac16\jgab1988-07-07d1t10.flac|Rosalie McFall
D:\Jerry Garcia\1988\jg1988-07-07.007671.jgab.aud.ward-cnm.jupille.sbeok.t-flac16\jgab1988-07-07d1t11.flac|Deep Elem Blues
D:\Jerry Garcia\1988\jg1988-07-07.007671.jgab.aud.ward-cnm.jupille.sbeok.t-flac16\jgab1988-07-07d2t01.flac|tuning
D:\Jerry Garcia\1988\jg1988-07-07.007671.jgab.aud.ward-cnm.jupille.sbeok.t-flac16\jgab1988-07-07d2t02.flac|Swing Low, Sweet Chariot
D:\Jerry Garcia\1988\jg1988-07-07.007671.jgab.aud.ward-cnm.jupille.sbeok.t-flac16\jgab1988-07-07d2t03.flac|Short Life of Trouble
D:\Jerry Garcia\1988\jg1988-07-07.007671.jgab.aud.ward-cnm.jupille.sbeok.t-flac16\jgab1988-07-07d2t04.flac|Oh Babe It Ain't No Lie
D:\Jerry Garcia\1988\jg1988-07-07.007671.jgab.aud.ward-cnm.jupille.sbeok.t-flac16\jgab1988-07-07d2t05.flac|Turtle Dove
D:\Jerry Garcia\1988\jg1988-07-07.007671.jgab.aud.ward-cnm.jupille.sbeok.t-flac16\jgab1988-07-07d2t06.flac|The Ballad of Casey Jones
D:\Jerry Garcia\1988\jg1988-07-07.007671.jgab.aud.ward-cnm.jupille.sbeok.t-flac16\jgab1988-07-07d2t07.flac|I'm Here to Get My Baby Out of Jail
D:\Jerry Garcia\1988\jg1988-07-07.007671.jgab.aud.ward-cnm.jupille.sbeok.t-flac16\jgab1988-07-07d2t08.flac|Oh, the Wind and Rain
D:\Jerry Garcia\1988\jg1988-07-07.007671.jgab.aud.ward-cnm.jupille.sbeok.t-flac16\jgab1988-07-07d2t09.flac|Ripple
D:\Jerry Garcia\1988\jg1988-07-07.007671.jgab.aud.ward-cnm.jupille.sbeok.t-flac16\jgab1988-07-07d2t10.flac|Goodnight Irene
D:\Jerry Garcia\1988\jg1988-07-07.007671.jgab.aud.ward-cnm.jupille.sbeok.t-flac16\jgab1988-07-07d2t11.flac|Deep Elem Blues
D:\Jerry Garcia\1988\jg1988-07-09.084650.jgab.fob-nak700.corley.fixed-82171.sbeok.t-flac16\jgab1988-07-09d1t01.flac|Deep Elem Blues
D:\Jerry Garcia\1988\jg1988-07-09.084650.jgab.fob-nak700.corley.fixed-82171.sbeok.t-flac16\jgab1988-07-09d1t02.flac|I'm Troubled
D:\Jerry Garcia\1988\jg1988-07-09.084650.jgab.fob-nak700.corley.fixed-82171.sbeok.t-flac16\jgab1988-07-09d1t03.flac|I've Been All Around This World
D:\Jerry Garcia\1988\jg1988-07-09.084650.jgab.fob-nak700.corley.fixed-82171.sbeok.t-flac16\jgab1988-07-09d1t04.flac|Spike Driver Blues
D:\Jerry Garcia\1988\jg1988-07-09.084650.jgab.fob-nak700.corley.fixed-82171.sbeok.t-flac16\jgab1988-07-09d1t05.flac|Little Sadie
D:\Jerry Garcia\1988\jg1988-07-09.084650.jgab.fob-nak700.corley.fixed-82171.sbeok.t-flac16\jgab1988-07-09d1t06.flac|Blue Yodel #9
D:\Jerry Garcia\1988\jg1988-07-09.084650.jgab.fob-nak700.corley.fixed-82171.sbeok.t-flac16\jgab1988-07-09d1t07.flac|Turtle Dove
D:\Jerry Garcia\1988\jg1988-07-09.084650.jgab.fob-nak700.corley.fixed-82171.sbeok.t-flac16\jgab1988-07-09d2t01.flac|Diamond Joe
D:\Jerry Garcia\1988\jg1988-07-09.084650.jgab.fob-nak700.corley.fixed-82171.sbeok.t-flac16\jgab1988-07-09d2t02.flac|Oh, the Wind and Rain
D:\Jerry Garcia\1988\jg1988-07-09.084650.jgab.fob-nak700.corley.fixed-82171.sbeok.t-flac16\jgab1988-07-09d2t03.flac|Swing Low, Sweet Chariot
D:\Jerry Garcia\1988\jg1988-07-09.084650.jgab.fob-nak700.corley.fixed-82171.sbeok.t-flac16\jgab1988-07-09d2t04.flac|Ripple
D:\Jerry Garcia\1988\jg1988-07-09.084650.jgab.fob-nak700.corley.fixed-82171.sbeok.t-flac16\jgab1988-07-09d2t05.flac|Oh Babe It Ain't No Lie
D:\Jerry Garcia\1988\jg1988-07-09.084650.jgab.fob-nak700.corley.fixed-82171.sbeok.t-flac16\jgab1988-07-09d2t06.flac|Goodnight Irene
D:\Jerry Garcia\1988\jg1988-07-10.017635.jgb.nak700.corley.jupille.sbeok.t-flac16\jgb1988-07-10d1t01.flac|How Sweet It Is
D:\Jerry Garcia\1988\jg1988-07-10.017635.jgb.nak700.corley.jupille.sbeok.t-flac16\jgb1988-07-10d1t02.flac|Mission in the Rain
D:\Jerry Garcia\1988\jg1988-07-10.017635.jgb.nak700.corley.jupille.sbeok.t-flac16\jgb1988-07-10d1t03.flac|Like a Road Leading Home
D:\Jerry Garcia\1988\jg1988-07-10.017635.jgb.nak700.corley.jupille.sbeok.t-flac16\jgb1988-07-10d1t04.flac|Get Out of My Life, Woman
D:\Jerry Garcia\1988\jg1988-07-10.017635.jgb.nak700.corley.jupille.sbeok.t-flac16\jgb1988-07-10d1t05.flac|Run for the Roses
D:\Jerry Garcia\1988\jg1988-07-10.017635.jgb.nak700.corley.jupille.sbeok.t-flac16\jgb1988-07-10d1t06.flac|My Sisters and Brothers
D:\Jerry Garcia\1988\jg1988-07-10.017635.jgb.nak700.corley.jupille.sbeok.t-flac16\jgb1988-07-10d1t07.flac|Deal
D:\Jerry Garcia\1988\jg1988-07-10.017635.jgb.nak700.corley.jupille.sbeok.t-flac16\jgb1988-07-10d2t01.flac|tuning
D:\Jerry Garcia\1988\jg1988-07-10.017635.jgb.nak700.corley.jupille.sbeok.t-flac16\jgb1988-07-10d2t02.flac|The Harder They Come
D:\Jerry Garcia\1988\jg1988-07-10.017635.jgb.nak700.corley.jupille.sbeok.t-flac16\jgb1988-07-10d2t03.flac|Stop That Train
D:\Jerry Garcia\1988\jg1988-07-10.017635.jgb.nak700.corley.jupille.sbeok.t-flac16\jgb1988-07-10d2t04.flac|Forever Young
D:\Jerry Garcia\1988\jg1988-07-10.017635.jgb.nak700.corley.jupille.sbeok.t-flac16\jgb1988-07-10d2t05.flac|Think
D:\Jerry Garcia\1988\jg1988-07-10.017635.jgb.nak700.corley.jupille.sbeok.t-flac16\jgb1988-07-10d2t06.flac|Evangeline
D:\Jerry Garcia\1988\jg1988-07-10.017635.jgb.nak700.corley.jupille.sbeok.t-flac16\jgb1988-07-10d2t07.flac|That Lucky Old Sun
D:\Jerry Garcia\1988\jg1988-07-10.017635.jgb.nak700.corley.jupille.sbeok.t-flac16\jgb1988-07-10d2t08.flac|Don't Let Go
D:\Jerry Garcia\1988\jg1988-07-10.025416.jgb.fob-nak700.reutelhuber.miller.sbeok.t-flac16\jgb88-07-10d1t01.flac|How Sweet It Is
D:\Jerry Garcia\1988\jg1988-07-10.025416.jgb.fob-nak700.reutelhuber.miller.sbeok.t-flac16\jgb88-07-10d1t02.flac|Mission in the Rain
D:\Jerry Garcia\1988\jg1988-07-10.025416.jgb.fob-nak700.reutelhuber.miller.sbeok.t-flac16\jgb88-07-10d1t03.flac|Like a Road Leading Home
D:\Jerry Garcia\1988\jg1988-07-10.025416.jgb.fob-nak700.reutelhuber.miller.sbeok.t-flac16\jgb88-07-10d1t04.flac|Get Out of My Life, Woman
D:\Jerry Garcia\1988\jg1988-07-10.025416.jgb.fob-nak700.reutelhuber.miller.sbeok.t-flac16\jgb88-07-10d1t05.flac|Run for the Roses
D:\Jerry Garcia\1988\jg1988-07-10.025416.jgb.fob-nak700.reutelhuber.miller.sbeok.t-flac16\jgb88-07-10d1t06.flac|My Sisters and Brothers
D:\Jerry Garcia\1988\jg1988-07-10.025416.jgb.fob-nak700.reutelhuber.miller.sbeok.t-flac16\jgb88-07-10d1t07.flac|Deal
D:\Jerry Garcia\1988\jg1988-07-10.025416.jgb.fob-nak700.reutelhuber.miller.sbeok.t-flac16\jgb88-07-10d2t01.flac|The Harder They Come
D:\Jerry Garcia\1988\jg1988-07-10.025416.jgb.fob-nak700.reutelhuber.miller.sbeok.t-flac16\jgb88-07-10d2t02.flac|Stop That Train
D:\Jerry Garcia\1988\jg1988-07-10.025416.jgb.fob-nak700.reutelhuber.miller.sbeok.t-flac16\jgb88-07-10d2t03.flac|Forever Young
D:\Jerry Garcia\1988\jg1988-07-10.025416.jgb.fob-nak700.reutelhuber.miller.sbeok.t-flac16\jgb88-07-10d2t04.flac|Think
D:\Jerry Garcia\1988\jg1988-07-10.025416.jgb.fob-nak700.reutelhuber.miller.sbeok.t-flac16\jgb88-07-10d2t05.flac|Evangeline
D:\Jerry Garcia\1988\jg1988-07-10.025416.jgb.fob-nak700.reutelhuber.miller.sbeok.t-flac16\jgb88-07-10d2t06.flac|That Lucky Old Sun
D:\Jerry Garcia\1988\jg1988-07-10.025416.jgb.fob-nak700.reutelhuber.miller.sbeok.t-flac16\jgb88-07-10d2t07.flac|Don't Let Go
D:\Jerry Garcia\1988\jg1988-07-16.010125.zero.senn441.olson.sbeok.t-flac16\zero88-07-16d1t01.flac|introduction
D:\Jerry Garcia\1988\jg1988-07-16.010125.zero.senn441.olson.sbeok.t-flac16\zero88-07-16d1t02.flac|The Golden Road
D:\Jerry Garcia\1988\jg1988-07-16.010125.zero.senn441.olson.sbeok.t-flac16\zero88-07-16d1t03.flac|Little Wing
D:\Jerry Garcia\1988\jg1988-07-16.010125.zero.senn441.olson.sbeok.t-flac16\zero88-07-16d1t04.flac|introductions
D:\Jerry Garcia\1988\jg1988-07-16.010125.zero.senn441.olson.sbeok.t-flac16\zero88-07-16d1t05.flac|Think
D:\Jerry Garcia\1988\jg1988-07-16.010125.zero.senn441.olson.sbeok.t-flac16\zero88-07-16d1t06.flac|Knockin' on Heaven's Door
D:\Jerry Garcia\1988\jg1988-07-16.010125.zero.senn441.olson.sbeok.t-flac16\zero88-07-16d1t07.flac|Goodnight Irene
D:\Jerry Garcia\1988\jg1988-10-31.004378.jgb.fob-schoeps.travitz.sbeok.t-flac16\jgb88-10-31d1t01.flac|Werewolves of London
D:\Jerry Garcia\1988\jg1988-10-31.004378.jgb.fob-schoeps.travitz.sbeok.t-flac16\jgb88-10-31d1t02.flac|Cats Under the Stars
D:\Jerry Garcia\1988\jg1988-10-31.004378.jgb.fob-schoeps.travitz.sbeok.t-flac16\jgb88-10-31d1t03.flac|Forever Young
D:\Jerry Garcia\1988\jg1988-10-31.004378.jgb.fob-schoeps.travitz.sbeok.t-flac16\jgb88-10-31d1t04.flac|Stop That Train
D:\Jerry Garcia\1988\jg1988-10-31.004378.jgb.fob-schoeps.travitz.sbeok.t-flac16\jgb88-10-31d1t05.flac|Run for the Roses
D:\Jerry Garcia\1988\jg1988-10-31.004378.jgb.fob-schoeps.travitz.sbeok.t-flac16\jgb88-10-31d1t06.flac|Think
D:\Jerry Garcia\1988\jg1988-10-31.004378.jgb.fob-schoeps.travitz.sbeok.t-flac16\jgb88-10-31d2t01.flac|Throw Out the Life Line
D:\Jerry Garcia\1988\jg1988-10-31.004378.jgb.fob-schoeps.travitz.sbeok.t-flac16\jgb88-10-31d2t02.flac|Evangeline
D:\Jerry Garcia\1988\jg1988-10-31.004378.jgb.fob-schoeps.travitz.sbeok.t-flac16\jgb88-10-31d2t03.flac|Don't Let Go
D:\Jerry Garcia\1988\jg1988-10-31.004378.jgb.fob-schoeps.travitz.sbeok.t-flac16\jgb88-10-31d2t04.flac|That Lucky Old Sun
D:\Jerry Garcia\1988\jg1988-10-31.004378.jgb.fob-schoeps.travitz.sbeok.t-flac16\jgb88-10-31d2t05.flac|Deal
D:\Jerry Garcia\1988\jg1988-10-31.004378.jgb.fob-schoeps.travitz.sbeok.t-flac16\jgb88-10-31d2t06.flac|My Sisters and Brothers
D:\Jerry Garcia\1988\jg1988-10-31.021790.jgb.nak700.reutelhuber.miller.sbeok.t-flac16\jgb88-10-31d1t01.flac|Werewolves of London
D:\Jerry Garcia\1988\jg1988-10-31.021790.jgb.nak700.reutelhuber.miller.sbeok.t-flac16\jgb88-10-31d1t02.flac|Cats Under the Stars
D:\Jerry Garcia\1988\jg1988-10-31.021790.jgb.nak700.reutelhuber.miller.sbeok.t-flac16\jgb88-10-31d1t03.flac|Forever Young
D:\Jerry Garcia\1988\jg1988-10-31.021790.jgb.nak700.reutelhuber.miller.sbeok.t-flac16\jgb88-10-31d1t04.flac|Stop That Train
D:\Jerry Garcia\1988\jg1988-10-31.021790.jgb.nak700.reutelhuber.miller.sbeok.t-flac16\jgb88-10-31d1t05.flac|Run for the Roses
D:\Jerry Garcia\1988\jg1988-10-31.021790.jgb.nak700.reutelhuber.miller.sbeok.t-flac16\jgb88-10-31d1t06.flac|Think
D:\Jerry Garcia\1988\jg1988-10-31.021790.jgb.nak700.reutelhuber.miller.sbeok.t-flac16\jgb88-10-31d2t01.flac|Throw Out the Life Line
D:\Jerry Garcia\1988\jg1988-10-31.021790.jgb.nak700.reutelhuber.miller.sbeok.t-flac16\jgb88-10-31d2t02.flac|Evangeline
D:\Jerry Garcia\1988\jg1988-10-31.021790.jgb.nak700.reutelhuber.miller.sbeok.t-flac16\jgb88-10-31d2t03.flac|Don't Let Go
D:\Jerry Garcia\1988\jg1988-10-31.021790.jgb.nak700.reutelhuber.miller.sbeok.t-flac16\jgb88-10-31d2t04.flac|That Lucky Old Sun
D:\Jerry Garcia\1988\jg1988-10-31.021790.jgb.nak700.reutelhuber.miller.sbeok.t-flac16\jgb88-10-31d2t05.flac|Deal
D:\Jerry Garcia\1988\jg1988-10-31.021790.jgb.nak700.reutelhuber.miller.sbeok.t-flac16\jgb88-10-31d2t06.flac|My Sisters and Brothers
D:\Jerry Garcia\1988\jg1988-11-04.014398.jgb.nak700.unknown.connor.sbeok.t-flac16\jgb88-11-04t01.flac|How Sweet It Is
D:\Jerry Garcia\1988\jg1988-11-04.014398.jgb.nak700.unknown.connor.sbeok.t-flac16\jgb88-11-04t02.flac|Stop That Train
D:\Jerry Garcia\1988\jg1988-11-04.014398.jgb.nak700.unknown.connor.sbeok.t-flac16\jgb88-11-04t03.flac|Someday Baby
D:\Jerry Garcia\1988\jg1988-11-04.014398.jgb.nak700.unknown.connor.sbeok.t-flac16\jgb88-11-04t04.flac|I Shall Be Released
D:\Jerry Garcia\1988\jg1988-11-04.014398.jgb.nak700.unknown.connor.sbeok.t-flac16\jgb88-11-04t05.flac|Get Out of My Life, Woman
D:\Jerry Garcia\1988\jg1988-11-04.014398.jgb.nak700.unknown.connor.sbeok.t-flac16\jgb88-11-04t06.flac|My Sisters and Brothers
D:\Jerry Garcia\1988\jg1988-11-04.014398.jgb.nak700.unknown.connor.sbeok.t-flac16\jgb88-11-04t07.flac|Evangeline
D:\Jerry Garcia\1988\jg1988-11-04.014398.jgb.nak700.unknown.connor.sbeok.t-flac16\jgb88-11-04t08.flac|And It Stoned Me
D:\Jerry Garcia\1988\jg1988-11-04.014398.jgb.nak700.unknown.connor.sbeok.t-flac16\jgb88-11-04t09.flac|Tangled Up in Blue
D:\Jerry Garcia\1988\jg1988-11-05.019837.jgb.nak700.unknown.ladner.sbeok.t-flac16\jgb88-11-05d1t01.flac|Cats Under the Stars
D:\Jerry Garcia\1988\jg1988-11-05.019837.jgb.nak700.unknown.ladner.sbeok.t-flac16\jgb88-11-05d1t02.flac|Forever Young
D:\Jerry Garcia\1988\jg1988-11-05.019837.jgb.nak700.unknown.ladner.sbeok.t-flac16\jgb88-11-05d1t03.flac|They Love Each Other
D:\Jerry Garcia\1988\jg1988-11-05.019837.jgb.nak700.unknown.ladner.sbeok.t-flac16\jgb88-11-05d1t04.flac|Mission in the Rain
D:\Jerry Garcia\1988\jg1988-11-05.019837.jgb.nak700.unknown.ladner.sbeok.t-flac16\jgb88-11-05d1t05.flac|Like a Road Leading Home
D:\Jerry Garcia\1988\jg1988-11-05.019837.jgb.nak700.unknown.ladner.sbeok.t-flac16\jgb88-11-05d1t06.flac|Run for the Roses
D:\Jerry Garcia\1988\jg1988-11-05.019837.jgb.nak700.unknown.ladner.sbeok.t-flac16\jgb88-11-05d1t07.flac|My Sisters and Brothers
D:\Jerry Garcia\1988\jg1988-11-05.019837.jgb.nak700.unknown.ladner.sbeok.t-flac16\jgb88-11-05d1t08.flac|Deal
D:\Jerry Garcia\1988\jg1988-11-05.019837.jgb.nak700.unknown.ladner.sbeok.t-flac16\jgb88-11-05d2t01.flac|The Harder They Come
D:\Jerry Garcia\1988\jg1988-11-05.019837.jgb.nak700.unknown.ladner.sbeok.t-flac16\jgb88-11-05d2t02.flac|Waiting for a Miracle
D:\Jerry Garcia\1988\jg1988-11-05.019837.jgb.nak700.unknown.ladner.sbeok.t-flac16\jgb88-11-05d2t03.flac|Knockin' on Heaven's Door
D:\Jerry Garcia\1988\jg1988-11-05.019837.jgb.nak700.unknown.ladner.sbeok.t-flac16\jgb88-11-05d2t04.flac|Mississippi Moon
D:\Jerry Garcia\1988\jg1988-11-05.019837.jgb.nak700.unknown.ladner.sbeok.t-flac16\jgb88-11-05d2t05.flac|Think
D:\Jerry Garcia\1988\jg1988-11-05.019837.jgb.nak700.unknown.ladner.sbeok.t-flac16\jgb88-11-05d2t06.flac|Gomorrah
D:\Jerry Garcia\1988\jg1988-11-05.019837.jgb.nak700.unknown.ladner.sbeok.t-flac16\jgb88-11-05d2t07.flac|Evangeline
D:\Jerry Garcia\1988\jg1988-11-05.019837.jgb.nak700.unknown.ladner.sbeok.t-flac16\jgb88-11-05d2t08.flac|Throw Out the Life Line
D:\Jerry Garcia\1988\jg1988-11-05.019837.jgb.nak700.unknown.ladner.sbeok.t-flac16\jgb88-11-05d2t09.flac|That Lucky Old Sun
D:\Jerry Garcia\1988\jg1988-11-05.019837.jgb.nak700.unknown.ladner.sbeok.t-flac16\jgb88-11-05d2t10.flac|Midnight Moonlight
D:\Jerry Garcia\1988\jg1988-11-05.099565.jgb.late.sbd.minches.t-flac16\jg1988-11-05l1t001.flac|tuning
D:\Jerry Garcia\1988\jg1988-11-05.099565.jgb.late.sbd.minches.t-flac16\jg1988-11-05l1t002.flac|The Harder They Come
D:\Jerry Garcia\1988\jg1988-11-05.099565.jgb.late.sbd.minches.t-flac16\jg1988-11-05l1t003.flac|Waiting for a Miracle
D:\Jerry Garcia\1988\jg1988-11-05.099565.jgb.late.sbd.minches.t-flac16\jg1988-11-05l1t004.flac|Knockin' on Heaven's Door
D:\Jerry Garcia\1988\jg1988-11-05.099565.jgb.late.sbd.minches.t-flac16\jg1988-11-05l1t005.flac|Mississippi Moon
D:\Jerry Garcia\1988\jg1988-11-05.099565.jgb.late.sbd.minches.t-flac16\jg1988-11-05l1t006.flac|Think
D:\Jerry Garcia\1988\jg1988-11-05.099565.jgb.late.sbd.minches.t-flac16\jg1988-11-05l1t007.flac|Gomorrah
D:\Jerry Garcia\1988\jg1988-11-05.099565.jgb.late.sbd.minches.t-flac16\jg1988-11-05l1t008.flac|Evangeline
D:\Jerry Garcia\1988\jg1988-11-05.099565.jgb.late.sbd.minches.t-flac16\jg1988-11-05l1t009.flac|Throw Out the Life Line
D:\Jerry Garcia\1988\jg1988-11-05.099565.jgb.late.sbd.minches.t-flac16\jg1988-11-05l1t010.flac|That Lucky Old Sun
D:\Jerry Garcia\1988\jg1988-11-05.099565.jgb.late.sbd.minches.t-flac16\jg1988-11-05l1t011.flac|Midnight Moonlight
D:\Jerry Garcia\1988\jg1988-11-05.140911.jgb.late.mtx.andrewf.t-flac16\jgb1988-11-05t01.flac|The Harder They Come
D:\Jerry Garcia\1988\jg1988-11-05.140911.jgb.late.mtx.andrewf.t-flac16\jgb1988-11-05t02.flac|Waiting for a Miracle
D:\Jerry Garcia\1988\jg1988-11-05.140911.jgb.late.mtx.andrewf.t-flac16\jgb1988-11-05t03.flac|Knockin' on Heaven's Door
D:\Jerry Garcia\1988\jg1988-11-05.140911.jgb.late.mtx.andrewf.t-flac16\jgb1988-11-05t04.flac|Mississippi Moon
D:\Jerry Garcia\1988\jg1988-11-05.140911.jgb.late.mtx.andrewf.t-flac16\jgb1988-11-05t05.flac|Think
D:\Jerry Garcia\1988\jg1988-11-05.140911.jgb.late.mtx.andrewf.t-flac16\jgb1988-11-05t06.flac|Gomorrah
D:\Jerry Garcia\1988\jg1988-11-05.140911.jgb.late.mtx.andrewf.t-flac16\jgb1988-11-05t07.flac|Evangeline
D:\Jerry Garcia\1988\jg1988-11-05.140911.jgb.late.mtx.andrewf.t-flac16\jgb1988-11-05t08.flac|Throw Out the Life Line
D:\Jerry Garcia\1988\jg1988-11-05.140911.jgb.late.mtx.andrewf.t-flac16\jgb1988-11-05t09.flac|That Lucky Old Sun
D:\Jerry Garcia\1988\jg1988-11-05.140911.jgb.late.mtx.andrewf.t-flac16\jgb1988-11-05t10.flac|Midnight Moonlight
D:\Jerry Garcia\1988\jg1988-11-25.017376.jgb.sbd.ladner.sbeok.t-flac16\jgb88-11-25d1t01.flac|Get Out of My Life, Woman
D:\Jerry Garcia\1988\jg1988-11-25.017376.jgb.sbd.ladner.sbeok.t-flac16\jgb88-11-25d1t02.flac|Stop That Train
D:\Jerry Garcia\1988\jg1988-11-25.017376.jgb.sbd.ladner.sbeok.t-flac16\jgb88-11-25d1t03.flac|Simple Twist of Fate
D:\Jerry Garcia\1988\jg1988-11-25.017376.jgb.sbd.ladner.sbeok.t-flac16\jgb88-11-25d1t04.flac|Run for the Roses
D:\Jerry Garcia\1988\jg1988-11-25.017376.jgb.sbd.ladner.sbeok.t-flac16\jgb88-11-25d1t05.flac|Like a Road Leading Home
D:\Jerry Garcia\1988\jg1988-11-25.017376.jgb.sbd.ladner.sbeok.t-flac16\jgb88-11-25d1t06.flac|Deal
D:\Jerry Garcia\1988\jg1988-11-25.017376.jgb.sbd.ladner.sbeok.t-flac16\jgb88-11-25d2t01.flac|The Harder They Come
D:\Jerry Garcia\1988\jg1988-11-25.017376.jgb.sbd.ladner.sbeok.t-flac16\jgb88-11-25d2t02.flac|I Shall Be Released
D:\Jerry Garcia\1988\jg1988-11-25.017376.jgb.sbd.ladner.sbeok.t-flac16\jgb88-11-25d2t03.flac|Mission in the Rain
D:\Jerry Garcia\1988\jg1988-11-25.017376.jgb.sbd.ladner.sbeok.t-flac16\jgb88-11-25d2t04.flac|Think
D:\Jerry Garcia\1988\jg1988-11-25.017376.jgb.sbd.ladner.sbeok.t-flac16\jgb88-11-25d2t05.flac|My Sisters and Brothers
D:\Jerry Garcia\1988\jg1988-11-25.017376.jgb.sbd.ladner.sbeok.t-flac16\jgb88-11-25d2t06.flac|Midnight Moonlight
D:\Jerry Garcia\1988\jg1988-11-25.088954.jgb.sennMKE2002.tdarian-corso.french.sbeok.t-flac16\jgb1988-11-25_mke2002_1644original_d1t01.flac|I'll Take a Melody
D:\Jerry Garcia\1988\jg1988-11-25.088954.jgb.sennMKE2002.tdarian-corso.french.sbeok.t-flac16\jgb1988-11-25_mke2002_1644original_d1t02.flac|Get Out of My Life, Woman
D:\Jerry Garcia\1988\jg1988-11-25.088954.jgb.sennMKE2002.tdarian-corso.french.sbeok.t-flac16\jgb1988-11-25_mke2002_1644original_d1t03.flac|Stop That Train
D:\Jerry Garcia\1988\jg1988-11-25.088954.jgb.sennMKE2002.tdarian-corso.french.sbeok.t-flac16\jgb1988-11-25_mke2002_1644original_d1t04.flac|Simple Twist of Fate
D:\Jerry Garcia\1988\jg1988-11-25.088954.jgb.sennMKE2002.tdarian-corso.french.sbeok.t-flac16\jgb1988-11-25_mke2002_1644original_d1t05.flac|Run for the Roses
D:\Jerry Garcia\1988\jg1988-11-25.088954.jgb.sennMKE2002.tdarian-corso.french.sbeok.t-flac16\jgb1988-11-25_mke2002_1644original_d1t06.flac|Like a Road Leading Home
D:\Jerry Garcia\1988\jg1988-11-25.088954.jgb.sennMKE2002.tdarian-corso.french.sbeok.t-flac16\jgb1988-11-25_mke2002_1644original_d1t07.flac|Deal
D:\Jerry Garcia\1988\jg1988-11-25.088954.jgb.sennMKE2002.tdarian-corso.french.sbeok.t-flac16\jgb1988-11-25_mke2002_1644original_d2t01.flac|The Harder They Come
D:\Jerry Garcia\1988\jg1988-11-25.088954.jgb.sennMKE2002.tdarian-corso.french.sbeok.t-flac16\jgb1988-11-25_mke2002_1644original_d2t02.flac|I Shall Be Released
D:\Jerry Garcia\1988\jg1988-11-25.088954.jgb.sennMKE2002.tdarian-corso.french.sbeok.t-flac16\jgb1988-11-25_mke2002_1644original_d2t03.flac|Mission in the Rain
D:\Jerry Garcia\1988\jg1988-11-25.088954.jgb.sennMKE2002.tdarian-corso.french.sbeok.t-flac16\jgb1988-11-25_mke2002_1644original_d2t04.flac|Think
D:\Jerry Garcia\1988\jg1988-11-25.088954.jgb.sennMKE2002.tdarian-corso.french.sbeok.t-flac16\jgb1988-11-25_mke2002_1644original_d2t05.flac|My Sisters and Brothers
D:\Jerry Garcia\1988\jg1988-11-25.088954.jgb.sennMKE2002.tdarian-corso.french.sbeok.t-flac16\jgb1988-11-25_mke2002_1644original_d2t06.flac|Midnight Moonlight
D:\Jerry Garcia\1988\jg1988-11-25.148619.jgb.sbd.latvala-nixon-clugston.t-flac16\jgb88-11-25 s1t01 I'll Take A Melody.flac|I'll Take A Melody
D:\Jerry Garcia\1988\jg1988-11-25.148619.jgb.sbd.latvala-nixon-clugston.t-flac16\jgb88-11-25 s1t02 Get Out Of My Life Woman.flac|Get Out Of My Life Woman
D:\Jerry Garcia\1988\jg1988-11-25.148619.jgb.sbd.latvala-nixon-clugston.t-flac16\jgb88-11-25 s1t03 Stop That Train.flac|Stop That Train
D:\Jerry Garcia\1988\jg1988-11-25.148619.jgb.sbd.latvala-nixon-clugston.t-flac16\jgb88-11-25 s1t04 Simple Twist Of Fate.flac|Simple Twist Of Fate
D:\Jerry Garcia\1988\jg1988-11-25.148619.jgb.sbd.latvala-nixon-clugston.t-flac16\jgb88-11-25 s1t05 Run For The Roses.flac|Run For The Roses
D:\Jerry Garcia\1988\jg1988-11-25.148619.jgb.sbd.latvala-nixon-clugston.t-flac16\jgb88-11-25 s1t06 Like A Road.flac|Like A Road > 
D:\Jerry Garcia\1988\jg1988-11-25.148619.jgb.sbd.latvala-nixon-clugston.t-flac16\jgb88-11-25 s1t07 Deal.flac|Deal
D:\Jerry Garcia\1988\jg1988-11-25.148619.jgb.sbd.latvala-nixon-clugston.t-flac16\jgb88-11-25 s2t01 Harder They Come.flac|Harder They Come
D:\Jerry Garcia\1988\jg1988-11-25.148619.jgb.sbd.latvala-nixon-clugston.t-flac16\jgb88-11-25 s2t02 I Shall Be Released.flac|I Shall Be Released
D:\Jerry Garcia\1988\jg1988-11-25.148619.jgb.sbd.latvala-nixon-clugston.t-flac16\jgb88-11-25 s2t03 Mission In The Rain.flac|Mission In The Rain
D:\Jerry Garcia\1988\jg1988-11-25.148619.jgb.sbd.latvala-nixon-clugston.t-flac16\jgb88-11-25 s2t04 Think.flac|Think
D:\Jerry Garcia\1988\jg1988-11-25.148619.jgb.sbd.latvala-nixon-clugston.t-flac16\jgb88-11-25 s2t05 My Brothersd & Sisters.flac|My Sisters and Brothers >
D:\Jerry Garcia\1988\jg1988-11-25.148619.jgb.sbd.latvala-nixon-clugston.t-flac16\jgb88-11-25 s2t06 Midnight Moonlight.flac|Midnight Moonlight
D:\Jerry Garcia\1988\jg1988-11-26.012023.jgb.sbd.angus-ladner.sbeok.t-flac16\jgb88-11-26d1t01.flac|Cats Under the Stars
D:\Jerry Garcia\1988\jg1988-11-26.012023.jgb.sbd.angus-ladner.sbeok.t-flac16\jgb88-11-26d1t02.flac|Forever Young
D:\Jerry Garcia\1988\jg1988-11-26.012023.jgb.sbd.angus-ladner.sbeok.t-flac16\jgb88-11-26d1t03.flac|Someday Baby
D:\Jerry Garcia\1988\jg1988-11-26.012023.jgb.sbd.angus-ladner.sbeok.t-flac16\jgb88-11-26d1t04.flac|Mississippi Moon
D:\Jerry Garcia\1988\jg1988-11-26.012023.jgb.sbd.angus-ladner.sbeok.t-flac16\jgb88-11-26d1t05.flac|Dear Prudence
D:\Jerry Garcia\1988\jg1988-11-26.012023.jgb.sbd.angus-ladner.sbeok.t-flac16\jgb88-11-26d1t06.flac|And It Stoned Me
D:\Jerry Garcia\1988\jg1988-11-26.012023.jgb.sbd.angus-ladner.sbeok.t-flac16\jgb88-11-26d1t07.flac|How Sweet It Is
D:\Jerry Garcia\1988\jg1988-11-26.012023.jgb.sbd.angus-ladner.sbeok.t-flac16\jgb88-11-26d2t01.flac|The Harder They Come
D:\Jerry Garcia\1988\jg1988-11-26.012023.jgb.sbd.angus-ladner.sbeok.t-flac16\jgb88-11-26d2t02.flac|Waiting for a Miracle
D:\Jerry Garcia\1988\jg1988-11-26.012023.jgb.sbd.angus-ladner.sbeok.t-flac16\jgb88-11-26d2t03.flac|Evangeline
D:\Jerry Garcia\1988\jg1988-11-26.012023.jgb.sbd.angus-ladner.sbeok.t-flac16\jgb88-11-26d2t04.flac|Don't Let Go
D:\Jerry Garcia\1988\jg1988-11-26.012023.jgb.sbd.angus-ladner.sbeok.t-flac16\jgb88-11-26d2t05.flac|My Sisters and Brothers
D:\Jerry Garcia\1988\jg1988-11-26.012023.jgb.sbd.angus-ladner.sbeok.t-flac16\jgb88-11-26d2t06.flac|That Lucky Old Sun
D:\Jerry Garcia\1988\jg1988-11-26.012023.jgb.sbd.angus-ladner.sbeok.t-flac16\jgb88-11-26d2t07.flac|Tangled Up in Blue
D:\Jerry Garcia\1988\jg1988-11-26.088955.jgb.sennMKE2002.tdarian-corso.french.sbeok.t-flac16\jgb1988-11-26_mke2002_1644original_d1t01.flac|Cats Under the Stars
D:\Jerry Garcia\1988\jg1988-11-26.088955.jgb.sennMKE2002.tdarian-corso.french.sbeok.t-flac16\jgb1988-11-26_mke2002_1644original_d1t02.flac|Forever Young
D:\Jerry Garcia\1988\jg1988-11-26.088955.jgb.sennMKE2002.tdarian-corso.french.sbeok.t-flac16\jgb1988-11-26_mke2002_1644original_d1t03.flac|Someday Baby
D:\Jerry Garcia\1988\jg1988-11-26.088955.jgb.sennMKE2002.tdarian-corso.french.sbeok.t-flac16\jgb1988-11-26_mke2002_1644original_d1t04.flac|Mississippi Moon
D:\Jerry Garcia\1988\jg1988-11-26.088955.jgb.sennMKE2002.tdarian-corso.french.sbeok.t-flac16\jgb1988-11-26_mke2002_1644original_d1t05.flac|Dear Prudence
D:\Jerry Garcia\1988\jg1988-11-26.088955.jgb.sennMKE2002.tdarian-corso.french.sbeok.t-flac16\jgb1988-11-26_mke2002_1644original_d1t06.flac|And It Stoned Me
D:\Jerry Garcia\1988\jg1988-11-26.088955.jgb.sennMKE2002.tdarian-corso.french.sbeok.t-flac16\jgb1988-11-26_mke2002_1644original_d1t07.flac|How Sweet It Is
D:\Jerry Garcia\1988\jg1988-11-26.088955.jgb.sennMKE2002.tdarian-corso.french.sbeok.t-flac16\jgb1988-11-26_mke2002_1644original_d2t01.flac|The Harder They Come
D:\Jerry Garcia\1988\jg1988-11-26.088955.jgb.sennMKE2002.tdarian-corso.french.sbeok.t-flac16\jgb1988-11-26_mke2002_1644original_d2t02.flac|Waiting for a Miracle
D:\Jerry Garcia\1988\jg1988-11-26.088955.jgb.sennMKE2002.tdarian-corso.french.sbeok.t-flac16\jgb1988-11-26_mke2002_1644original_d2t03.flac|Evangeline
D:\Jerry Garcia\1988\jg1988-11-26.088955.jgb.sennMKE2002.tdarian-corso.french.sbeok.t-flac16\jgb1988-11-26_mke2002_1644original_d2t04.flac|Don't Let Go
D:\Jerry Garcia\1988\jg1988-11-26.088955.jgb.sennMKE2002.tdarian-corso.french.sbeok.t-flac16\jgb1988-11-26_mke2002_1644original_d2t05.flac|My Sisters and Brothers
D:\Jerry Garcia\1988\jg1988-11-26.088955.jgb.sennMKE2002.tdarian-corso.french.sbeok.t-flac16\jgb1988-11-26_mke2002_1644original_d2t06.flac|That Lucky Old Sun
D:\Jerry Garcia\1988\jg1988-11-26.088955.jgb.sennMKE2002.tdarian-corso.french.sbeok.t-flac16\jgb1988-11-26_mke2002_1644original_d2t07.flac|Tangled Up in Blue
D:\Jerry Garcia\1988\jg1988-11-27.084824.jgb.sbd.unknown.sbeok.t-flac16\JGB T01 How Sweet It Is.flac|How Sweet It Is
D:\Jerry Garcia\1988\jg1988-11-27.084824.jgb.sbd.unknown.sbeok.t-flac16\JGB T02 Stop That Train.flac|Stop That Train
D:\Jerry Garcia\1988\jg1988-11-27.084824.jgb.sbd.unknown.sbeok.t-flac16\JGB T03 Get Out Of My Life Woman.flac|Get Out of My Life, Woman
D:\Jerry Garcia\1988\jg1988-11-27.084824.jgb.sbd.unknown.sbeok.t-flac16\JGB T04 Run For The Roses.flac|Run for the Roses
D:\Jerry Garcia\1988\jg1988-11-27.084824.jgb.sbd.unknown.sbeok.t-flac16\JGB T05 And It Stoned Me.flac|And It Stoned Me
D:\Jerry Garcia\1988\jg1988-11-27.084824.jgb.sbd.unknown.sbeok.t-flac16\JGB T06 Deal.flac|Deal
D:\Jerry Garcia\1988\jg1988-11-27.084824.jgb.sbd.unknown.sbeok.t-flac16\JGB T07 Mission In The Rain.flac|Mission in the Rain
D:\Jerry Garcia\1988\jg1988-11-27.084824.jgb.sbd.unknown.sbeok.t-flac16\JGB T08 Waiting For A Miracle.flac|Waiting for a Miracle
D:\Jerry Garcia\1988\jg1988-11-27.084824.jgb.sbd.unknown.sbeok.t-flac16\JGB T09 Sisters And Brothers.flac|My Sisters and Brothers
D:\Jerry Garcia\1988\jg1988-11-27.084824.jgb.sbd.unknown.sbeok.t-flac16\JGB T10 Lucky Ol' Sun.flac|That Lucky Old Sun
D:\Jerry Garcia\1988\jg1988-11-27.084824.jgb.sbd.unknown.sbeok.t-flac16\Jgb T11 Tangled Up in Blue.flac|Tangled Up in Blue
D:\Jerry Garcia\1988\jg1988-11-27.088956.jgb.sennMKE2002.tdarian-corso.french.sbeok.t-flac16\jgb1988-11-27_mke2002_1644original_d1t01.flac|How Sweet It Is
D:\Jerry Garcia\1988\jg1988-11-27.088956.jgb.sennMKE2002.tdarian-corso.french.sbeok.t-flac16\jgb1988-11-27_mke2002_1644original_d1t02.flac|Stop That Train
D:\Jerry Garcia\1988\jg1988-11-27.088956.jgb.sennMKE2002.tdarian-corso.french.sbeok.t-flac16\jgb1988-11-27_mke2002_1644original_d1t03.flac|Get Out of My Life, Woman
D:\Jerry Garcia\1988\jg1988-11-27.088956.jgb.sennMKE2002.tdarian-corso.french.sbeok.t-flac16\jgb1988-11-27_mke2002_1644original_d1t04.flac|Run for the Roses
D:\Jerry Garcia\1988\jg1988-11-27.088956.jgb.sennMKE2002.tdarian-corso.french.sbeok.t-flac16\jgb1988-11-27_mke2002_1644original_d1t05.flac|And It Stoned Me
D:\Jerry Garcia\1988\jg1988-11-27.088956.jgb.sennMKE2002.tdarian-corso.french.sbeok.t-flac16\jgb1988-11-27_mke2002_1644original_d1t06.flac|Deal
D:\Jerry Garcia\1988\jg1988-11-27.088956.jgb.sennMKE2002.tdarian-corso.french.sbeok.t-flac16\jgb1988-11-27_mke2002_1644original_d2t01.flac|Mission in the Rain
D:\Jerry Garcia\1988\jg1988-11-27.088956.jgb.sennMKE2002.tdarian-corso.french.sbeok.t-flac16\jgb1988-11-27_mke2002_1644original_d2t02.flac|Waiting for a Miracle
D:\Jerry Garcia\1988\jg1988-11-27.088956.jgb.sennMKE2002.tdarian-corso.french.sbeok.t-flac16\jgb1988-11-27_mke2002_1644original_d2t03.flac|Russian Lullaby
D:\Jerry Garcia\1988\jg1988-11-27.088956.jgb.sennMKE2002.tdarian-corso.french.sbeok.t-flac16\jgb1988-11-27_mke2002_1644original_d2t04.flac|Evangeline
D:\Jerry Garcia\1988\jg1988-11-27.088956.jgb.sennMKE2002.tdarian-corso.french.sbeok.t-flac16\jgb1988-11-27_mke2002_1644original_d2t05.flac|My Sisters and Brothers
D:\Jerry Garcia\1988\jg1988-11-27.088956.jgb.sennMKE2002.tdarian-corso.french.sbeok.t-flac16\jgb1988-11-27_mke2002_1644original_d2t06.flac|Midnight Moonlight
D:\Jerry Garcia\1988\jg1988-12-02.019969.jgb.schoeps.unknown.ladner.sbeok.t-flac16\jgb88-12-02d1t01.flac|How Sweet It Is
D:\Jerry Garcia\1988\jg1988-12-02.019969.jgb.schoeps.unknown.ladner.sbeok.t-flac16\jgb88-12-02d1t02.flac|Waiting for a Miracle
D:\Jerry Garcia\1988\jg1988-12-02.019969.jgb.schoeps.unknown.ladner.sbeok.t-flac16\jgb88-12-02d1t03.flac|I Shall Be Released
D:\Jerry Garcia\1988\jg1988-12-02.019969.jgb.schoeps.unknown.ladner.sbeok.t-flac16\jgb88-12-02d1t04.flac|That's What Love Will Make You Do
D:\Jerry Garcia\1988\jg1988-12-02.019969.jgb.schoeps.unknown.ladner.sbeok.t-flac16\jgb88-12-02d1t05.flac|Stop That Train
D:\Jerry Garcia\1988\jg1988-12-02.019969.jgb.schoeps.unknown.ladner.sbeok.t-flac16\jgb88-12-02d1t06.flac|Tangled Up in Blue
D:\Jerry Garcia\1988\jg1988-12-02.019969.jgb.schoeps.unknown.ladner.sbeok.t-flac16\jgb88-12-02d2t01.flac|The Harder They Come
D:\Jerry Garcia\1988\jg1988-12-02.019969.jgb.schoeps.unknown.ladner.sbeok.t-flac16\jgb88-12-02d2t02.flac|Mission in the Rain
D:\Jerry Garcia\1988\jg1988-12-02.019969.jgb.schoeps.unknown.ladner.sbeok.t-flac16\jgb88-12-02d2t03.flac|Like a Road Leading Home
D:\Jerry Garcia\1988\jg1988-12-02.019969.jgb.schoeps.unknown.ladner.sbeok.t-flac16\jgb88-12-02d2t04.flac|Think
D:\Jerry Garcia\1988\jg1988-12-02.019969.jgb.schoeps.unknown.ladner.sbeok.t-flac16\jgb88-12-02d2t05.flac|Evangeline
D:\Jerry Garcia\1988\jg1988-12-02.019969.jgb.schoeps.unknown.ladner.sbeok.t-flac16\jgb88-12-02d2t06.flac|Don't Let Go
D:\Jerry Garcia\1988\jg1988-12-02.020833.jgb.fob-nak700.reutelhuber.miller.sbeok.t-flac16\jgb88-12-02d1t01.flac|How Sweet It Is
D:\Jerry Garcia\1988\jg1988-12-02.020833.jgb.fob-nak700.reutelhuber.miller.sbeok.t-flac16\jgb88-12-02d1t02.flac|Waiting for a Miracle
D:\Jerry Garcia\1988\jg1988-12-02.020833.jgb.fob-nak700.reutelhuber.miller.sbeok.t-flac16\jgb88-12-02d1t03.flac|I Shall Be Released
D:\Jerry Garcia\1988\jg1988-12-02.020833.jgb.fob-nak700.reutelhuber.miller.sbeok.t-flac16\jgb88-12-02d1t04.flac|That's What Love Will Make You Do
D:\Jerry Garcia\1988\jg1988-12-02.020833.jgb.fob-nak700.reutelhuber.miller.sbeok.t-flac16\jgb88-12-02d1t05.flac|Stop That Train
D:\Jerry Garcia\1988\jg1988-12-02.020833.jgb.fob-nak700.reutelhuber.miller.sbeok.t-flac16\jgb88-12-02d1t06.flac|Tangled Up in Blue
D:\Jerry Garcia\1988\jg1988-12-02.020833.jgb.fob-nak700.reutelhuber.miller.sbeok.t-flac16\jgb88-12-02d2t01.flac|The Harder They Come
D:\Jerry Garcia\1988\jg1988-12-02.020833.jgb.fob-nak700.reutelhuber.miller.sbeok.t-flac16\jgb88-12-02d2t02.flac|Mission in the Rain
D:\Jerry Garcia\1988\jg1988-12-02.020833.jgb.fob-nak700.reutelhuber.miller.sbeok.t-flac16\jgb88-12-02d2t03.flac|Like a Road Leading Home
D:\Jerry Garcia\1988\jg1988-12-02.020833.jgb.fob-nak700.reutelhuber.miller.sbeok.t-flac16\jgb88-12-02d2t04.flac|Think
D:\Jerry Garcia\1988\jg1988-12-02.020833.jgb.fob-nak700.reutelhuber.miller.sbeok.t-flac16\jgb88-12-02d2t05.flac|Evangeline
D:\Jerry Garcia\1988\jg1988-12-02.020833.jgb.fob-nak700.reutelhuber.miller.sbeok.t-flac16\jgb88-12-02d2t06.flac|Don't Let Go
D:\Jerry Garcia\1988\jg1988-12-03.019970.jgb.schoeps.unknown.powell-ladner.sbeok.t-flac16\jgb88-12-03d1t01.flac|Cats Under the Stars
D:\Jerry Garcia\1988\jg1988-12-03.019970.jgb.schoeps.unknown.powell-ladner.sbeok.t-flac16\jgb88-12-03d1t02.flac|Forever Young
D:\Jerry Garcia\1988\jg1988-12-03.019970.jgb.schoeps.unknown.powell-ladner.sbeok.t-flac16\jgb88-12-03d1t03.flac|Run for the Roses
D:\Jerry Garcia\1988\jg1988-12-03.019970.jgb.schoeps.unknown.powell-ladner.sbeok.t-flac16\jgb88-12-03d1t04.flac|Someday Baby
D:\Jerry Garcia\1988\jg1988-12-03.019970.jgb.schoeps.unknown.powell-ladner.sbeok.t-flac16\jgb88-12-03d1t05.flac|The Night They Drove Old Dixie Down
D:\Jerry Garcia\1988\jg1988-12-03.019970.jgb.schoeps.unknown.powell-ladner.sbeok.t-flac16\jgb88-12-03d1t06.flac|Deal
D:\Jerry Garcia\1988\jg1988-12-03.019970.jgb.schoeps.unknown.powell-ladner.sbeok.t-flac16\jgb88-12-03d2t01.flac|The Harder They Come
D:\Jerry Garcia\1988\jg1988-12-03.019970.jgb.schoeps.unknown.powell-ladner.sbeok.t-flac16\jgb88-12-03d2t02.flac|Waiting for a Miracle
D:\Jerry Garcia\1988\jg1988-12-03.019970.jgb.schoeps.unknown.powell-ladner.sbeok.t-flac16\jgb88-12-03d2t03.flac|Stop That Train
D:\Jerry Garcia\1988\jg1988-12-03.019970.jgb.schoeps.unknown.powell-ladner.sbeok.t-flac16\jgb88-12-03d2t04.flac|Think
D:\Jerry Garcia\1988\jg1988-12-03.019970.jgb.schoeps.unknown.powell-ladner.sbeok.t-flac16\jgb88-12-03d2t05.flac|Throw Out the Life Line
D:\Jerry Garcia\1988\jg1988-12-03.019970.jgb.schoeps.unknown.powell-ladner.sbeok.t-flac16\jgb88-12-03d2t06.flac|Tangled Up in Blue
D:\Jerry Garcia\1988\jg1988-12-03.020834.jgb.fob-nak700.reutelhuber.miller.sbeok.t-flac16\jgb88-12-03d1t01.flac|Cats Under the Stars
D:\Jerry Garcia\1988\jg1988-12-03.020834.jgb.fob-nak700.reutelhuber.miller.sbeok.t-flac16\jgb88-12-03d1t02.flac|Forever Young
D:\Jerry Garcia\1988\jg1988-12-03.020834.jgb.fob-nak700.reutelhuber.miller.sbeok.t-flac16\jgb88-12-03d1t03.flac|Run for the Roses
D:\Jerry Garcia\1988\jg1988-12-03.020834.jgb.fob-nak700.reutelhuber.miller.sbeok.t-flac16\jgb88-12-03d1t04.flac|Someday Baby
D:\Jerry Garcia\1988\jg1988-12-03.020834.jgb.fob-nak700.reutelhuber.miller.sbeok.t-flac16\jgb88-12-03d1t05.flac|The Night They Drove Old Dixie Down
D:\Jerry Garcia\1988\jg1988-12-03.020834.jgb.fob-nak700.reutelhuber.miller.sbeok.t-flac16\jgb88-12-03d1t06.flac|Deal
D:\Jerry Garcia\1988\jg1988-12-03.020834.jgb.fob-nak700.reutelhuber.miller.sbeok.t-flac16\jgb88-12-03d2t01.flac|The Harder They Come
D:\Jerry Garcia\1988\jg1988-12-03.020834.jgb.fob-nak700.reutelhuber.miller.sbeok.t-flac16\jgb88-12-03d2t02.flac|Waiting for a Miracle
D:\Jerry Garcia\1988\jg1988-12-03.020834.jgb.fob-nak700.reutelhuber.miller.sbeok.t-flac16\jgb88-12-03d2t03.flac|Stop That Train
D:\Jerry Garcia\1988\jg1988-12-03.020834.jgb.fob-nak700.reutelhuber.miller.sbeok.t-flac16\jgb88-12-03d2t04.flac|Think
D:\Jerry Garcia\1988\jg1988-12-03.020834.jgb.fob-nak700.reutelhuber.miller.sbeok.t-flac16\jgb88-12-03d2t05.flac|Throw Out the Life Line
D:\Jerry Garcia\1988\jg1988-12-03.020834.jgb.fob-nak700.reutelhuber.miller.sbeok.t-flac16\jgb88-12-03d2t06.flac|Tangled Up in Blue
D:\Jerry Garcia\1988\jg1988-12-04.015009.gww.sbd.willy.sbeok.t-flac16\gw&w88-12-04t01.flac|Wang Dang Doodle
D:\Jerry Garcia\1988\jg1988-12-04.015009.gww.sbd.willy.sbeok.t-flac16\gw&w88-12-04t02.flac|Friend of the Devil
D:\Jerry Garcia\1988\jg1988-12-04.015009.gww.sbd.willy.sbeok.t-flac16\gw&w88-12-04t03.flac|Throwing Stones
D:\Jerry Garcia\1988\jg1988-12-04.015009.gww.sbd.willy.sbeok.t-flac16\gw&w88-12-04t04.flac|Ripple
D:\Jerry Garcia\1988\jg1988-12-04.092381.gww.fob-nak700.PS.t-flac16\jg1988-12-04-PS-t01.flac|Wang Dang Doodle
D:\Jerry Garcia\1988\jg1988-12-04.092381.gww.fob-nak700.PS.t-flac16\jg1988-12-04-PS-t02.flac|Friend of the Devil
D:\Jerry Garcia\1988\jg1988-12-04.092381.gww.fob-nak700.PS.t-flac16\jg1988-12-04-PS-t03.flac|Throwing Stones
D:\Jerry Garcia\1988\jg1988-12-04.092381.gww.fob-nak700.PS.t-flac16\jg1988-12-04-PS-t04.flac|Ripple
D:\Jerry Garcia\1988\jg1988-12-04.141967.jgbwrw.UltraMatrix.sbd.cm.miller.t-flac16\01 Introduction.flac|introduction
D:\Jerry Garcia\1988\jg1988-12-04.141967.jgbwrw.UltraMatrix.sbd.cm.miller.t-flac16\02 Comes A Time.flac|Comes a Time
D:\Jerry Garcia\1988\jg1988-12-04.141967.jgbwrw.UltraMatrix.sbd.cm.miller.t-flac16\03 Sugar Mountain.flac|Sugar Mountain
D:\Jerry Garcia\1988\jg1988-12-04.141967.jgbwrw.UltraMatrix.sbd.cm.miller.t-flac16\04 This Notes For You.flac|This Note's for You
D:\Jerry Garcia\1988\jg1988-12-04.141967.jgbwrw.UltraMatrix.sbd.cm.miller.t-flac16\05 American Dream.flac|American Dream
D:\Jerry Garcia\1988\jg1988-12-04.141967.jgbwrw.UltraMatrix.sbd.cm.miller.t-flac16\06 Introduction.flac|introduction
D:\Jerry Garcia\1988\jg1988-12-04.141967.jgbwrw.UltraMatrix.sbd.cm.miller.t-flac16\07 Dreams Die Hard.flac|Dreams Die Hard
D:\Jerry Garcia\1988\jg1988-12-04.141967.jgbwrw.UltraMatrix.sbd.cm.miller.t-flac16\08 Live Each Day.flac|Live Each Day
D:\Jerry Garcia\1988\jg1988-12-04.141967.jgbwrw.UltraMatrix.sbd.cm.miller.t-flac16\09 Believe A Little Bit In Yourself.flac|Believe
D:\Jerry Garcia\1988\jg1988-12-04.141967.jgbwrw.UltraMatrix.sbd.cm.miller.t-flac16\10 Keith Don't Go.flac|Keith Don't Go
D:\Jerry Garcia\1988\jg1988-12-04.141967.jgbwrw.UltraMatrix.sbd.cm.miller.t-flac16\11 No Mercy.flac|No Mercy
D:\Jerry Garcia\1988\jg1988-12-04.141967.jgbwrw.UltraMatrix.sbd.cm.miller.t-flac16\12 Introduction.flac|introduction
D:\Jerry Garcia\1988\jg1988-12-04.141967.jgbwrw.UltraMatrix.sbd.cm.miller.t-flac16\13 Untouchables.flac|Untouchables
D:\Jerry Garcia\1988\jg1988-12-04.141967.jgbwrw.UltraMatrix.sbd.cm.miller.t-flac16\14 Sweet Sixteen.flac|Sweet Sixteen
D:\Jerry Garcia\1988\jg1988-12-04.141967.jgbwrw.UltraMatrix.sbd.cm.miller.t-flac16\15 Bo Diddley.flac|Bo Diddley
D:\Jerry Garcia\1988\jg1988-12-04.141967.jgbwrw.UltraMatrix.sbd.cm.miller.t-flac16\16 To Be A Lover.flac|To Be a Lover
D:\Jerry Garcia\1988\jg1988-12-04.141967.jgbwrw.UltraMatrix.sbd.cm.miller.t-flac16\17 Prodigal Son Blues.flac|Prodigal Son Blues
D:\Jerry Garcia\1988\jg1988-12-04.141967.jgbwrw.UltraMatrix.sbd.cm.miller.t-flac16\18 San Francisco Bay Blues.flac|San Francisco Bay Blues
D:\Jerry Garcia\1988\jg1988-12-04.141967.jgbwrw.UltraMatrix.sbd.cm.miller.t-flac16\19 Pretty Boy Floyd.flac|Pretty Boy Floyd
D:\Jerry Garcia\1988\jg1988-12-04.141967.jgbwrw.UltraMatrix.sbd.cm.miller.t-flac16\20 With God On Our Side.flac|With God on Our Side
D:\Jerry Garcia\1988\jg1988-12-04.141967.jgbwrw.UltraMatrix.sbd.cm.miller.t-flac16\21 Girl From The North Country.flac|Girl from the North Country
D:\Jerry Garcia\1988\jg1988-12-04.141967.jgbwrw.UltraMatrix.sbd.cm.miller.t-flac16\22 Gates Of Eden.flac|Gates of Eden
D:\Jerry Garcia\1988\jg1988-12-04.141967.jgbwrw.UltraMatrix.sbd.cm.miller.t-flac16\23 Forever Young.flac|Forever Young
D:\Jerry Garcia\1988\jg1988-12-04.141967.jgbwrw.UltraMatrix.sbd.cm.miller.t-flac16\24 Wang Dang Doodle.flac|Wang Dang Doodle
D:\Jerry Garcia\1988\jg1988-12-04.141967.jgbwrw.UltraMatrix.sbd.cm.miller.t-flac16\25 Friend Of The Devil.flac|Friend of the Devil
D:\Jerry Garcia\1988\jg1988-12-04.141967.jgbwrw.UltraMatrix.sbd.cm.miller.t-flac16\26 Throwing Stones.flac|Throwing Stones
D:\Jerry Garcia\1988\jg1988-12-04.141967.jgbwrw.UltraMatrix.sbd.cm.miller.t-flac16\27 Ripple.flac|Ripple
D:\Jerry Garcia\1988\jg1988-12-04.141967.jgbwrw.UltraMatrix.sbd.cm.miller.t-flac16\28 Tuning.flac|tuning
D:\Jerry Garcia\1988\jg1988-12-04.141967.jgbwrw.UltraMatrix.sbd.cm.miller.t-flac16\29 Even The Losers.flac|Even the Losers
D:\Jerry Garcia\1988\jg1988-12-04.141967.jgbwrw.UltraMatrix.sbd.cm.miller.t-flac16\30 Blue Moon Of Kentucky.flac|Blue Moon of Kentucky
D:\Jerry Garcia\1988\jg1988-12-04.141967.jgbwrw.UltraMatrix.sbd.cm.miller.t-flac16\31 The Wild One, Forever.flac|The Wild One, Forever
D:\Jerry Garcia\1988\jg1988-12-04.141967.jgbwrw.UltraMatrix.sbd.cm.miller.t-flac16\32 Refugee.flac|Refugee
D:\Jerry Garcia\1988\jg1988-12-04.141967.jgbwrw.UltraMatrix.sbd.cm.miller.t-flac16\33 Don't Comes Around Here No More.flac|Don't Come Around Here No More
D:\Jerry Garcia\1988\jg1988-12-04.141967.jgbwrw.UltraMatrix.sbd.cm.miller.t-flac16\34 The Waiting.flac|The Waiting
D:\Jerry Garcia\1988\jg1988-12-04.141967.jgbwrw.UltraMatrix.sbd.cm.miller.t-flac16\35 Introduction.flac|introduction
D:\Jerry Garcia\1988\jg1988-12-04.141967.jgbwrw.UltraMatrix.sbd.cm.miller.t-flac16\36 If Not Now.flac|If Not Now...
D:\Jerry Garcia\1988\jg1988-12-04.141967.jgbwrw.UltraMatrix.sbd.cm.miller.t-flac16\37 God Was Watching.flac|God Was Watching
D:\Jerry Garcia\1988\jg1988-12-04.141967.jgbwrw.UltraMatrix.sbd.cm.miller.t-flac16\38 Fast Car.flac|Fast Car
D:\Jerry Garcia\1988\jg1988-12-04.141967.jgbwrw.UltraMatrix.sbd.cm.miller.t-flac16\39 Mountains O' Things.flac|Mountains O' Things
D:\Jerry Garcia\1988\jg1988-12-04.141967.jgbwrw.UltraMatrix.sbd.cm.miller.t-flac16\40 All That You Have Is Your Soul.flac|All That You Have Is Your Soul
D:\Jerry Garcia\1988\jg1988-12-04.141967.jgbwrw.UltraMatrix.sbd.cm.miller.t-flac16\41 Introduction.flac|introduction
D:\Jerry Garcia\1988\jg1988-12-04.141967.jgbwrw.UltraMatrix.sbd.cm.miller.t-flac16\42 Helplessly Hoping.flac|Helplessly Hoping
D:\Jerry Garcia\1988\jg1988-12-04.141967.jgbwrw.UltraMatrix.sbd.cm.miller.t-flac16\43 Love The One You're With.flac|Love the One You're With
D:\Jerry Garcia\1988\jg1988-12-04.141967.jgbwrw.UltraMatrix.sbd.cm.miller.t-flac16\44 This Old House.flac|This Old House
D:\Jerry Garcia\1988\jg1988-12-04.141967.jgbwrw.UltraMatrix.sbd.cm.miller.t-flac16\45 Southern Man.flac|Southern Man
D:\Jerry Garcia\1988\jg1988-12-04.141967.jgbwrw.UltraMatrix.sbd.cm.miller.t-flac16\46 Don't Say Goodbye.flac|Don't Say Goodbye
D:\Jerry Garcia\1988\jg1988-12-04.141967.jgbwrw.UltraMatrix.sbd.cm.miller.t-flac16\47 Compass.flac|Compass
D:\Jerry Garcia\1988\jg1988-12-04.141967.jgbwrw.UltraMatrix.sbd.cm.miller.t-flac16\48 Long Time Gone.flac|Long Time Gone
D:\Jerry Garcia\1988\jg1988-12-04.141967.jgbwrw.UltraMatrix.sbd.cm.miller.t-flac16\49 Southern Cross.flac|Southern Cross
D:\Jerry Garcia\1988\jg1988-12-04.141967.jgbwrw.UltraMatrix.sbd.cm.miller.t-flac16\50 Encore Break.flac|encore break
D:\Jerry Garcia\1988\jg1988-12-04.141967.jgbwrw.UltraMatrix.sbd.cm.miller.t-flac16\51 Teach Your Children.flac|Teach Your Children
