Z:\Grateful Dead\1965-1966\gd1965-11-03.09044.sbd.vernon.sbeok.t-flac\gd1965-11-03d1t02.flac,['Mindbender']
Z:\Grateful Dead\1965-1966\gd1965-11-03.09044.sbd.vernon.sbeok.t-flac\gd1965-11-03d1t03.flac,['The Only Time Is Now']
Z:\Grateful Dead\1965-1966\gd1965-11-03.09044.sbd.vernon.sbeok.t-flac\gd1965-11-03d1t04.flac,['Caution//']
Z:\Grateful Dead\1965-1966\gd1965-11-03.09044.sbd.vernon.sbeok.t-flac\gd1965-11-03d1t05.flac,['I Know You Rider']
Z:\Grateful Dead\1965-1966\gd1965-11-03.09044.sbd.vernon.sbeok.t-flac\gd1965-11-03d1t06.flac,['Early Morning Rain']
Z:\Grateful Dead\1965-1966\gd1965-11-03.09044.sbd.vernon.sbeok.t-flac\gd1965-11-03d1t07.flac,['Tastebud']
Z:\Grateful Dead\1965-1966\gd1965-11-03.09044.sbd.vernon.sbeok.t-flac\gd1965-11-03d1t08.flac,["Manson's Children"]
Z:\Grateful Dead\1965-1966\gd1965-11-03.09044.sbd.vernon.sbeok.t-flac\gd1965-11-03d1t09.flac,["Uncle John's Band"]
Z:\Grateful Dead\1965-1966\gd1965-11-03.09044.sbd.vernon.sbeok.t-flac\gd1965-11-03d1t10.flac,['Ripple']
Z:\Grateful Dead\1965-1966\gd1965-11-03.09044.sbd.vernon.sbeok.t-flac\gd1965-11-03d1t11.flac,['Cold Rain & Snow']
Z:\Grateful Dead\1965-1966\gd1965-11-03.09044.sbd.vernon.sbeok.t-flac\gd1965-11-03d1t12.flac,["You Don't Have to Ask"]
Z:\Grateful Dead\1965-1966\gd1965-11-03.09044.sbd.vernon.sbeok.t-flac\gd1965-11-03d1t13.flac,["Stealiin'"]
Z:\Grateful Dead\1965-1966\gd1965-11-03.09044.sbd.vernon.sbeok.t-flac\gd1965-11-03d1t14.flac,['I Know You Rider']
Z:\Grateful Dead\1965-1966\gd1965-11-03.09044.sbd.vernon.sbeok.t-flac\gd1965-11-03d1t15.flac,["Don't Ease Me In"]
Z:\Grateful Dead\1965-1966\gd1965-11-03.09044.sbd.vernon.sbeok.t-flac\gd1965-11-03d1t16.flac,['Cardboard Cowboy']
Z:\Grateful Dead\1965-1966\gd1965-11-03.09044.sbd.vernon.sbeok.t-flac\gd1965-11-03d1t17.flac,["Mason's Children"]
Z:\Grateful Dead\1965-1966\gd1965-11-03.09044.sbd.vernon.sbeok.t-flac\gd1965-11-03d1t18.flac,['Turn on Your Lovelight']
Z:\Grateful Dead\1965-1966\gd1965.005406-acid-tests.sbd.bershaw.t-flac16\Acid1_01.flac,['Stage Chaos/More Power Rap']
Z:\Grateful Dead\1965-1966\gd1965.005406-acid-tests.sbd.bershaw.t-flac16\Acid1_02.flac,['King Bee']
Z:\Grateful Dead\1965-1966\gd1965.005406-acid-tests.sbd.bershaw.t-flac16\Acid1_03.flac,["I'm A Hog For You Baby"]
Z:\Grateful Dead\1965-1966\gd1965.005406-acid-tests.sbd.bershaw.t-flac16\Acid1_04.flac,['Caution: Do Not Step On Tracks >']
Z:\Grateful Dead\1965-1966\gd1965.005406-acid-tests.sbd.bershaw.t-flac16\Acid1_05.flac,["Death Don't Have No Mercy"]
Z:\Grateful Dead\1965-1966\gd1965.005406-acid-tests.sbd.bershaw.t-flac16\Acid1_06.flac,['Star Spangled Banner / closing remarks']
Z:\Grateful Dead\1965-1966\gd1965.005406-acid-tests.sbd.bershaw.t-flac16\Acid1_07.flac,['Ken Kesey interviewed by Frank Fey']
Z:\Grateful Dead\1965-1966\gd1965.005406-acid-tests.sbd.bershaw.t-flac16\Acid1_08.flac,['Ken Babbs and harmonica']
Z:\Grateful Dead\1965-1966\gd1965.005406-acid-tests.sbd.bershaw.t-flac16\Acid1_09.flac,['Take Two: Ken Kesey']
Z:\Grateful Dead\1965-1966\gd1965.005406-acid-tests.sbd.bershaw.t-flac16\Acid1_10.flac,['Bull']
Z:\Grateful Dead\1965-1966\gd1965.005406-acid-tests.sbd.bershaw.t-flac16\Acid1_11.flac,['Peggy The Pistol']
Z:\Grateful Dead\1965-1966\gd1965.005406-acid-tests.sbd.bershaw.t-flac16\Acid1_12.flac,['One-way Ticket']
Z:\Grateful Dead\1965-1966\gd1965.005406-acid-tests.sbd.bershaw.t-flac16\Acid1_13.flac,['Bells And Fairies']
Z:\Grateful Dead\1965-1966\gd1965.005406-acid-tests.sbd.bershaw.t-flac16\Acid1_14.flac,['Levitation']
Z:\Grateful Dead\1965-1966\gd1965.005406-acid-tests.sbd.bershaw.t-flac16\Acid1_15.flac,['Trip X']
Z:\Grateful Dead\1965-1966\gd1965.005406-acid-tests.sbd.bershaw.t-flac16\Acid1_16.flac,['The End']
Z:\Grateful Dead\1965-1966\gd1965.005406-acid-tests.sbd.bershaw.t-flac16\Acid2_01.flac,['Viola Lee Blues']
Z:\Grateful Dead\1965-1966\gd1965.005406-acid-tests.sbd.bershaw.t-flac16\Acid2_02.flac,['You See A Broken Heart']
Z:\Grateful Dead\1965-1966\gd1965.005406-acid-tests.sbd.bershaw.t-flac16\Acid2_03.flac,['In The Midnight Hour']
Z:\Grateful Dead\1965-1966\gd1965.005406-acid-tests.sbd.bershaw.t-flac16\Acid2_04.flac,['The Head Has Become Fat Rap']
Z:\Grateful Dead\1965-1966\gd1965.005406-acid-tests.sbd.bershaw.t-flac16\Acid2_05.flac,['A Mexican Story: 25 Bennies']
Z:\Grateful Dead\1965-1966\gd1965.005406-acid-tests.sbd.bershaw.t-flac16\Acid2_06.flac,['A Tarnished Galahad']
Z:\Grateful Dead\1965-1966\gd1965.005406-acid-tests.sbd.bershaw.t-flac16\Acid2_07.flac,['Get It Off The Ground Rap >']
Z:\Grateful Dead\1965-1966\gd1965.005406-acid-tests.sbd.bershaw.t-flac16\Acid2_08.flac,["It's Good To Be God Rap >"]
Z:\Grateful Dead\1965-1966\gd1965.005406-acid-tests.sbd.bershaw.t-flac16\Acid2_09.flac,['Nirvana Army Rap >']
Z:\Grateful Dead\1965-1966\gd1965.005406-acid-tests.sbd.bershaw.t-flac16\Acid2_10.flac,['The Butcher Is Back']
Z:\Grateful Dead\1965-1966\gd1965.005406-acid-tests.sbd.bershaw.t-flac16\Acid2_11.flac,['Acid Test Graduation Announcement']
Z:\Grateful Dead\1965-1966\gd1965.005406-acid-tests.sbd.bershaw.t-flac16\Acid2_12.flac,['Send Me To The Moon > Closing Rap']
Z:\Grateful Dead\1965-1966\gd1965.005406-acid-tests.sbd.bershaw.t-flac16\Acid3_01.flac,["Ken Kesey's dialogue"]
Z:\Grateful Dead\1965-1966\gd1965.005406-acid-tests.sbd.bershaw.t-flac16\Acid3_02.flac,['Prankster Music/Sound Collage #1']
Z:\Grateful Dead\1965-1966\gd1965.005406-acid-tests.sbd.bershaw.t-flac16\Acid3_03.flac,['Kesey Rap > Prankster Music/Sound Collage #2']
Z:\Grateful Dead\1965-1966\gd1965.005406-acid-tests.sbd.bershaw.t-flac16\Acid3_04.flac,['Prankster Sound Collage #3 > Prankster Raga']
Z:\Grateful Dead\1965-1966\gd1965.005406-acid-tests.sbd.bershaw.t-flac16\Acid3_05.flac,['Closing Jam']
Z:\Grateful Dead\1965-1966\gd1965.005406-acid-tests.sbd.bershaw.t-flac16\Acid3_06.flac,['Prankster Electronics']
Z:\Grateful Dead\1965-1966\gd1965.005406-acid-tests.sbd.bershaw.t-flac16\Acid3_07.flac,['Jam Session']
Z:\Grateful Dead\1965-1966\gd1965.005406-acid-tests.sbd.bershaw.t-flac16\Acid4_01.flac,['Speed Limit']
Z:\Grateful Dead\1965-1966\gd1965.005406-acid-tests.sbd.bershaw.t-flac16\Acid4_02.flac,['Neal Cassady Raps']
Z:\Grateful Dead\1965-1966\gd1965.005406-acid-tests.sbd.bershaw.t-flac16\Acid4_03.flac,['Jerry Garcia commentary with Acid Test audio']
Z:\Grateful Dead\1965-1966\gd1965.005406-acid-tests.sbd.bershaw.t-flac16\Acid4_04a.flac,['Jerry Garcia']
Z:\Grateful Dead\1965-1966\gd1965.005406-acid-tests.sbd.bershaw.t-flac16\Acid4_04b.flac,['Jerry Garcia interview']
Z:\Grateful Dead\1965-1966\gd1965.005406-acid-tests.sbd.bershaw.t-flac16\Acid4_04c.flac,['Jerry Garcia interview']
Z:\Grateful Dead\1965-1966\gd1966-01-08.106505.sbd.t-flac16\gd1966-01-08.d1t01.flac,['Ken Babbs Intro (Version One)']
Z:\Grateful Dead\1965-1966\gd1966-01-08.106505.sbd.t-flac16\gd1966-01-08.d1t02.flac,['Tune Up']
Z:\Grateful Dead\1965-1966\gd1966-01-08.106505.sbd.t-flac16\gd1966-01-08.d1t03.flac,['No Power On The Stage']
Z:\Grateful Dead\1965-1966\gd1966-01-08.106505.sbd.t-flac16\gd1966-01-08.d1t04.flac,["I'm A King Bee"]
Z:\Grateful Dead\1965-1966\gd1966-01-08.106505.sbd.t-flac16\gd1966-01-08.d1t05.flac,["I'm A Hog For You Baby"]
Z:\Grateful Dead\1965-1966\gd1966-01-08.106505.sbd.t-flac16\gd1966-01-08.d1t06.flac,["I'm A Hog For You Baby (W/ Ken Babbs)"]
Z:\Grateful Dead\1965-1966\gd1966-01-08.106505.sbd.t-flac16\gd1966-01-08.d1t07.flac,['Some High Powered Rocket Fuel']
Z:\Grateful Dead\1965-1966\gd1966-01-08.106505.sbd.t-flac16\gd1966-01-08.d1t08.flac,["I'm Going To Put A Spell On You (PigPen Excerpt)"]
Z:\Grateful Dead\1965-1966\gd1966-01-08.106505.sbd.t-flac16\gd1966-01-08.d1t09.flac,['Littering Glowing, Ever Flowing, Neon flowing (Ken Kesey)']
Z:\Grateful Dead\1965-1966\gd1966-01-08.106505.sbd.t-flac16\gd1966-01-08.d1t10.flac,['You People Out There, Listen To Me -This Is Zoltra Speaking - This Is A Trap - You Fools']
Z:\Grateful Dead\1965-1966\gd1966-01-08.106505.sbd.t-flac16\gd1966-01-08.d1t11.flac,['Acid Music']
Z:\Grateful Dead\1965-1966\gd1966-01-08.106505.sbd.t-flac16\gd1966-01-08.d1t12.flac,["People We're Playing Games With Me"]
Z:\Grateful Dead\1965-1966\gd1966-01-08.106505.sbd.t-flac16\gd1966-01-08.d1t13.flac,['There It Is, Sneaky Little Rascal (Ken Kesey)']
Z:\Grateful Dead\1965-1966\gd1966-01-08.106505.sbd.t-flac16\gd1966-01-08.d1t14.flac,['// Caution (Do Not Stop On The Tracks) >']
Z:\Grateful Dead\1965-1966\gd1966-01-08.106505.sbd.t-flac16\gd1966-01-08.d1t15.flac,["Death Don't Have No Mercy"]
Z:\Grateful Dead\1965-1966\gd1966-01-08.106505.sbd.t-flac16\gd1966-01-08.d1t16.flac,['Ken Babbs']
Z:\Grateful Dead\1965-1966\gd1966-01-08.106505.sbd.t-flac16\gd1966-01-08.d1t17.flac,['Everybody Out - The Test Is Over (Police Announcement)']
Z:\Grateful Dead\1965-1966\gd1966-01-08.106505.sbd.t-flac16\gd1966-01-08.d1t18.flac,['Ken Babbs']
Z:\Grateful Dead\1965-1966\gd1966-01-08.106505.sbd.t-flac16\gd1966-01-08.d1t19.flac,['Everybody Out - The Test Is Over 2']
Z:\Grateful Dead\1965-1966\gd1966-01-08.106505.sbd.t-flac16\gd1966-01-08.d1t20.flac,['Did Everybody Enjoy Themselves?']
Z:\Grateful Dead\1965-1966\gd1966-01-08.106505.sbd.t-flac16\gd1966-01-08.d1t21.flac,['Yeah, Use Your Head - Everybody Be Calm Now (Weir & Kesey)']
Z:\Grateful Dead\1965-1966\gd1966-01-08.106505.sbd.t-flac16\gd1966-01-08.d1t22.flac,['On The Road Again to Get The People On The Road - Go Home To Your Families (Weir & Kesey)']
Z:\Grateful Dead\1965-1966\gd1966-01-08.106505.sbd.t-flac16\gd1966-01-08.d1t23.flac,["Arrest Everybody But Don't Hurt Any Of The Equipment / Star Spangled Banger (Weir & Co)"]
Z:\Grateful Dead\1965-1966\gd1966-01-08.106505.sbd.t-flac16\gd1966-01-08.d1t24.flac,['Ken Babbs Intro (Version 2 - Longer/Mono)']
Z:\Grateful Dead\1965-1966\gd1966-01-08.106505.sbd.t-flac16\gd1966-01-08.d1t25.flac,['No Power / Ken Babbs / The Inner Space Race (Mono)']
Z:\Grateful Dead\1965-1966\gd1966-01-08.106505.sbd.t-flac16\gd1966-01-08.d1t26.flac,['No Power On The Stage / Ken Babbs (Mono)']
Z:\Grateful Dead\1965-1966\gd1966-01-08.106505.sbd.t-flac16\gd1966-01-08.d1t27.flac,['Gaze Upon It Friends,The Electric Wasteland / No Power On The Stage / Kenn Babbs (Mono)']
Z:\Grateful Dead\1965-1966\gd1966-01-08.106505.sbd.t-flac16\gd1966-01-08.d1t28.flac,["I'm A King Bee (Mono)"]
Z:\Grateful Dead\1965-1966\gd1966-01-08.106505.sbd.t-flac16\gd1966-01-08.d1t29.flac,['Everybody Out - The Test Is Over / Ken Babbs / Did Everybody Enjoy Themselves? (Mono)']
Z:\Grateful Dead\1965-1966\gd1966-01-08.106505.sbd.t-flac16\gd1966-01-08.d1t30.flac,["We're Planning On Having Gigs In Other Cities (Mono)"]
Z:\Grateful Dead\1965-1966\gd1966-01-08.106505.sbd.t-flac16\gd1966-01-08.d1t31.flac,['Everybody Use Your Head / Everybody Be Calm Now (Weir & Kesey) (Mono)']
Z:\Grateful Dead\1965-1966\gd1966-01-08.106505.sbd.t-flac16\gd1966-01-08.d1t32.flac,['We Can Stay Here Until Hell Freezes Over, But We Have To Be Turn Everything Off (Garcia) (Mono)']
Z:\Grateful Dead\1965-1966\gd1966-01-08.106505.sbd.t-flac16\gd1966-01-08.d1t33.flac,["If They Kill It Now The'll Kill It Forever, If They Kill You Now, You're Dead! (Mono)"]
Z:\Grateful Dead\1965-1966\gd1966-01-08.106505.sbd.t-flac16\gd1966-01-08.d1t34.flac,['The Star Spangled Banger (Mono)']
Z:\Grateful Dead\1965-1966\gd1966-01-08.106505.sbd.t-flac16\gd1966-01-08.d1t35.flac,['Ken Babbs Intro (Version 3 Stereo)']
Z:\Grateful Dead\1965-1966\gd1966-01-08.106505.sbd.t-flac16\gd1966-01-08.d1t36.flac,['Everybody Get In Tune > Ken Babbs']
Z:\Grateful Dead\1965-1966\gd1966-01-08.106505.sbd.t-flac16\gd1966-01-08.d1t37.flac,["Ain't No Fuckin' Power No Place"]
Z:\Grateful Dead\1965-1966\gd1966-01-08.106505.sbd.t-flac16\gd1966-01-08.d1t38.flac,['Ken Babbs']
Z:\Grateful Dead\1965-1966\gd1966-01-08.106505.sbd.t-flac16\gd1966-01-08.d1t39.flac,['No Power On The Stage, Fix It']
Z:\Grateful Dead\1965-1966\gd1966-01-08.106505.sbd.t-flac16\gd1966-01-08.d1t40.flac,["I'm A King Bee"]
Z:\Grateful Dead\1965-1966\gd1966-01-08.106505.sbd.t-flac16\gd1966-01-08.d1t41.flac,['Everybody Out - The Test Is Over / Ken Babbs / Did Everybody Enjoy Themselves?']
Z:\Grateful Dead\1965-1966\gd1966-01-08.106505.sbd.t-flac16\gd1966-01-08.d1t42.flac,['I See The Electricial Is Running Down Now Trying To Get Everything Established (Ken Babbs)']
Z:\Grateful Dead\1965-1966\gd1966-01-08.106505.sbd.t-flac16\gd1966-01-08.d1t43.flac,['Slim Kesey']
Z:\Grateful Dead\1965-1966\gd1966-01-08.106505.sbd.t-flac16\gd1966-01-08.d1t44.flac,["We're Into Emergency Power Now (Ken Babbs)"]
Z:\Grateful Dead\1965-1966\gd1966-01-08.106505.sbd.t-flac16\gd1966-01-08.d1t45.flac,["We're Planning On Having Gigs In Other Cities"]
Z:\Grateful Dead\1965-1966\gd1966-01-08.106505.sbd.t-flac16\gd1966-01-08.d1t46.flac,['Everybody Use Your Head / Everybody Be Calm Now (Weir & Kesey)']
Z:\Grateful Dead\1965-1966\gd1966-01-08.106505.sbd.t-flac16\gd1966-01-08.d1t47.flac,['We Can Stay Here Until Hell Freezes Over, But We Have To Be Turn Everything Off (Garcia)']
Z:\Grateful Dead\1965-1966\gd1966-01-08.106505.sbd.t-flac16\gd1966-01-08.d1t48.flac,["If They Kill It Now The'll Kill It Forever, If They Kill You Now, You're Dead!"]
Z:\Grateful Dead\1965-1966\gd1966-01-08.106505.sbd.t-flac16\gd1966-01-08.d1t49.flac,['The Star Spangled Banger']
Z:\Grateful Dead\1965-1966\gd1966-01-08.106505.sbd.t-flac16\gd1966-01-08.d1t50.flac,['Find A Harmonica / No One Seems To Find Out How To Turn Off This PA']
Z:\Grateful Dead\1965-1966\gd1966-01-08.106505.sbd.t-flac16\gd1966-01-08.d1t51.flac,['Is My Microphone Still In Operation']
Z:\Grateful Dead\1965-1966\gd1966-01-08.106505.sbd.t-flac16\gd1966-01-08.d1t52.flac,['//TasteBud (Unknown Show 1965 or 1966) Possibly one of these early Acid Tests']
Z:\Grateful Dead\1965-1966\gd1966-01-xx.18846.sbd.hanno-uli.sbeok.t-flac16\gd1966-01t01.flac,['talk & tunings - "It\'s just Weir and his ass-holed guitar"']
Z:\Grateful Dead\1965-1966\gd1966-01-xx.18846.sbd.hanno-uli.sbeok.t-flac16\gd1966-01t02.flac,['Viola Lee Blues #1 verse 1 - aborted']
Z:\Grateful Dead\1965-1966\gd1966-01-xx.18846.sbd.hanno-uli.sbeok.t-flac16\gd1966-01t03.flac,['Viola Lee Blues #2 verses 1 & 2 - aborted - "watch it pig! b, man, b"']
Z:\Grateful Dead\1965-1966\gd1966-01-xx.18846.sbd.hanno-uli.sbeok.t-flac16\gd1966-01t04.flac,['talk & tunings']
Z:\Grateful Dead\1965-1966\gd1966-01-xx.18846.sbd.hanno-uli.sbeok.t-flac16\gd1966-01t05.flac,['Viola Lee Blues #3 with harmonica - aborted']
Z:\Grateful Dead\1965-1966\gd1966-01-xx.18846.sbd.hanno-uli.sbeok.t-flac16\gd1966-01t06.flac,['discussions']
Z:\Grateful Dead\1965-1966\gd1966-01-xx.18846.sbd.hanno-uli.sbeok.t-flac16\gd1966-01t07.flac,['Viola Lee Blues #4 with organ verse 1 & harmonica - aborted']
Z:\Grateful Dead\1965-1966\gd1966-01-xx.18846.sbd.hanno-uli.sbeok.t-flac16\gd1966-01t08.flac,['tape playback? more talk']
Z:\Grateful Dead\1965-1966\gd1966-01-xx.18846.sbd.hanno-uli.sbeok.t-flac16\gd1966-01t09.flac,['Viola Lee Blues #5 verse 1 - "same verse again" - verse 1 - aborted']
Z:\Grateful Dead\1965-1966\gd1966-01-xx.18846.sbd.hanno-uli.sbeok.t-flac16\gd1966-01t10.flac,['Phil comments']
Z:\Grateful Dead\1965-1966\gd1966-01-xx.18846.sbd.hanno-uli.sbeok.t-flac16\gd1966-01t11.flac,['Viola Lee Blues #6 verses 1 & 2 - aborted']
Z:\Grateful Dead\1965-1966\gd1966-01-xx.18846.sbd.hanno-uli.sbeok.t-flac16\gd1966-01t12.flac,['more discussions']
Z:\Grateful Dead\1965-1966\gd1966-01-xx.18846.sbd.hanno-uli.sbeok.t-flac16\gd1966-01t13.flac,['Viola Lee Blues #7 verses 1 & 2 & 3 - then stopped']
Z:\Grateful Dead\1965-1966\gd1966-01-xx.18846.sbd.hanno-uli.sbeok.t-flac16\gd1966-01t14.flac,['talk & tunings - "that\'s tasty" - "let\'s just play"']
Z:\Grateful Dead\1965-1966\gd1966-01-xx.18846.sbd.hanno-uli.sbeok.t-flac16\gd1966-01t15.flac,['Viola Lee Blues #8 verse 1 - aborted']
Z:\Grateful Dead\1965-1966\gd1966-01-xx.18846.sbd.hanno-uli.sbeok.t-flac16\gd1966-01t16.flac,['talk & wild comments & confusion']
Z:\Grateful Dead\1965-1966\gd1966-01-xx.18846.sbd.hanno-uli.sbeok.t-flac16\gd1966-01t17.flac,['Viola Lee Blues #9 verses 2 & 3 - aborted']
Z:\Grateful Dead\1965-1966\gd1966-01-xx.18846.sbd.hanno-uli.sbeok.t-flac16\gd1966-01t18.flac,['more talk - "I think you\'re against us" - "Pigpen\'s a conspiracy"']
Z:\Grateful Dead\1965-1966\gd1966-01-xx.18846.sbd.hanno-uli.sbeok.t-flac16\gd1966-01t19.flac,['"You may know by ..." passage repeated']
Z:\Grateful Dead\1965-1966\gd1966-01-xx.18846.sbd.hanno-uli.sbeok.t-flac16\gd1966-01t20.flac,['Viola Lee Blues #10 verses 1 & 2 & 3 ; jam ; tape cuts']
Z:\Grateful Dead\1965-1966\gd1966-02-05.136661.sbd rehearsal mr-dat.flac16\gd1966-02-05_t01_Talk_Tunings.flac,['Talk & Tunings']
Z:\Grateful Dead\1965-1966\gd1966-02-05.136661.sbd rehearsal mr-dat.flac16\gd1966-02-05_t02_Viola Lee Blues01.flac,['Viola Lee Blues #01 verse 1 - aborted']
Z:\Grateful Dead\1965-1966\gd1966-02-05.136661.sbd rehearsal mr-dat.flac16\gd1966-02-05_t03_Viola Lee Blues02.flac,['Viola Lee Blues #02 verses 1 & 2 - aborted']
Z:\Grateful Dead\1965-1966\gd1966-02-05.136661.sbd rehearsal mr-dat.flac16\gd1966-02-05_t04_Talk_Tunings.flac,['Talk & Tunings']
Z:\Grateful Dead\1965-1966\gd1966-02-05.136661.sbd rehearsal mr-dat.flac16\gd1966-02-05_t05_Viola Lee Blues03.flac,['Viola Lee Blues #03 with harmonica - aborted']
Z:\Grateful Dead\1965-1966\gd1966-02-05.136661.sbd rehearsal mr-dat.flac16\gd1966-02-05_t06_Talk_Tunings.flac,['Talk & Tunings']
Z:\Grateful Dead\1965-1966\gd1966-02-05.136661.sbd rehearsal mr-dat.flac16\gd1966-02-05_t07_Viola Lee Blues04.flac,['Viola Lee Blues #04 with organ verse 1 & harmonica - aborted']
Z:\Grateful Dead\1965-1966\gd1966-02-05.136661.sbd rehearsal mr-dat.flac16\gd1966-02-05_t08_Talk_Tunings.flac,['Talk & Tunings']
Z:\Grateful Dead\1965-1966\gd1966-02-05.136661.sbd rehearsal mr-dat.flac16\gd1966-02-05_t09_Viola Lee Blues05.flac,['Viola Lee Blues #05 verse 1 - aborted']
Z:\Grateful Dead\1965-1966\gd1966-02-05.136661.sbd rehearsal mr-dat.flac16\gd1966-02-05_t10_Phil_Tunings.flac,['Phil & Tunings']
Z:\Grateful Dead\1965-1966\gd1966-02-05.136661.sbd rehearsal mr-dat.flac16\gd1966-02-05_t11_Viola Lee Blues06.flac,['Viola Lee Blues #06 verses 1 & 2 - aborted']
Z:\Grateful Dead\1965-1966\gd1966-02-05.136661.sbd rehearsal mr-dat.flac16\gd1966-02-05_t12_Viola Lee Blues07.flac,['Viola Lee Blues #07 verses 1 & 2 & 3']
Z:\Grateful Dead\1965-1966\gd1966-02-05.136661.sbd rehearsal mr-dat.flac16\gd1966-02-05_t13_Short Takes On The Last Verse.flac,["Short Takes On The Last Verse (You May Know By That I've Got A Friend Somewhere)"]
Z:\Grateful Dead\1965-1966\gd1966-02-05.136661.sbd rehearsal mr-dat.flac16\gd1966-02-05_t14_Viola Lee Blues08.flac,['Viola Lee Blues #08 verse 1 - aborted']
Z:\Grateful Dead\1965-1966\gd1966-02-05.136661.sbd rehearsal mr-dat.flac16\gd1966-02-05_t15_Pigpen Leavin' The House.flac,["'Pigpen Leavin' The House'"]
Z:\Grateful Dead\1965-1966\gd1966-02-05.136661.sbd rehearsal mr-dat.flac16\gd1966-02-05_t16_Viola Lee Blues09.flac,['Viola Lee Blues #09 verses 2 & 3 - aborted']
Z:\Grateful Dead\1965-1966\gd1966-02-05.136661.sbd rehearsal mr-dat.flac16\gd1966-02-05_t17_Short Takes On The Last Verse.flac,["Short Takes On The Last Verse (You May Know By That I've Got A Friend Somewhere)"]
Z:\Grateful Dead\1965-1966\gd1966-02-05.136661.sbd rehearsal mr-dat.flac16\gd1966-02-05_t18_Viola Lee Blues10.flac,['Viola Lee Blues #10 verses 1 & 2 & 3 / Jam']
Z:\Grateful Dead\1965-1966\gd1966-02-05.136661.sbd rehearsal mr-dat.flac16\gd1966-02-05_t19_Cardboard Cowboy01.flac,['Cardboard Cowboy #01']
Z:\Grateful Dead\1965-1966\gd1966-02-05.136661.sbd rehearsal mr-dat.flac16\gd1966-02-05_t20_Cardboard Cowboy02.flac,['Cardboard Cowboy #02']
Z:\Grateful Dead\1965-1966\gd1966-02-25.1593.sbd.sbefail.t-flac16\gd1966-02-25d1t01.flac,["She's On The Road Again"]
Z:\Grateful Dead\1965-1966\gd1966-02-25.1593.sbd.sbefail.t-flac16\gd1966-02-25d1t02.flac,['Next Time You See Me']
Z:\Grateful Dead\1965-1966\gd1966-02-25.1593.sbd.sbefail.t-flac16\gd1966-02-25d1t03.flac,['I Know You Rider']
Z:\Grateful Dead\1965-1966\gd1966-02-25.1593.sbd.sbefail.t-flac16\gd1966-02-25d1t04.flac,['Hey Little One']
Z:\Grateful Dead\1965-1966\gd1966-02-25.1593.sbd.sbefail.t-flac16\gd1966-02-25d1t05.flac,['Cold Rain & Snow']
Z:\Grateful Dead\1965-1966\gd1966-02-25.1593.sbd.sbefail.t-flac16\gd1966-02-25d1t06.flac,['King Bee']
Z:\Grateful Dead\1965-1966\gd1966-02-25.1593.sbd.sbefail.t-flac16\gd1966-02-25d1t07.flac,['Caution']
Z:\Grateful Dead\1965-1966\gd1966-02-25.1593.sbd.sbefail.t-flac16\gd1966-02-25d1t08.flac,["Stealin'"]
Z:\Grateful Dead\1965-1966\gd1966-02-25.1593.sbd.sbefail.t-flac16\gd1966-02-25d1t09.flac,["Stealin'"]
Z:\Grateful Dead\1965-1966\gd1966-02-25.1593.sbd.sbefail.t-flac16\gd1966-02-25d1t10.flac,["Good Morning, Lil' School Girl"]
Z:\Grateful Dead\1965-1966\gd1966-02-25.1593.sbd.sbefail.t-flac16\gd1966-02-25d1t11.flac,["You Don't Love Me"]
Z:\Grateful Dead\1965-1966\gd1966-02-25.1593.sbd.sbefail.t-flac16\gd1966-02-25d1t12.flac,["Good Morning, Lil' School Girl"]
Z:\Grateful Dead\1965-1966\gd1966-03-09.136654.sbd.practice.mr-dat.flac16\gd1966-03-09t01.flac,['unknown song - Pigpen vocal']
Z:\Grateful Dead\1965-1966\gd1966-03-09.136654.sbd.practice.mr-dat.flac16\gd1966-03-09t02.flac,['Who Do You Love - several instrumental takes']
Z:\Grateful Dead\1965-1966\gd1966-03-09.136654.sbd.practice.mr-dat.flac16\gd1966-03-09t03.flac,['Who Do You Love']
Z:\Grateful Dead\1965-1966\gd1966-03-09.136654.sbd.practice.mr-dat.flac16\gd1966-03-09t04.flac,['jam with short burst of vocal improvisation']
Z:\Grateful Dead\1965-1966\gd1966-03-09.136654.sbd.practice.mr-dat.flac16\gd1966-03-09t05.flac,['jam']
Z:\Grateful Dead\1965-1966\gd1966-03-10.136655.sbd.practice.mr-dat.flac16\gd1966-03-10t01.flac,['full song']
Z:\Grateful Dead\1965-1966\gd1966-03-10.136655.sbd.practice.mr-dat.flac16\gd1966-03-10t02.flac,['partial x 3']
Z:\Grateful Dead\1965-1966\gd1966-03-10.136655.sbd.practice.mr-dat.flac16\gd1966-03-10t03.flac,['full song']
Z:\Grateful Dead\1965-1966\gd1966-03-10.136655.sbd.practice.mr-dat.flac16\gd1966-03-10t04.flac,['talking (very low volume)']
Z:\Grateful Dead\1965-1966\gd1966-03-12.17681.doherty.winters.t-flac16\gd1966-03-12t01.flac,['Viola Lee Blues']
Z:\Grateful Dead\1965-1966\gd1966-03-12.17681.doherty.winters.t-flac16\gd1966-03-12t02.flac,['One Kind Favor']
Z:\Grateful Dead\1965-1966\gd1966-03-12.17681.doherty.winters.t-flac16\gd1966-03-12t03.flac,['I Know You Rider']
Z:\Grateful Dead\1965-1966\gd1966-03-12.17681.doherty.winters.t-flac16\gd1966-03-12t04.flac,['You See A Broken Broken Heart']
Z:\Grateful Dead\1965-1966\gd1966-03-12.17681.doherty.winters.t-flac16\gd1966-03-12t05.flac,["It's A Sin"]
Z:\Grateful Dead\1965-1966\gd1966-03-12.17681.doherty.winters.t-flac16\gd1966-03-12t06.flac,['PA Complaints']
Z:\Grateful Dead\1965-1966\gd1966-03-12.17681.doherty.winters.t-flac16\gd1966-03-12t07.flac,['Beat It On Down The Line']
Z:\Grateful Dead\1965-1966\gd1966-03-12.17681.doherty.winters.t-flac16\gd1966-03-12t08.flac,['PA, Etc.']
Z:\Grateful Dead\1965-1966\gd1966-03-12.17681.doherty.winters.t-flac16\gd1966-03-12t09.flac,['Heads Up (Instrumental)']
Z:\Grateful Dead\1965-1966\gd1966-03-12.17681.doherty.winters.t-flac16\gd1966-03-12t10.flac,['PA, Etc.']
Z:\Grateful Dead\1965-1966\gd1966-03-12.17681.doherty.winters.t-flac16\gd1966-03-12t11.flac,['Next Time You See Me']
Z:\Grateful Dead\1965-1966\gd1966-03-12.17681.doherty.winters.t-flac16\gd1966-03-12t12.flac,['Ice Cream Break']
Z:\Grateful Dead\1965-1966\gd1966-03-12.17681.doherty.winters.t-flac16\gd1966-03-12t13.flac,['Stormy Monday Jam']
Z:\Grateful Dead\1965-1966\gd1966-03-12.17681.doherty.winters.t-flac16\gd1966-03-12t14.flac,["Death Don't Have No Mercy"]
Z:\Grateful Dead\1965-1966\gd1966-03-12.17681.doherty.winters.t-flac16\gd1966-03-12t15.flac,['In The Midnite Hour']
Z:\Grateful Dead\1965-1966\gd1966-03-19.81951.sbd.scotton.sbeok.t-flac\gd1966-03-19d1t01.flac,['Viola Lee Blues']
Z:\Grateful Dead\1965-1966\gd1966-03-19.81951.sbd.scotton.sbeok.t-flac\gd1966-03-19d1t02.flac,['"I need some Coke..." and "There will be a slight pause..." stage talk']
Z:\Grateful Dead\1965-1966\gd1966-03-19.81951.sbd.scotton.sbeok.t-flac\gd1966-03-19d1t03.flac,['One Kind Favor']
Z:\Grateful Dead\1965-1966\gd1966-03-19.81951.sbd.scotton.sbeok.t-flac\gd1966-03-19d1t04.flac,['I Know You Rider']
Z:\Grateful Dead\1965-1966\gd1966-03-19.81951.sbd.scotton.sbeok.t-flac\gd1966-03-19d1t05.flac,['You See A Broken Heart']
Z:\Grateful Dead\1965-1966\gd1966-03-19.81951.sbd.scotton.sbeok.t-flac\gd1966-03-19d1t06.flac,["It's A Sin"]
Z:\Grateful Dead\1965-1966\gd1966-03-19.81951.sbd.scotton.sbeok.t-flac\gd1966-03-19d1t07.flac,['PA and "tasting" and tuning stage talk']
Z:\Grateful Dead\1965-1966\gd1966-03-19.81951.sbd.scotton.sbeok.t-flac\gd1966-03-19d1t08.flac,['Beat It On Down The Line']
Z:\Grateful Dead\1965-1966\gd1966-03-19.81951.sbd.scotton.sbeok.t-flac\gd1966-03-19d1t09.flac,['"Just Bearly" PA stage talk']
Z:\Grateful Dead\1965-1966\gd1966-03-19.81951.sbd.scotton.sbeok.t-flac\gd1966-03-19d1t10.flac,['Heads Up']
Z:\Grateful Dead\1965-1966\gd1966-03-19.81951.sbd.scotton.sbeok.t-flac\gd1966-03-19d1t11.flac,['"How\'s the PA now" stage talk']
Z:\Grateful Dead\1965-1966\gd1966-03-19.81951.sbd.scotton.sbeok.t-flac\gd1966-03-19d1t12.flac,['Next Time You See Me']
Z:\Grateful Dead\1965-1966\gd1966-03-19.81951.sbd.scotton.sbeok.t-flac\gd1966-03-19d1t13.flac,['"take a break" and "ice cream" stage talk']
Z:\Grateful Dead\1965-1966\gd1966-03-19.81951.sbd.scotton.sbeok.t-flac\gd1966-03-19d1t14.flac,['Slow R and B instrumental']
Z:\Grateful Dead\1965-1966\gd1966-03-19.81951.sbd.scotton.sbeok.t-flac\gd1966-03-19d1t15.flac,['noodling onwards']
Z:\Grateful Dead\1965-1966\gd1966-03-19.81951.sbd.scotton.sbeok.t-flac\gd1966-03-19d1t16.flac,["Death Don't Have No Mercy"]
Z:\Grateful Dead\1965-1966\gd1966-03-19.81951.sbd.scotton.sbeok.t-flac\gd1966-03-19d1t17.flac,['"a little tune now called the..." Midnight Hour']
Z:\Grateful Dead\1965-1966\gd1966-03-25.38.sbd.unknown.sbeok.t-flac16\gd1966-03-25d1t01.flac,["Stealin'"]
Z:\Grateful Dead\1965-1966\gd1966-03-25.38.sbd.unknown.sbeok.t-flac16\gd1966-03-25d1t02.flac,['Jam']
Z:\Grateful Dead\1965-1966\gd1966-03-25.38.sbd.unknown.sbeok.t-flac16\gd1966-03-25d1t03.flac,['Hey Little One']
Z:\Grateful Dead\1965-1966\gd1966-03-25.38.sbd.unknown.sbeok.t-flac16\gd1966-03-25d1t04.flac,['Hog For You  Baby']
Z:\Grateful Dead\1965-1966\gd1966-03-25.38.sbd.unknown.sbeok.t-flac16\gd1966-03-25d1t05.flac,["You Don't Have To Ask"]
Z:\Grateful Dead\1965-1966\gd1966-03-25.38.sbd.unknown.sbeok.t-flac16\gd1966-03-25d1t06.flac,['Cold Rain And Snow']
Z:\Grateful Dead\1965-1966\gd1966-03-25.38.sbd.unknown.sbeok.t-flac16\gd1966-03-25d1t07.flac,['Next Time You See Me']
Z:\Grateful Dead\1965-1966\gd1966-05-19.106683.sbd.miller.t-flac16\gd1966-05-19d1t01.flac,['Beat It On Down The Line']
Z:\Grateful Dead\1965-1966\gd1966-05-19.106683.sbd.miller.t-flac16\gd1966-05-19d1t02.flac,['Standing On The Corner']
Z:\Grateful Dead\1965-1966\gd1966-05-19.106683.sbd.miller.t-flac16\gd1966-05-19d1t03.flac,['Mindbender']
Z:\Grateful Dead\1965-1966\gd1966-05-19.106683.sbd.miller.t-flac16\gd1966-05-19d1t04.flac,['It Hurts Me Too']
Z:\Grateful Dead\1965-1966\gd1966-05-19.106683.sbd.miller.t-flac16\gd1966-05-19d1t05.flac,['Viola Lee Blues']
Z:\Grateful Dead\1965-1966\gd1966-05-19.106683.sbd.miller.t-flac16\gd1966-05-19d1t06.flac,['I Know You Rider']
Z:\Grateful Dead\1965-1966\gd1966-05-19.106683.sbd.miller.t-flac16\gd1966-05-19d1t07.flac,["It's A Sin"]
Z:\Grateful Dead\1965-1966\gd1966-05-19.106683.sbd.miller.t-flac16\gd1966-05-19d1t08.flac,['Sick And Tired']
Z:\Grateful Dead\1965-1966\gd1966-05-19.106683.sbd.miller.t-flac16\gd1966-05-19d1t09.flac,['Cream Puff War']
Z:\Grateful Dead\1965-1966\gd1966-05-19.106683.sbd.miller.t-flac16\gd1966-05-19d1t10.flac,["Sittin' On Top Of The World"]
Z:\Grateful Dead\1965-1966\gd1966-05-19.106683.sbd.miller.t-flac16\gd1966-05-19d1t11.flac,['Minglewood Blues']
Z:\Grateful Dead\1965-1966\gd1966-05-19.106683.sbd.miller.t-flac16\gd1966-05-19d1t12.flac,['Cold Rain And Snow']
Z:\Grateful Dead\1965-1966\gd1966-05-19.106683.sbd.miller.t-flac16\gd1966-05-19d1t13.flac,['Come Back Baby']
Z:\Grateful Dead\1965-1966\gd1966-05-19.106683.sbd.miller.t-flac16\gd1966-05-19d1t14.flac,['Silver Threads And Golden Needles']
Z:\Grateful Dead\1965-1966\gd1966-05-19.106683.sbd.miller.t-flac16\gd1966-05-19d1t15.flac,["It's All Over Now, Baby Blue"]
Z:\Grateful Dead\1965-1966\gd1966-05-19.106683.sbd.miller.t-flac16\gd1966-05-19d1t16.flac,["Good Lovin'"]
Z:\Grateful Dead\1965-1966\gd1966-05-19.106683.sbd.miller.t-flac16\gd1966-05-19d1t17.flac,["You Don't Have To Ask"]
Z:\Grateful Dead\1965-1966\gd1966-05-19.106828.sbd.miller.t-flac16\gd1966-05-19d1t01.flac,['Beat It on Down the Line']
Z:\Grateful Dead\1965-1966\gd1966-05-19.106828.sbd.miller.t-flac16\gd1966-05-19d1t02.flac,['Standing on the Corner']
Z:\Grateful Dead\1965-1966\gd1966-05-19.106828.sbd.miller.t-flac16\gd1966-05-19d1t03.flac,['Mindbender']
Z:\Grateful Dead\1965-1966\gd1966-05-19.106828.sbd.miller.t-flac16\gd1966-05-19d1t04.flac,['It Hurts Me Too']
Z:\Grateful Dead\1965-1966\gd1966-05-19.106828.sbd.miller.t-flac16\gd1966-05-19d1t05.flac,['Viola Lee Blues']
Z:\Grateful Dead\1965-1966\gd1966-05-19.106828.sbd.miller.t-flac16\gd1966-05-19d1t06.flac,['I Know You Rider']
Z:\Grateful Dead\1965-1966\gd1966-05-19.106828.sbd.miller.t-flac16\gd1966-05-19d1t07.flac,["It's a Sin"]
Z:\Grateful Dead\1965-1966\gd1966-05-19.106828.sbd.miller.t-flac16\gd1966-05-19d1t08.flac,['Sick and Tired']
Z:\Grateful Dead\1965-1966\gd1966-05-19.106828.sbd.miller.t-flac16\gd1966-05-19d1t09.flac,['Cream Puff War']
Z:\Grateful Dead\1965-1966\gd1966-05-19.106828.sbd.miller.t-flac16\gd1966-05-19d1t10.flac,["Sittin' on Top of the World"]
Z:\Grateful Dead\1965-1966\gd1966-05-19.106828.sbd.miller.t-flac16\gd1966-05-19d1t11.flac,['New Minglewood Blues']
Z:\Grateful Dead\1965-1966\gd1966-05-19.106828.sbd.miller.t-flac16\gd1966-05-19d1t12.flac,['Cold Rain & Snow']
Z:\Grateful Dead\1965-1966\gd1966-05-19.106828.sbd.miller.t-flac16\gd1966-05-19d1t13.flac,['Come Back Baby']
Z:\Grateful Dead\1965-1966\gd1966-05-19.106828.sbd.miller.t-flac16\gd1966-05-19d1t14.flac,['Silver Threads & Golden Needles']
Z:\Grateful Dead\1965-1966\gd1966-05-19.106828.sbd.miller.t-flac16\gd1966-05-19d1t15.flac,["It's All Over Now, Baby Blue"]
Z:\Grateful Dead\1965-1966\gd1966-05-19.106828.sbd.miller.t-flac16\gd1966-05-19d1t16.flac,["Good Lovin'"]
Z:\Grateful Dead\1965-1966\gd1966-05-19.106828.sbd.miller.t-flac16\gd1966-05-19d1t17.flac,["You  Don't Have to Ask"]
Z:\Grateful Dead\1965-1966\gd1966-05-19.136656.set1.sbd.mr-dat.flac16\gd1966-05-19t01.flac,['//Beat It On Down The Line']
Z:\Grateful Dead\1965-1966\gd1966-05-19.136656.set1.sbd.mr-dat.flac16\gd1966-05-19t02.flac,['Standing On The Corner']
Z:\Grateful Dead\1965-1966\gd1966-05-19.136656.set1.sbd.mr-dat.flac16\gd1966-05-19t03.flac,['Mindbender']
Z:\Grateful Dead\1965-1966\gd1966-05-19.136656.set1.sbd.mr-dat.flac16\gd1966-05-19t04.flac,['It Hurts Me Too']
Z:\Grateful Dead\1965-1966\gd1966-05-19.136656.set1.sbd.mr-dat.flac16\gd1966-05-19t05.flac,['Viola Lee Blues']
Z:\Grateful Dead\1965-1966\gd1966-05-19.136656.set1.sbd.mr-dat.flac16\gd1966-05-19t06.flac,['I Know You Rider']
Z:\Grateful Dead\1965-1966\gd1966-05-19.136656.set1.sbd.mr-dat.flac16\gd1966-05-19t07.flac,["It's A Sin"]
Z:\Grateful Dead\1965-1966\gd1966-05-19.136656.set1.sbd.mr-dat.flac16\gd1966-05-19t08.flac,['Sick And Tired']
Z:\Grateful Dead\1965-1966\gd1966-05-19.136656.set1.sbd.mr-dat.flac16\gd1966-05-19t09.flac,['Cream Puff War//']
Z:\Grateful Dead\1965-1966\gd1966-05-19.82844.sbd.unknown.sbeok.t-flac16\gd1966-05-19t01.flac,['Beat It On Down The Line']
Z:\Grateful Dead\1965-1966\gd1966-05-19.82844.sbd.unknown.sbeok.t-flac16\gd1966-05-19t02.flac,['Standing On The Corner']
Z:\Grateful Dead\1965-1966\gd1966-05-19.82844.sbd.unknown.sbeok.t-flac16\gd1966-05-19t03.flac,['Mindbender']
Z:\Grateful Dead\1965-1966\gd1966-05-19.82844.sbd.unknown.sbeok.t-flac16\gd1966-05-19t04.flac,['It Hurts Me Too']
Z:\Grateful Dead\1965-1966\gd1966-05-19.82844.sbd.unknown.sbeok.t-flac16\gd1966-05-19t05.flac,['Viola Lee Blues']
Z:\Grateful Dead\1965-1966\gd1966-05-19.82844.sbd.unknown.sbeok.t-flac16\gd1966-05-19t06.flac,['I Know You Rider']
Z:\Grateful Dead\1965-1966\gd1966-05-19.82844.sbd.unknown.sbeok.t-flac16\gd1966-05-19t07.flac,["It's A Sin"]
Z:\Grateful Dead\1965-1966\gd1966-05-19.82844.sbd.unknown.sbeok.t-flac16\gd1966-05-19t08.flac,['Sick And Tired']
Z:\Grateful Dead\1965-1966\gd1966-05-19.82844.sbd.unknown.sbeok.t-flac16\gd1966-05-19t09.flac,['Cream Puff War']
Z:\Grateful Dead\1965-1966\gd1966-05-19.82844.sbd.unknown.sbeok.t-flac16\gd1966-05-19t10.flac,["Sittin' On Top Of The World"]
Z:\Grateful Dead\1965-1966\gd1966-05-19.82844.sbd.unknown.sbeok.t-flac16\gd1966-05-19t11.flac,['Minglewood Blues']
Z:\Grateful Dead\1965-1966\gd1966-05-19.82844.sbd.unknown.sbeok.t-flac16\gd1966-05-19t12.flac,['Cold Rain And Snow']
Z:\Grateful Dead\1965-1966\gd1966-05-19.82844.sbd.unknown.sbeok.t-flac16\gd1966-05-19t13.flac,['Come Back Baby']
Z:\Grateful Dead\1965-1966\gd1966-05-19.82844.sbd.unknown.sbeok.t-flac16\gd1966-05-19t14.flac,['Silver Threads And Golden Needles']
Z:\Grateful Dead\1965-1966\gd1966-05-19.82844.sbd.unknown.sbeok.t-flac16\gd1966-05-19t15.flac,["It's All Over Now Baby Blue"]
Z:\Grateful Dead\1965-1966\gd1966-05-19.82844.sbd.unknown.sbeok.t-flac16\gd1966-05-19t16.flac,["Good Lovin'"]
Z:\Grateful Dead\1965-1966\gd1966-05-19.82844.sbd.unknown.sbeok.t-flac16\gd1966-05-19t17.flac,["You Don't Have To Ask"]
Z:\Grateful Dead\1965-1966\gd1966-06-xx.9513.sbd.vernon.sbeok.t-flac16\gd1966-06-XXd1t01.flac,["Stealin'"]
Z:\Grateful Dead\1965-1966\gd1966-06-xx.9513.sbd.vernon.sbeok.t-flac16\gd1966-06-XXd1t02.flac,["Stealin' (Take 4)"]
Z:\Grateful Dead\1965-1966\gd1966-06-xx.9513.sbd.vernon.sbeok.t-flac16\gd1966-06-XXd1t03.flac,["Stealin' (Take 5)"]
Z:\Grateful Dead\1965-1966\gd1966-06-xx.9513.sbd.vernon.sbeok.t-flac16\gd1966-06-XXd1t04.flac,["Stealin'(with vocals Take 6)"]
Z:\Grateful Dead\1965-1966\gd1966-06-xx.9513.sbd.vernon.sbeok.t-flac16\gd1966-06-XXd1t05.flac,['I Know You Rider (Take 1)']
Z:\Grateful Dead\1965-1966\gd1966-06-xx.9513.sbd.vernon.sbeok.t-flac16\gd1966-06-XXd1t06.flac,["Don't Ease Me In Jam (Take 1)"]
Z:\Grateful Dead\1965-1966\gd1966-06-xx.9513.sbd.vernon.sbeok.t-flac16\gd1966-06-XXd1t07.flac,["Don't Ease Me In Jam (Take 2)"]
Z:\Grateful Dead\1965-1966\gd1966-06-xx.9513.sbd.vernon.sbeok.t-flac16\gd1966-06-XXd1t08.flac,["Don't Ease Me In Jam (Take 3)"]
Z:\Grateful Dead\1965-1966\gd1966-06-xx.9513.sbd.vernon.sbeok.t-flac16\gd1966-06-XXd1t09.flac,["Don't Ease Me In Jam (Take 4)"]
Z:\Grateful Dead\1965-1966\gd1966-06-xx.9513.sbd.vernon.sbeok.t-flac16\gd1966-06-XXd1t10.flac,["Don't Ease Me In Jam (Take 5)"]
Z:\Grateful Dead\1965-1966\gd1966-06-xx.9513.sbd.vernon.sbeok.t-flac16\gd1966-06-XXd1t11.flac,["Don't Ease Me In Jam (Take 6)"]
Z:\Grateful Dead\1965-1966\gd1966-06-xx.9513.sbd.vernon.sbeok.t-flac16\gd1966-06-XXd1t12.flac,["Don't Ease Me In Jam (Take 7)"]
Z:\Grateful Dead\1965-1966\gd1966-06-xx.9513.sbd.vernon.sbeok.t-flac16\gd1966-06-XXd1t13.flac,["Don't Ease Me In Jam (Take 8)"]
Z:\Grateful Dead\1965-1966\gd1966-06-xx.9513.sbd.vernon.sbeok.t-flac16\gd1966-06-XXd1t14.flac,["Don't Ease Me In Jam (Take 1)"]
Z:\Grateful Dead\1965-1966\gd1966-06-xx.9513.sbd.vernon.sbeok.t-flac16\gd1966-06-XXd1t15.flac,["Don't Ease Me In Jam (Take 2)"]
Z:\Grateful Dead\1965-1966\gd1966-06-xx.9513.sbd.vernon.sbeok.t-flac16\gd1966-06-XXd1t16.flac,["Don't Ease Me In Jam (Take 3)"]
Z:\Grateful Dead\1965-1966\gd1966-06-xx.9513.sbd.vernon.sbeok.t-flac16\gd1966-06-XXd1t17.flac,["Don't Ease Me In Jam (Take 4)"]
Z:\Grateful Dead\1965-1966\gd1966-06-xx.9513.sbd.vernon.sbeok.t-flac16\gd1966-06-XXd1t18.flac,["Don't Ease Me In Jam (Take 5)"]
Z:\Grateful Dead\1965-1966\gd1966-06-xx.9513.sbd.vernon.sbeok.t-flac16\gd1966-06-XXd1t19.flac,["Don't Ease Me In Jam (Take 6 w/ vocals)"]
Z:\Grateful Dead\1965-1966\gd1966-06-xx.9513.sbd.vernon.sbeok.t-flac16\gd1966-06-XXd1t20.flac,["Don't Ease Me In Jam (Test Take 7)"]
Z:\Grateful Dead\1965-1966\gd1966-06-xx.9513.sbd.vernon.sbeok.t-flac16\gd1966-06-XXd1t21.flac,["You Don't Have To Ask"]
Z:\Grateful Dead\1965-1966\gd1966-06-xx.9513.sbd.vernon.sbeok.t-flac16\gd1966-06-XXd1t22.flac,["You Don't Have To Ask (Take 13)"]
Z:\Grateful Dead\1965-1966\gd1966-06-xx.9513.sbd.vernon.sbeok.t-flac16\gd1966-06-XXd1t23.flac,["You Don't Have To Ask (Take 14 with vocals)"]
Z:\Grateful Dead\1965-1966\gd1966-06-xx.9513.sbd.vernon.sbeok.t-flac16\gd1966-06-XXd1t24.flac,['Tastebud']
Z:\Grateful Dead\1965-1966\gd1966-06-xx.9513.sbd.vernon.sbeok.t-flac16\gd1966-06-XXd1t25.flac,['Tastebud (Take 2)']
Z:\Grateful Dead\1965-1966\gd1966-06-xx.9513.sbd.vernon.sbeok.t-flac16\gd1966-06-XXd1t26.flac,['Tastebud (Take 3)']
Z:\Grateful Dead\1965-1966\gd1966-06-xx.9513.sbd.vernon.sbeok.t-flac16\gd1966-06-XXd1t27.flac,['Tastebud (Take 4)']
Z:\Grateful Dead\1965-1966\gd1966-06-xx.9513.sbd.vernon.sbeok.t-flac16\gd1966-06-XXd1t28.flac,['Tastebud (Take 5)']
Z:\Grateful Dead\1965-1966\gd1966-06-xx.9513.sbd.vernon.sbeok.t-flac16\gd1966-06-XXd1t29.flac,["Stealin' (Take 1)"]
Z:\Grateful Dead\1965-1966\gd1966-06-xx.9513.sbd.vernon.sbeok.t-flac16\gd1966-06-XXd1t30.flac,['I Know You Rider (Take 1)']
Z:\Grateful Dead\1965-1966\gd1966-07-01.19924.sbd.unknown.sbeok.t-flac16\gd1966-07-01d1t01.flac,['Cold Rain And Snow']
Z:\Grateful Dead\1965-1966\gd1966-07-01.19924.sbd.unknown.sbeok.t-flac16\gd1966-07-01d1t02.flac,["It's All Over Now, Baby Blue"]
Z:\Grateful Dead\1965-1966\gd1966-07-01.19924.sbd.unknown.sbeok.t-flac16\gd1966-07-01d1t03.flac,['Cream Puff War']
Z:\Grateful Dead\1965-1966\gd1966-07-01.19924.sbd.unknown.sbeok.t-flac16\gd1966-07-01d1t04.flac,['King Bee']
Z:\Grateful Dead\1965-1966\gd1966-07-01.19924.sbd.unknown.sbeok.t-flac16\gd1966-07-01d1t05.flac,["Stealin'"]
Z:\Grateful Dead\1965-1966\gd1966-07-01.19924.sbd.unknown.sbeok.t-flac16\gd1966-07-01d1t06.flac,["Dancin' In The Streets"]
Z:\Grateful Dead\1965-1966\gd1966-07-03.00040.sbd.unknown.sbeok.t-flac16\gd1966-07-03d1t01.flac,["Dancin' In The Street"]
Z:\Grateful Dead\1965-1966\gd1966-07-03.00040.sbd.unknown.sbeok.t-flac16\gd1966-07-03d1t02.flac,['I Know You Rider']
Z:\Grateful Dead\1965-1966\gd1966-07-03.00040.sbd.unknown.sbeok.t-flac16\gd1966-07-03d1t03.flac,['He Was A  Friend Of Mine']
Z:\Grateful Dead\1965-1966\gd1966-07-03.00040.sbd.unknown.sbeok.t-flac16\gd1966-07-03d1t04.flac,['Next Time You See Me']
Z:\Grateful Dead\1965-1966\gd1966-07-03.00040.sbd.unknown.sbeok.t-flac16\gd1966-07-03d1t05.flac,['Viola Lee Blues']
Z:\Grateful Dead\1965-1966\gd1966-07-03.00040.sbd.unknown.sbeok.t-flac16\gd1966-07-03d1t06.flac,['Big Boss Man']
Z:\Grateful Dead\1965-1966\gd1966-07-03.00040.sbd.unknown.sbeok.t-flac16\gd1966-07-03d1t07.flac,["Sittin' On Top Of The World"]
Z:\Grateful Dead\1965-1966\gd1966-07-03.139751.sbd.miller.clugston.t-flac1648\gd1966-07-03 t01 Dancin' In The Street.flac,['Dancing in the Street']
Z:\Grateful Dead\1965-1966\gd1966-07-03.139751.sbd.miller.clugston.t-flac1648\gd1966-07-03 t02 I Know You Rider.flac,['I Know You Rider']
Z:\Grateful Dead\1965-1966\gd1966-07-03.139751.sbd.miller.clugston.t-flac1648\gd1966-07-03 t03 He Was A Friend Of Mine.flac,['He Was a Friend of Mine']
Z:\Grateful Dead\1965-1966\gd1966-07-03.139751.sbd.miller.clugston.t-flac1648\gd1966-07-03 t04 Next Time You See Me.flac,['Next Time You See Me']
Z:\Grateful Dead\1965-1966\gd1966-07-03.139751.sbd.miller.clugston.t-flac1648\gd1966-07-03 t05 Viola Lee Blues.flac,['Viola Lee Blues']
Z:\Grateful Dead\1965-1966\gd1966-07-03.139751.sbd.miller.clugston.t-flac1648\gd1966-07-03 t06 Big Boss Man.flac,['Big Boss Man']
Z:\Grateful Dead\1965-1966\gd1966-07-03.139751.sbd.miller.clugston.t-flac1648\gd1966-07-03 t07 Sittin' On Top Of The World.flac,["Sittin' on Top of the World"]
Z:\Grateful Dead\1965-1966\gd1966-07-03.139751.sbd.miller.clugston.t-flac1648\gd1966-07-03 t08 Don't Ease Me In.flac,["Don't Ease Me In"]
Z:\Grateful Dead\1965-1966\gd1966-07-03.139751.sbd.miller.clugston.t-flac1648\gd1966-07-03 t09 Stealin'.flac,["Stealin'"]
Z:\Grateful Dead\1965-1966\gd1966-07-16.4459.13958.sbd.serafin.marmar.sbefix.t-flac16\gd1966-07-16_d1t01.flac,['Viola Lee Blues']
Z:\Grateful Dead\1965-1966\gd1966-07-16.4459.13958.sbd.serafin.marmar.sbefix.t-flac16\gd1966-07-16_d1t02.flac,["Don't Ease Me In"]
Z:\Grateful Dead\1965-1966\gd1966-07-16.4459.13958.sbd.serafin.marmar.sbefix.t-flac16\gd1966-07-16_d1t03.flac,['Pain In My Heart']
Z:\Grateful Dead\1965-1966\gd1966-07-16.4459.13958.sbd.serafin.marmar.sbefix.t-flac16\gd1966-07-16_d1t04.flac,['Minglewood Blues']
Z:\Grateful Dead\1965-1966\gd1966-07-16.4459.13958.sbd.serafin.marmar.sbefix.t-flac16\gd1966-07-16_d1t05.flac,['Sitting On Top Of The World']
Z:\Grateful Dead\1965-1966\gd1966-07-16.4459.13958.sbd.serafin.marmar.sbefix.t-flac16\gd1966-07-16_d1t06.flac,["You Don't Have To Ask"]
Z:\Grateful Dead\1965-1966\gd1966-07-16.4459.13958.sbd.serafin.marmar.sbefix.t-flac16\gd1966-07-16_d1t07.flac,['Cold Rain & Snow']
Z:\Grateful Dead\1965-1966\gd1966-07-16.4459.13958.sbd.serafin.marmar.sbefix.t-flac16\gd1966-07-16_d1t08.flac,['Good Morning Little School Girl']
Z:\Grateful Dead\1965-1966\gd1966-07-16.4459.13958.sbd.serafin.marmar.sbefix.t-flac16\gd1966-07-16_d1t09.flac,["It's All Over Now Baby Blue"]
Z:\Grateful Dead\1965-1966\gd1966-07-16.sbd.miller.89555.sbeok.flac16\gd1966-07-16d1t01.flac,['I Know You Rider']
Z:\Grateful Dead\1965-1966\gd1966-07-16.sbd.miller.89555.sbeok.flac16\gd1966-07-16d1t02.flac,['Big Boss Man']
Z:\Grateful Dead\1965-1966\gd1966-07-16.sbd.miller.89555.sbeok.flac16\gd1966-07-16d1t03.flac,['Standing on the Corner']
Z:\Grateful Dead\1965-1966\gd1966-07-16.sbd.miller.89555.sbeok.flac16\gd1966-07-16d1t04.flac,['Beat It on Down the Line']
Z:\Grateful Dead\1965-1966\gd1966-07-16.sbd.miller.89555.sbeok.flac16\gd1966-07-16d1t05.flac,['In the Pines']
Z:\Grateful Dead\1965-1966\gd1966-07-16.sbd.miller.89555.sbeok.flac16\gd1966-07-16d1t06.flac,['Cardboard Cowboy']
Z:\Grateful Dead\1965-1966\gd1966-07-16.sbd.miller.89555.sbeok.flac16\gd1966-07-16d1t07.flac,["Nobody's Fault But Mine"]
Z:\Grateful Dead\1965-1966\gd1966-07-16.sbd.miller.89555.sbeok.flac16\gd1966-07-16d1t08.flac,['Next Time You See Me']
Z:\Grateful Dead\1965-1966\gd1966-07-16.sbd.miller.89555.sbeok.flac16\gd1966-07-16d1t09.flac,['He Was a Friend of MIne']
Z:\Grateful Dead\1965-1966\gd1966-07-16.sbd.miller.89555.sbeok.flac16\gd1966-07-16d1t10.flac,['Cream Puff War']
Z:\Grateful Dead\1965-1966\gd1966-07-16.sbd.miller.89555.sbeok.flac16\gd1966-07-16d1t11.flac,['Viola Lee Blues']
Z:\Grateful Dead\1965-1966\gd1966-07-16.sbd.miller.89555.sbeok.flac16\gd1966-07-16d1t12.flac,["Don't Ease Me In"]
Z:\Grateful Dead\1965-1966\gd1966-07-16.sbd.miller.89555.sbeok.flac16\gd1966-07-16d1t13.flac,['Pain in My Heart']
Z:\Grateful Dead\1965-1966\gd1966-07-16.sbd.miller.89555.sbeok.flac16\gd1966-07-16d1t14.flac,['Minglewood Blues']
Z:\Grateful Dead\1965-1966\gd1966-07-16.sbd.miller.89555.sbeok.flac16\gd1966-07-16d1t15.flac,["Sittin' on Top of the World"]
Z:\Grateful Dead\1965-1966\gd1966-07-16.sbd.miller.89555.sbeok.flac16\gd1966-07-16d2t01.flac,["You Don't Have to Ask"]
Z:\Grateful Dead\1965-1966\gd1966-07-16.sbd.miller.89555.sbeok.flac16\gd1966-07-16d2t02.flac,['Cold Rain & Snow']
Z:\Grateful Dead\1965-1966\gd1966-07-16.sbd.miller.89555.sbeok.flac16\gd1966-07-16d2t03.flac,['Good Morning Little Schoolgirl>']
Z:\Grateful Dead\1965-1966\gd1966-07-16.sbd.miller.89555.sbeok.flac16\gd1966-07-16d2t04.flac,["It's All Over Now Baby Blue"]
Z:\Grateful Dead\1965-1966\gd1966-07-16.sbd.miller.89555.sbeok.flac16\gd1966-07-16d2t05.flac,["Dancin' in the Streets"]
Z:\Grateful Dead\1965-1966\gd1966-07-29.9051.sbd.vernon.t-flac16\gd1966-07-29d1t01.flac,['Introduction']
Z:\Grateful Dead\1965-1966\gd1966-07-29.9051.sbd.vernon.t-flac16\gd1966-07-29d1t02.flac,["Standin' On The Corner"]
Z:\Grateful Dead\1965-1966\gd1966-07-29.9051.sbd.vernon.t-flac16\gd1966-07-29d1t03.flac,['I Know You Rider']
Z:\Grateful Dead\1965-1966\gd1966-07-29.9051.sbd.vernon.t-flac16\gd1966-07-29d1t04.flac,['Next Time You See Me']
Z:\Grateful Dead\1965-1966\gd1966-07-29.9051.sbd.vernon.t-flac16\gd1966-07-29d1t05.flac,["Sittin' On Top Of The World"]
Z:\Grateful Dead\1965-1966\gd1966-07-29.9051.sbd.vernon.t-flac16\gd1966-07-29d1t06.flac,["You Don't Have To Ask"]
Z:\Grateful Dead\1965-1966\gd1966-07-29.9051.sbd.vernon.t-flac16\gd1966-07-29d1t07.flac,['Big Boss Man']
Z:\Grateful Dead\1965-1966\gd1966-07-29.9051.sbd.vernon.t-flac16\gd1966-07-29d1t08.flac,["Stealin'"]
Z:\Grateful Dead\1965-1966\gd1966-07-29.9051.sbd.vernon.t-flac16\gd1966-07-29d1t09.flac,['Cardboard Cowboy']
Z:\Grateful Dead\1965-1966\gd1966-07-29.9051.sbd.vernon.t-flac16\gd1966-07-29d1t10.flac,["It's All Over Now Baby Blue"]
Z:\Grateful Dead\1965-1966\gd1966-07-29.9051.sbd.vernon.t-flac16\gd1966-07-29d1t11.flac,['Cream Puff War']
Z:\Grateful Dead\1965-1966\gd1966-07-29.9051.sbd.vernon.t-flac16\gd1966-07-29d1t12.flac,['Viola Lee Blues']
Z:\Grateful Dead\1965-1966\gd1966-07-29.94633.GEMS.sbd.t-flac16\gd1966-07-29.d1t01.flac,["Dancin' In The Street"]
Z:\Grateful Dead\1965-1966\gd1966-07-29.94633.GEMS.sbd.t-flac16\gd1966-07-29.d1t02.flac,['Cold Rain and Snow']
Z:\Grateful Dead\1965-1966\gd1966-07-29.94633.GEMS.sbd.t-flac16\gd1966-07-29.d1t03.flac,['King Bee']
Z:\Grateful Dead\1965-1966\gd1966-07-29.94633.GEMS.sbd.t-flac16\gd1966-07-29.d1t04.flac,['One Kind Favor']
Z:\Grateful Dead\1965-1966\gd1966-07-29.94633.GEMS.sbd.t-flac16\gd1966-07-29.d1t05.flac,["You Don't Have To Ask"]
Z:\Grateful Dead\1965-1966\gd1966-07-29.94633.GEMS.sbd.t-flac16\gd1966-07-29.d1t06.flac,['Hey Little One']
Z:\Grateful Dead\1965-1966\gd1966-07-29.94633.GEMS.sbd.t-flac16\gd1966-07-29.d1t07.flac,['Beat It On Down The Line']
Z:\Grateful Dead\1965-1966\gd1966-07-29.94633.GEMS.sbd.t-flac16\gd1966-07-29.d1t08.flac,['Good Morning Little Schoolgirl']
Z:\Grateful Dead\1965-1966\gd1966-07-29.94633.GEMS.sbd.t-flac16\gd1966-07-29.d1t09.flac,['New Minglewood Blues']
Z:\Grateful Dead\1965-1966\gd1966-07-30.09387.sbd.vernon.sbeok.t-flac16\gd1966-07-30d1t01.flac,['Microphone Test and Band Intro']
Z:\Grateful Dead\1965-1966\gd1966-07-30.09387.sbd.vernon.sbeok.t-flac16\gd1966-07-30d1t02.flac,["Dancin' In The Streets"]
Z:\Grateful Dead\1965-1966\gd1966-07-30.09387.sbd.vernon.sbeok.t-flac16\gd1966-07-30d1t03.flac,["I'm A King Bee"]
Z:\Grateful Dead\1965-1966\gd1966-07-30.09387.sbd.vernon.sbeok.t-flac16\gd1966-07-30d1t04.flac,['One Kind Favor']
Z:\Grateful Dead\1965-1966\gd1966-07-30.09387.sbd.vernon.sbeok.t-flac16\gd1966-07-30d1t05.flac,['Get Us a Coke']
Z:\Grateful Dead\1965-1966\gd1966-07-30.09387.sbd.vernon.sbeok.t-flac16\gd1966-07-30d1t06.flac,['Hey Little One']
Z:\Grateful Dead\1965-1966\gd1966-07-30.09387.sbd.vernon.sbeok.t-flac16\gd1966-07-30d1t07.flac,['Minglewood Blues']
Z:\Grateful Dead\1965-1966\gd1966-07-30.09387.sbd.vernon.sbeok.t-flac16\gd1966-07-30d1t08.flac,['See You Later ...']
Z:\Grateful Dead\1965-1966\gd1966-07-30.94631.sbd.gems.sbeok.flac16\gd1966-07-30.d1t01.flac,['Standing on the Corner']
Z:\Grateful Dead\1965-1966\gd1966-07-30.94631.sbd.gems.sbeok.flac16\gd1966-07-30.d1t02.flac,['I Know You Rider']
Z:\Grateful Dead\1965-1966\gd1966-07-30.94631.sbd.gems.sbeok.flac16\gd1966-07-30.d1t03.flac,['Next Time You See Me']
Z:\Grateful Dead\1965-1966\gd1966-07-30.94631.sbd.gems.sbeok.flac16\gd1966-07-30.d1t04.flac,['Sitting on Top of the World']
Z:\Grateful Dead\1965-1966\gd1966-07-30.94631.sbd.gems.sbeok.flac16\gd1966-07-30.d1t05.flac,["You Don't Have to Ask"]
Z:\Grateful Dead\1965-1966\gd1966-07-30.94631.sbd.gems.sbeok.flac16\gd1966-07-30.d1t06.flac,['Big Boss Man']
Z:\Grateful Dead\1965-1966\gd1966-07-30.94631.sbd.gems.sbeok.flac16\gd1966-07-30.d1t07.flac,["Stealin'"]
Z:\Grateful Dead\1965-1966\gd1966-07-30.94631.sbd.gems.sbeok.flac16\gd1966-07-30.d1t08.flac,['Cardboard Cowboy']
Z:\Grateful Dead\1965-1966\gd1966-07-30.94631.sbd.gems.sbeok.flac16\gd1966-07-30.d1t09.flac,['Baby Blue']
Z:\Grateful Dead\1965-1966\gd1966-07-30.94631.sbd.gems.sbeok.flac16\gd1966-07-30.d1t10.flac,['Cream Puff War']
Z:\Grateful Dead\1965-1966\gd1966-07-30.94631.sbd.gems.sbeok.flac16\gd1966-07-30.d1t11.flac,['Viola Lee Blues']
Z:\Grateful Dead\1965-1966\gd1966-07-30.94631.sbd.gems.sbeok.flac16\gd1966-07-30.d1t12.flac,['Beat It on Down the Line']
Z:\Grateful Dead\1965-1966\gd1966-07-30.94631.sbd.gems.sbeok.flac16\gd1966-07-30.d1t13.flac,['Good Morning Little Schoolgirl']
Z:\Grateful Dead\1965-1966\gd1966-09-16.09127.sbd.vernon.sbeok.t-flac16\gd1966-09-16d1t01.flac,['I Know You Rider']
Z:\Grateful Dead\1965-1966\gd1966-09-16.09127.sbd.vernon.sbeok.t-flac16\gd1966-09-16d1t02.flac,['It Hurts Me Too']
Z:\Grateful Dead\1965-1966\gd1966-09-16.09127.sbd.vernon.sbeok.t-flac16\gd1966-09-16d1t03.flac,["It's All Over Now Baby Blue"]
Z:\Grateful Dead\1965-1966\gd1966-09-16.09127.sbd.vernon.sbeok.t-flac16\gd1966-09-16d1t04.flac,["Good Mornin' Little Schoolgirl"]
Z:\Grateful Dead\1965-1966\gd1966-09-16.09127.sbd.vernon.sbeok.t-flac16\gd1966-09-16d1t05.flac,['Lindy']
Z:\Grateful Dead\1965-1966\gd1966-09-16.09127.sbd.vernon.sbeok.t-flac16\gd1966-09-16d1t06.flac,["Dancin' In The Streets"]
Z:\Grateful Dead\1965-1966\gd1966-09-16.09127.sbd.vernon.sbeok.t-flac16\gd1966-09-16d1t07.flac,['Midnight Hour']
Z:\Grateful Dead\1965-1966\gd1966-09-16.09127.sbd.vernon.sbeok.t-flac16\gd1966-09-16d1t08.flac,["Stealin'"]
Z:\Grateful Dead\1965-1966\gd1966-09-16.09127.sbd.vernon.sbeok.t-flac16\gd1966-09-16d1t09.flac,['Same Thing']
Z:\Grateful Dead\1965-1966\gd1966-09-16.95970.sbd-lp.davenport.sbeok.t-flac16\gd1966-09-16t01.flac,['I Know You Rider']
Z:\Grateful Dead\1965-1966\gd1966-09-16.95970.sbd-lp.davenport.sbeok.t-flac16\gd1966-09-16t02.flac,['It Hurts Me Too']
Z:\Grateful Dead\1965-1966\gd1966-09-16.95970.sbd-lp.davenport.sbeok.t-flac16\gd1966-09-16t03.flac,["It's All Over Now, Baby Blue"]
Z:\Grateful Dead\1965-1966\gd1966-09-16.95970.sbd-lp.davenport.sbeok.t-flac16\gd1966-09-16t04.flac,['Dancing in the Streets']
Z:\Grateful Dead\1965-1966\gd1966-09-16.95970.sbd-lp.davenport.sbeok.t-flac16\gd1966-09-16t05.flac,['Midnight Hour']
Z:\Grateful Dead\1965-1966\gd1966-09-16.95970.sbd-lp.davenport.sbeok.t-flac16\gd1966-09-16t06.flac,['Good Morning Little Schoolgirl']
Z:\Grateful Dead\1965-1966\gd1966-09-16.95970.sbd-lp.davenport.sbeok.t-flac16\gd1966-09-16t07.flac,['Lindy']
Z:\Grateful Dead\1965-1966\gd1966-09-16.95970.sbd-lp.davenport.sbeok.t-flac16\gd1966-09-16t08.flac,["Stealin'"]
Z:\Grateful Dead\1965-1966\gd1966-09-16.95970.sbd-lp.davenport.sbeok.t-flac16\gd1966-09-16t09.flac,['The Same Thing']
Z:\Grateful Dead\1965-1966\gd1966-10-07.14102.sbd.unknown.t-flac16\gd1966-10-07t01.flac,['Cream Puff War']
Z:\Grateful Dead\1965-1966\gd1966-10-07.14102.sbd.unknown.t-flac16\gd1966-10-07t02.flac,['Good Morning Little Schoolgirl']
Z:\Grateful Dead\1965-1966\gd1966-10-07.14102.sbd.unknown.t-flac16\gd1966-10-07t03.flac,["Stealin'"]
Z:\Grateful Dead\1965-1966\gd1966-11-18sbd.flegel.ciaffa.miller.flac24\01 The Same Thing.flac,['The Same Thing']
Z:\Grateful Dead\1965-1966\gd1966-11-18sbd.flegel.ciaffa.miller.flac24\02 New Minglewood Blues.flac,['New Minglewood Blues']
Z:\Grateful Dead\1965-1966\gd1966-11-18sbd.flegel.ciaffa.miller.flac24\03 Nobody_s Fault But Mine.flac,["Nobody's Fault But Mine"]
Z:\Grateful Dead\1965-1966\gd1966-11-18sbd.flegel.ciaffa.miller.flac24\04 Beat It On Down The Line.flac,['Beat It On Down The Line']
Z:\Grateful Dead\1965-1966\gd1966-11-18sbd.flegel.ciaffa.miller.flac24\05 Next Time You See Me.flac,['Next Time You See Me']
Z:\Grateful Dead\1965-1966\gd1966-11-18sbd.flegel.ciaffa.miller.flac24\06 It_s All Over Now, Baby Blue.flac,["It's All Over Now Baby Blue"]
Z:\Grateful Dead\1965-1966\gd1966-11-18sbd.flegel.ciaffa.miller.flac24\07 Viola Lee Blues.flac,['Viola Lee Blues']
Z:\Grateful Dead\1965-1966\gd1966-11-19.75970.sbd.seff-joshd.sbeok.t-flac16\gd1966-11-19-sc-t01.flac,['High Healed Sneakers']
Z:\Grateful Dead\1965-1966\gd1966-11-19.75970.sbd.seff-joshd.sbeok.t-flac16\gd1966-11-19-sc-t02.flac,['Pain in My Heart']
Z:\Grateful Dead\1965-1966\gd1966-11-19.75970.sbd.seff-joshd.sbeok.t-flac16\gd1966-11-19-sc-t03.flac,['Cold Rain and Snow']
Z:\Grateful Dead\1965-1966\gd1966-11-19.75970.sbd.seff-joshd.sbeok.t-flac16\gd1966-11-19-sc-t04.flac,['Beat it on Down the Line']
Z:\Grateful Dead\1965-1966\gd1966-11-19.75970.sbd.seff-joshd.sbeok.t-flac16\gd1966-11-19-sc-t05.flac,['Cream Puff War']
Z:\Grateful Dead\1965-1966\gd1966-11-19.75970.sbd.seff-joshd.sbeok.t-flac16\gd1966-11-19-sc-t06.flac,['The Same Thing']
Z:\Grateful Dead\1965-1966\gd1966-11-19.75970.sbd.seff-joshd.sbeok.t-flac16\gd1966-11-19-sc-t07.flac,['He Was a Friend of Mine']
Z:\Grateful Dead\1965-1966\gd1966-11-19.75970.sbd.seff-joshd.sbeok.t-flac16\gd1966-11-19-sc-t08.flac,['Smokestack Lightning']
Z:\Grateful Dead\1965-1966\gd1966-11-19.75970.sbd.seff-joshd.sbeok.t-flac16\gd1966-11-19-sc-t09.flac,['King Bee']
Z:\Grateful Dead\1965-1966\gd1966-11-19.75970.sbd.seff-joshd.sbeok.t-flac16\gd1966-11-19-sc-t10.flac,['Midnight Hour']
Z:\Grateful Dead\1965-1966\gd1966-11-19.94106.sbd.miller.sbeok.flac16\gd1966-11-19d1t01.flac,['Introduction']
Z:\Grateful Dead\1965-1966\gd1966-11-19.94106.sbd.miller.sbeok.flac16\gd1966-11-19d1t02.flac,['Cold Rain & Snow']
Z:\Grateful Dead\1965-1966\gd1966-11-19.94106.sbd.miller.sbeok.flac16\gd1966-11-19d1t03.flac,['High-Heel Sneakers']
Z:\Grateful Dead\1965-1966\gd1966-11-19.94106.sbd.miller.sbeok.flac16\gd1966-11-19d1t04.flac,['Pain in My Heart']
Z:\Grateful Dead\1965-1966\gd1966-11-19.94106.sbd.miller.sbeok.flac16\gd1966-11-19d1t05.flac,['Beat It on Down the Line']
Z:\Grateful Dead\1965-1966\gd1966-11-19.94106.sbd.miller.sbeok.flac16\gd1966-11-19d1t06.flac,['Cream Puff War']
Z:\Grateful Dead\1965-1966\gd1966-11-19.94106.sbd.miller.sbeok.flac16\gd1966-11-19d1t07.flac,['The Same Thing']
Z:\Grateful Dead\1965-1966\gd1966-11-19.94106.sbd.miller.sbeok.flac16\gd1966-11-19d1t08.flac,['He Was a Freind of Mine']
Z:\Grateful Dead\1965-1966\gd1966-11-19.94106.sbd.miller.sbeok.flac16\gd1966-11-19d1t09.flac,['Danicing in the Streets']
Z:\Grateful Dead\1965-1966\gd1966-11-19.94106.sbd.miller.sbeok.flac16\gd1966-11-19d1t10.flac,['Smokestack Lightning>']
Z:\Grateful Dead\1965-1966\gd1966-11-19.94106.sbd.miller.sbeok.flac16\gd1966-11-19d1t11.flac,["I'm a King Bee"]
Z:\Grateful Dead\1965-1966\gd1966-11-19.94106.sbd.miller.sbeok.flac16\gd1966-11-19d1t12.flac,['In the Midnight Hour']
Z:\Grateful Dead\1965-1966\gd1966-11-29.152151.s2-s3.sbd.hance.sirmick.t-flac16\gd1966-11-29s2t01.flac,['Me and My Uncle']
Z:\Grateful Dead\1965-1966\gd1966-11-29.152151.s2-s3.sbd.hance.sirmick.t-flac16\gd1966-11-29s2t02.flac,['The Same Thing']
Z:\Grateful Dead\1965-1966\gd1966-11-29.152151.s2-s3.sbd.hance.sirmick.t-flac16\gd1966-11-29s2t03.flac,["Stealin'"]
Z:\Grateful Dead\1965-1966\gd1966-11-29.152151.s2-s3.sbd.hance.sirmick.t-flac16\gd1966-11-29s2t04.flac,['Big Boy Pete']
Z:\Grateful Dead\1965-1966\gd1966-11-29.152151.s2-s3.sbd.hance.sirmick.t-flac16\gd1966-11-29s2t05.flac,['One Kind Favor']
Z:\Grateful Dead\1965-1966\gd1966-11-29.152151.s2-s3.sbd.hance.sirmick.t-flac16\gd1966-11-29s2t06.flac,['Early Morning Rain']
Z:\Grateful Dead\1965-1966\gd1966-11-29.152151.s2-s3.sbd.hance.sirmick.t-flac16\gd1966-11-29s2t07.flac,['Cold Rain And Snow']
Z:\Grateful Dead\1965-1966\gd1966-11-29.152151.s2-s3.sbd.hance.sirmick.t-flac16\gd1966-11-29s2t08.flac,['Viola Lee Blues']
Z:\Grateful Dead\1965-1966\gd1966-11-29.152151.s2-s3.sbd.hance.sirmick.t-flac16\gd1966-11-29s3t01.flac,['Down So Long']
Z:\Grateful Dead\1965-1966\gd1966-11-29.152151.s2-s3.sbd.hance.sirmick.t-flac16\gd1966-11-29s3t02.flac,['Something On Your Mind']
Z:\Grateful Dead\1965-1966\gd1966-11-29.152151.s2-s3.sbd.hance.sirmick.t-flac16\gd1966-11-29s3t03.flac,['Lindy']
Z:\Grateful Dead\1965-1966\gd1966-11-29.152151.s2-s3.sbd.hance.sirmick.t-flac16\gd1966-11-29s3t04.flac,['Good Morning Little Schoolgirl']
Z:\Grateful Dead\1965-1966\gd1966-11-29.152151.s2-s3.sbd.hance.sirmick.t-flac16\gd1966-11-29s3t05.flac,['I Just Want To Make Love To You']
Z:\Grateful Dead\1965-1966\gd1966-11-29.152151.s2-s3.sbd.hance.sirmick.t-flac16\gd1966-11-29s3t06.flac,['Merry-Go-Round Broke Down']
Z:\Grateful Dead\1965-1966\gd1966-11-29.20448.sbd.ret..t-flac16\gd1966-11-29d1t01.flac,['Sick & Tired']
Z:\Grateful Dead\1965-1966\gd1966-11-29.20448.sbd.ret..t-flac16\gd1966-11-29d1t02.flac,['Standing on the Corner']
Z:\Grateful Dead\1965-1966\gd1966-11-29.20448.sbd.ret..t-flac16\gd1966-11-29d1t03.flac,['Mindbender']
Z:\Grateful Dead\1965-1966\gd1966-11-29.20448.sbd.ret..t-flac16\gd1966-11-29d1t04.flac,['It Hurts Me Too']
Z:\Grateful Dead\1965-1966\gd1966-11-29.20448.sbd.ret..t-flac16\gd1966-11-29d1t05.flac,['Viola Lee Blues']
Z:\Grateful Dead\1965-1966\gd1966-11-29.20448.sbd.ret..t-flac16\gd1966-11-29d1t06.flac,['I Know You Rider']
Z:\Grateful Dead\1965-1966\gd1966-11-29.20448.sbd.ret..t-flac16\gd1966-11-29d1t07.flac,["It's a Sin"]
Z:\Grateful Dead\1965-1966\gd1966-11-29.20448.sbd.ret..t-flac16\gd1966-11-29d1t08.flac,['Cream Puff War']
Z:\Grateful Dead\1965-1966\gd1966-11-29.20448.sbd.ret..t-flac16\gd1966-11-29d2t01.flac,['Me & My Uncle']
Z:\Grateful Dead\1965-1966\gd1966-11-29.20448.sbd.ret..t-flac16\gd1966-11-29d2t02.flac,['The Same Thing']
Z:\Grateful Dead\1965-1966\gd1966-11-29.20448.sbd.ret..t-flac16\gd1966-11-29d2t03.flac,["Stealin'"]
Z:\Grateful Dead\1965-1966\gd1966-11-29.20448.sbd.ret..t-flac16\gd1966-11-29d2t04.flac,['Big Boy Pete']
Z:\Grateful Dead\1965-1966\gd1966-11-29.20448.sbd.ret..t-flac16\gd1966-11-29d2t05.flac,['See That My Grave Is Kept Clean']
Z:\Grateful Dead\1965-1966\gd1966-11-29.20448.sbd.ret..t-flac16\gd1966-11-29d2t06.flac,['Early Morning Rain']
Z:\Grateful Dead\1965-1966\gd1966-11-29.20448.sbd.ret..t-flac16\gd1966-11-29d2t07.flac,['Cold Rain & Snow']
Z:\Grateful Dead\1965-1966\gd1966-11-29.20448.sbd.ret..t-flac16\gd1966-11-29d2t08.flac,['Viola Lee Blues']
Z:\Grateful Dead\1965-1966\gd1966-11-29.20448.sbd.ret..t-flac16\gd1966-11-29d2t09.flac,['Down So Long']
Z:\Grateful Dead\1965-1966\gd1966-11-29.20448.sbd.ret..t-flac16\gd1966-11-29d2t10.flac,['Something On Your Mind']
Z:\Grateful Dead\1965-1966\gd1966-11-29.20448.sbd.ret..t-flac16\gd1966-11-29d2t11.flac,['Lindy']
Z:\Grateful Dead\1965-1966\gd1966-11-29.20448.sbd.ret..t-flac16\gd1966-11-29d2t12.flac,['Good Morning, Little Schoolgirl']
Z:\Grateful Dead\1965-1966\gd1966-11-29.20448.sbd.ret..t-flac16\gd1966-11-29d2t13.flac,['I Just Want To Make Love To You']
Z:\Grateful Dead\1965-1966\gd1966-11-29.20448.sbd.ret..t-flac16\gd1966-11-29d2t14.flac,['Merry-Go-Round Broke "Out-tro"']
Z:\Grateful Dead\1965-1966\gd1966-12-01.150269.sbd.anon.gems.t-flac16\16 On The Road Again.flac,['On The Road Again']
Z:\Grateful Dead\1965-1966\gd1966-12-01.150269.sbd.anon.gems.t-flac16\01 New Minglewood Blues.flac,['New Minglewood Blues']
Z:\Grateful Dead\1965-1966\gd1966-12-01.150269.sbd.anon.gems.t-flac16\02 tuning.flac,['Tuning']
Z:\Grateful Dead\1965-1966\gd1966-12-01.150269.sbd.anon.gems.t-flac16\03 Betty and Dupree.flac,['Betty and Dupree']
Z:\Grateful Dead\1965-1966\gd1966-12-01.150269.sbd.anon.gems.t-flac16\04 Next Time You See Me.flac,['Next Time You See Me']
Z:\Grateful Dead\1965-1966\gd1966-12-01.150269.sbd.anon.gems.t-flac16\05 tuning.flac,['Tuning']
Z:\Grateful Dead\1965-1966\gd1966-12-01.150269.sbd.anon.gems.t-flac16\06 I Know You Rider.flac,['I Know You Rider']
Z:\Grateful Dead\1965-1966\gd1966-12-01.150269.sbd.anon.gems.t-flac16\07 Big Boss Man.flac,['Big Boss Man']
Z:\Grateful Dead\1965-1966\gd1966-12-01.150269.sbd.anon.gems.t-flac16\08 One Kind Favor.flac,['One Kind Favor']
Z:\Grateful Dead\1965-1966\gd1966-12-01.150269.sbd.anon.gems.t-flac16\09 Alice D Millionaire.flac,['Alice D Millionaire']
Z:\Grateful Dead\1965-1966\gd1966-12-01.150269.sbd.anon.gems.t-flac16\10 Me And My Uncle.flac,['Me And My Uncle']
Z:\Grateful Dead\1965-1966\gd1966-12-01.150269.sbd.anon.gems.t-flac16\11 Me And My Uncle.flac,['Me And My Uncle']
Z:\Grateful Dead\1965-1966\gd1966-12-01.150269.sbd.anon.gems.t-flac16\12 Cream Puff War.flac,['Cream Puff War']
Z:\Grateful Dead\1965-1966\gd1966-12-01.150269.sbd.anon.gems.t-flac16\13 You Don't Love Me.flac,["You Don't Love Me"]
Z:\Grateful Dead\1965-1966\gd1966-12-01.150269.sbd.anon.gems.t-flac16\14 Beat It On Down The Line.flac,['Beat It On Down The Line']
Z:\Grateful Dead\1965-1966\gd1966-12-01.150269.sbd.anon.gems.t-flac16\15 It Hurts Me Too.flac,['It Hurts Me Too']
Z:\Grateful Dead\1965-1966\gd1966-12-01.150269.sbd.anon.gems.t-flac16\17 Look Over Yonder's Wall.flac,["Look Over Yonder's Wall"]
Z:\Grateful Dead\1965-1966\gd1966-12-01.150269.sbd.anon.gems.t-flac16\18 My Own Fault.flac,['My Own Fault']
Z:\Grateful Dead\1965-1966\gd1966-12-01.150269.sbd.anon.gems.t-flac16\19 Down So Long.flac,['Down So Long']
Z:\Grateful Dead\1965-1966\gd1966-12-01.150269.sbd.anon.gems.t-flac16\20 Cold Rain And Snow.flac,['Cold Rain And Snow']
Z:\Grateful Dead\1965-1966\gd1966-12-01.150269.sbd.anon.gems.t-flac16\21 Viola Lee Blues.flac,['Viola Lee Blues']
Z:\Grateful Dead\1965-1966\gd1966-12-01.150269.sbd.anon.gems.t-flac16\22 Deep Elem Blues.flac,['Deep Elem Blues']
Z:\Grateful Dead\1965-1966\gd1966-12-01.150269.sbd.anon.gems.t-flac16\23 Something On Your Mind.flac,['Something On Your Mind']
Z:\Grateful Dead\1965-1966\gd1966-12-01.150269.sbd.anon.gems.t-flac16\24 Big Boy Pete.flac,['Big Boy Pete']
Z:\Grateful Dead\1965-1966\gd1966-12-01.150269.sbd.anon.gems.t-flac16\25 Death Don't Have No Mercy.flac,["Death Don't Have No Mercy"]
Z:\Grateful Dead\1965-1966\gd1966-12-01.150269.sbd.anon.gems.t-flac16\26 Lindy.flac,['Lindy']
Z:\Grateful Dead\1965-1966\gd1966-12-01.150269.sbd.anon.gems.t-flac16\27 Dancin' In The Streets.flac,["Dancin' In The Streets"]
Z:\Grateful Dead\1965-1966\gd1966-12-01.150269.sbd.anon.gems.t-flac16\28 Me And My Uncle.flac,['Me And My Uncle']
Z:\Grateful Dead\1965-1966\gd1966-12-01.150269.sbd.anon.gems.t-flac16\29 Outro.flac,['Outro']
Z:\Grateful Dead\1965-1966\gd1966-12-01.26968.sbd.sirmick.t-flac16\gd1966-12-01d1t01.flac,['Minglewood Blues']
Z:\Grateful Dead\1965-1966\gd1966-12-01.26968.sbd.sirmick.t-flac16\gd1966-12-01d1t02.flac,['Betty and Dupree']
Z:\Grateful Dead\1965-1966\gd1966-12-01.26968.sbd.sirmick.t-flac16\gd1966-12-01d1t03.flac,['Next Time You See  Me']
Z:\Grateful Dead\1965-1966\gd1966-12-01.26968.sbd.sirmick.t-flac16\gd1966-12-01d1t04.flac,['I Know You Rider']
Z:\Grateful Dead\1965-1966\gd1966-12-01.26968.sbd.sirmick.t-flac16\gd1966-12-01d1t05.flac,['Big Boss Man']
Z:\Grateful Dead\1965-1966\gd1966-12-01.26968.sbd.sirmick.t-flac16\gd1966-12-01d1t06.flac,['One Kind Favor']
Z:\Grateful Dead\1965-1966\gd1966-12-01.26968.sbd.sirmick.t-flac16\gd1966-12-01d1t07.flac,['Alice D. Millionaire']
Z:\Grateful Dead\1965-1966\gd1966-12-01.26968.sbd.sirmick.t-flac16\gd1966-12-01d1t08.flac,['Me and My Uncle (aborted attempt)']
Z:\Grateful Dead\1965-1966\gd1966-12-01.26968.sbd.sirmick.t-flac16\gd1966-12-01d1t09.flac,['Me and My Uncle']
Z:\Grateful Dead\1965-1966\gd1966-12-01.26968.sbd.sirmick.t-flac16\gd1966-12-01d1t10.flac,['Cream Puff War']
Z:\Grateful Dead\1965-1966\gd1966-12-01.26968.sbd.sirmick.t-flac16\gd1966-12-01d1t11.flac,["You Don't Love Me"]
Z:\Grateful Dead\1965-1966\gd1966-12-01.26968.sbd.sirmick.t-flac16\gd1966-12-01d1t12.flac,['Beat It On Down The Line']
Z:\Grateful Dead\1965-1966\gd1966-12-01.26968.sbd.sirmick.t-flac16\gd1966-12-01d1t13.flac,['It Hurts  Me Too']
Z:\Grateful Dead\1965-1966\gd1966-12-01.26968.sbd.sirmick.t-flac16\gd1966-12-01d1t14.flac,['On The Road Again']
Z:\Grateful Dead\1965-1966\gd1966-12-01.26968.sbd.sirmick.t-flac16\gd1966-12-01d1t15.flac,["Yonder's Wall"]
Z:\Grateful Dead\1965-1966\gd1966-12-01.26968.sbd.sirmick.t-flac16\gd1966-12-01d2t01.flac,['My Own Fault']
Z:\Grateful Dead\1965-1966\gd1966-12-01.26968.sbd.sirmick.t-flac16\gd1966-12-01d2t02.flac,['Down So Long']
Z:\Grateful Dead\1965-1966\gd1966-12-01.26968.sbd.sirmick.t-flac16\gd1966-12-01d2t03.flac,['Cold Rain And Snow']
Z:\Grateful Dead\1965-1966\gd1966-12-01.26968.sbd.sirmick.t-flac16\gd1966-12-01d2t04.flac,['Viola Lee Blues']
Z:\Grateful Dead\1965-1966\gd1966-12-01.26968.sbd.sirmick.t-flac16\gd1966-12-01d2t05.flac,['Deep Elem Blues']
Z:\Grateful Dead\1965-1966\gd1966-12-01.26968.sbd.sirmick.t-flac16\gd1966-12-01d2t06.flac,['Something On Your Mind']
Z:\Grateful Dead\1965-1966\gd1966-12-01.26968.sbd.sirmick.t-flac16\gd1966-12-01d2t07.flac,['Big Boy Pete']
Z:\Grateful Dead\1965-1966\gd1966-12-01.26968.sbd.sirmick.t-flac16\gd1966-12-01d2t08.flac,["Death Don't Have No Mercy"]
Z:\Grateful Dead\1965-1966\gd1966-12-01.26968.sbd.sirmick.t-flac16\gd1966-12-01d2t09.flac,['Lindy']
Z:\Grateful Dead\1965-1966\gd1966-12-01.26968.sbd.sirmick.t-flac16\gd1966-12-01d2t10.flac,["Dancin' In  The Street"]
Z:\Grateful Dead\1965-1966\gd1966-12-01.26968.sbd.sirmick.t-flac16\gd1966-12-01d2t11.flac,['Me and My Uncle (2)']
Z:\Grateful Dead\1965-1966\gd1966-12-05.23064.sbd.kimbro.sbeok.t-flac16\gd1966-12-05d1t01.flac,['I Know Your Rider']
Z:\Grateful Dead\1965-1966\gd1966-12-05.23064.sbd.kimbro.sbeok.t-flac16\gd1966-12-05d1t02-fixed.flac,['Cold Rain and Snow']
Z:\Grateful Dead\1965-1966\gd1966-12-05.23064.sbd.kimbro.sbeok.t-flac16\gd1966-12-05d1t03-fixed.flac,['Cream Puff War']
Z:\Grateful Dead\1965-1966\gd1966-12-05.23064.sbd.kimbro.sbeok.t-flac16\gd1966-12-05d1t04-fixed.flac,['Sitting on Top of the World']
Z:\Grateful Dead\1965-1966\gd1966-12-05.23064.sbd.kimbro.sbeok.t-flac16\gd1966-12-05d1t05-fixed.flac,['The Same Thing']
Z:\Grateful Dead\1965-1966\gd1966-12-05.23064.sbd.kimbro.sbeok.t-flac16\gd1966-12-05d1t06-fixed.flac,["Stealin'"]
Z:\Grateful Dead\1965-1966\gd1966-12-05.23064.sbd.kimbro.sbeok.t-flac16\gd1966-12-05d1t07-fixed.flac,['New Minglewood Blues']
Z:\Grateful Dead\1965-1966\gd1966-12-05.23064.sbd.kimbro.sbeok.t-flac16\gd1966-12-05d1t08-fixed.flac,['Your Sons and Daughters']
Z:\Grateful Dead\1965-1966\gd1966-12-05.23064.sbd.kimbro.sbeok.t-flac16\gd1966-12-05d1t09-fixed.flac,['Fire in the City']
Z:\Grateful Dead\1965-1966\gd1966-xx-xx.02372.fm.gans.t-flac16\gd1966-xx-xxt01.flac,['Grateful Dead Hour Intro']
Z:\Grateful Dead\1965-1966\gd1966-xx-xx.02372.fm.gans.t-flac16\gd1966-xx-xxt02.flac,["She's On The Road Again"]
Z:\Grateful Dead\1965-1966\gd1966-xx-xx.02372.fm.gans.t-flac16\gd1966-xx-xxt03.flac,['Next Time You See Me']
Z:\Grateful Dead\1965-1966\gd1966-xx-xx.02372.fm.gans.t-flac16\gd1966-xx-xxt04.flac,['I Know You Rider']
Z:\Grateful Dead\1965-1966\gd1966-xx-xx.02372.fm.gans.t-flac16\gd1966-xx-xxt05.flac,['Hey Little One']
Z:\Grateful Dead\1965-1966\gd1966-xx-xx.02372.fm.gans.t-flac16\gd1966-xx-xxt06.flac,['Cold Rain and Snow']
Z:\Grateful Dead\1965-1966\gd1966-xx-xx.02372.fm.gans.t-flac16\gd1966-xx-xxt07.flac,['King Bee']
Z:\Grateful Dead\1965-1966\gd1966-xx-xx.02372.fm.gans.t-flac16\gd1966-xx-xxt08.flac,['Caution']
Z:\Grateful Dead\1965-1966\gd1966-xx-xx.02372.fm.gans.t-flac16\gd1966-xx-xxt09.flac,["Stealin'"]
Z:\Grateful Dead\1965-1966\gd1966-xx-xx.02372.fm.gans.t-flac16\gd1966-xx-xxt10.flac,['Grateful Dead Hour Outro']
Z:\Grateful Dead\1965-1966\gd1966-xx-xx.136657.sbd.practice.mr-dat.flac16\gd1966-xx-xxt01.flac,['unknown song - several instrumental takes']
Z:\Grateful Dead\1965-1966\gd1966-xx-xx.136657.sbd.practice.mr-dat.flac16\gd1966-xx-xxt02.flac,['unknown song - Phil vocal and Jerry harmony > talking']
Z:\Grateful Dead\1965-1966\gd1966-xx-xx.19529.sbd.jools.sbeok.t-flac16\gd1966-xx-xx_t1.flac,['Good Morning Little Schoolgirl']
Z:\Grateful Dead\1965-1966\gd1966-xx-xx.19529.sbd.jools.sbeok.t-flac16\gd1966-xx-xx_t2.flac,["You Don't Love Me"]
Z:\Grateful Dead\1965-1966\gd1966-xx-xx.19529.sbd.jools.sbeok.t-flac16\gd1966-xx-xx_t3.flac,['Good Morning Little Schoolgirl']
Z:\Grateful Dead\1965-1966\gd1966-xx-xx.81254.sbd.GEMS.sbeok.t-flac16\Primal GD GEMSd1t01.flac,['Viola Lee Blues']
Z:\Grateful Dead\1965-1966\gd1966-xx-xx.81254.sbd.GEMS.sbeok.t-flac16\Primal GD GEMSd1t02.flac,["Don't Ease Me In"]
Z:\Grateful Dead\1965-1966\gd1966-xx-xx.81254.sbd.GEMS.sbeok.t-flac16\Primal GD GEMSd1t03.flac,['Tastebud']
Z:\Grateful Dead\1965-1966\gd1966-xx-xx.81254.sbd.GEMS.sbeok.t-flac16\Primal GD GEMSd1t04.flac,['Beat It On Down The Line']
Z:\Grateful Dead\1965-1966\gd1966-xx-xx.81254.sbd.GEMS.sbeok.t-flac16\Primal GD GEMSd1t05.flac,["Schoolgirl>You Don't Love Me>Schoolgirl"]
Z:\Grateful Dead\1965-1966\gd1966-xx-xx.81254.sbd.GEMS.sbeok.t-flac16\Primal GD GEMSd1t06.flac,['Pigpen Raps']
Z:\Grateful Dead\1965-1966\gd1966-xx-xx.81254.sbd.GEMS.sbeok.t-flac16\Primal GD GEMSd1t07.flac,['Billy, Bobby and Pigpen']
Z:\Grateful Dead\1965-1966\gd1966-xx-xx.81254.sbd.GEMS.sbeok.t-flac16\Primal GD GEMSd1t08.flac,['New Orleans (sort of an attempt)']
Z:\Grateful Dead\1965-1966\gd1966-xx-xx.81254.sbd.GEMS.sbeok.t-flac16\Primal GD GEMSd1t09.flac,['Twist and Shout']
Z:\Grateful Dead\1965-1966\gd1966-xx-xx.81254.sbd.GEMS.sbeok.t-flac16\Primal GD GEMSd2t01.flac,["It's A Sin"]
Z:\Grateful Dead\1965-1966\gd1966-xx-xx.81254.sbd.GEMS.sbeok.t-flac16\Primal GD GEMSd2t02.flac,['Viola Lee Blues']
Z:\Grateful Dead\1965-1966\gd1966-xx-xx.81254.sbd.GEMS.sbeok.t-flac16\Primal GD GEMSd2t03.flac,['Midnight Hour']
Z:\Grateful Dead\1965-1966\gd1966-xx-xx.81254.sbd.GEMS.sbeok.t-flac16\Primal GD GEMSd2t04.flac,['Beat It On Down The Line']
Z:\Grateful Dead\1965-1966\gd1966-xx-xx.81254.sbd.GEMS.sbeok.t-flac16\Primal GD GEMSd2t05.flac,['Blues Jam (with Jorma and Jack)']
Z:\Grateful Dead\1965-1966\gd1966-xx-xx.81254.sbd.GEMS.sbeok.t-flac16\Primal GD GEMSd2t06.flac,["You Don't Have To Ask"]
Z:\Grateful Dead\1965-1966\gd1966-xx-xx.81254.sbd.GEMS.sbeok.t-flac16\Primal GD GEMSd2t07.flac,['Viola Lee Blues']
Z:\Grateful Dead\1965-1966\gd1966-xx-xx.81254.sbd.GEMS.sbeok.t-flac16\Primal GD GEMSd2t08.flac,['I Know You Rider']
Z:\Grateful Dead\1965-1966\gd1966-xx-xx.81254.sbd.GEMS.sbeok.t-flac16\Primal GD GEMSd2t09.flac,['Midnight Hour']
Z:\Grateful Dead\1965-1966\gd1966-xx.xx.136642watts.sbd.mr.dat.flac16\gd1966-xx-xxt01.flac,['//Hi-Heel Sneakers']
Z:\Grateful Dead\1965-1966\gd1966-xx.xx.136642watts.sbd.mr.dat.flac16\gd1966-xx-xxt02.flac,['Viola Lee Blues (with false start)']
Z:\Grateful Dead\1965-1966\gd1966-xx.xx.136658.sbd.acidtest3.mr-dat.flac16\gd1966-xx-xxt01.flac,['Indecipherable talking over pa//']
Z:\Grateful Dead\1965-1966\gd1966-xx.xx.136658.sbd.acidtest3.mr-dat.flac16\gd1966-xx-xxt02.flac,['jam, nothing recognisable as a tune.  Mostly Phil and Billy']
Z:\Grateful Dead\1965-1966\gd1966-xx.xx.136658.sbd.acidtest3.mr-dat.flac16\gd1966-xx-xxt03.flac,['possibly part of a soundcheck']
Z:\Grateful Dead\1965-1966\gd1966-xx.xx.136658.sbd.acidtest3.mr-dat.flac16\gd1966-xx-xxt04.flac,['jam']
Z:\Grateful Dead\1965-1966\gd1966-xx.xx.136658.sbd.acidtest3.mr-dat.flac16\gd1966-xx-xxt05.flac,['jam']
Z:\Grateful Dead\1965-1966\gd1966-xx.xx.136658.sbd.acidtest3.mr-dat.flac16\gd1966-xx-xxt06.flac,['Phil bass jam > talking']
Z:\Grateful Dead\1965-1966\gd1966.9514-acid-test-supplement.sbd.unknown.shnf\acid5t01.flac,['Who Cares Rap (Pigpen, Weir, etc.)']
Z:\Grateful Dead\1965-1966\gd1966.9514-acid-test-supplement.sbd.unknown.shnf\acid5t02.flac,['Viola Lee Blues']
Z:\Grateful Dead\1965-1966\gd1966.9514-acid-test-supplement.sbd.unknown.shnf\acid5t03.flac,['One Kind Favor']
Z:\Grateful Dead\1965-1966\gd1966.9514-acid-test-supplement.sbd.unknown.shnf\acid5t04.flac,['I Know You Rider']
Z:\Grateful Dead\1965-1966\gd1966.9514-acid-test-supplement.sbd.unknown.shnf\acid5t05.flac,['You See A Broken Heart']
Z:\Grateful Dead\1965-1966\gd1966.9514-acid-test-supplement.sbd.unknown.shnf\acid5t06.flac,["It's A Sin"]
Z:\Grateful Dead\1965-1966\gd1966.9514-acid-test-supplement.sbd.unknown.shnf\acid5t07.flac,['Beat It On Down The Line']
Z:\Grateful Dead\1965-1966\gd1966.9514-acid-test-supplement.sbd.unknown.shnf\acid5t08.flac,['Heads Up']
Z:\Grateful Dead\1965-1966\gd1966.9514-acid-test-supplement.sbd.unknown.shnf\acid5t09.flac,['Next Time You See Me']
Z:\Grateful Dead\1965-1966\gd1966.9514-acid-test-supplement.sbd.unknown.shnf\acid5t10.flac,['unknown blues instrumental - might be Death Dont also (Tony Middleton)???']
Z:\Grateful Dead\1965-1966\gd1966.9514-acid-test-supplement.sbd.unknown.shnf\acid5t11.flac,["Death Don't Have No Mercy"]
Z:\Grateful Dead\1965-1966\gd1966.9514-acid-test-supplement.sbd.unknown.shnf\acid5t12.flac,['Midnight Hour']
Z:\Grateful Dead\1965-1966\gd1966.9514-acid-test-supplement.sbd.unknown.shnf\acid6t01.flac,['Jerry Garcia intro']
Z:\Grateful Dead\1965-1966\gd1966.9514-acid-test-supplement.sbd.unknown.shnf\acid6t02.flac,['A Mexican Story: 25 Bennies']
Z:\Grateful Dead\1965-1966\gd1966.9514-acid-test-supplement.sbd.unknown.shnf\acid6t03.flac,['Get It Off The Ground Rap']
Z:\Grateful Dead\1965-1966\gd1966.9514-acid-test-supplement.sbd.unknown.shnf\acid6t04.flac,["It's Good To Be God Rap"]
Z:\Grateful Dead\1965-1966\gd1966.9514-acid-test-supplement.sbd.unknown.shnf\acid6t05.flac,['Nirvana Army Rap']
Z:\Grateful Dead\1965-1966\gd1966.9514-acid-test-supplement.sbd.unknown.shnf\acid6t06.flac,['The Butcher Is Back']
Z:\Grateful Dead\1965-1966\gd1966.9514-acid-test-supplement.sbd.unknown.shnf\acid6t07.flac,['Acid Test Graduation Announcement']
Z:\Grateful Dead\1965-1966\gd1966.9514-acid-test-supplement.sbd.unknown.shnf\acid6t08.flac,['Send Me To The Moon']
Z:\Grateful Dead\1965-1966\gd1966.9514-acid-test-supplement.sbd.unknown.shnf\acid6t09.flac,['Jerry Garcia interview']
Z:\Grateful Dead\1965-1966\gd1966.9514-acid-test-supplement.sbd.unknown.shnf\acid6t10.flac,['Sound Collage']
Z:\Grateful Dead\1965-1966\gd1966.9514-acid-test-supplement.sbd.unknown.shnf\acid6t11.flac,['Ken Kesey Interview']
Z:\Grateful Dead\1965-1966\gd1966.9514-acid-test-supplement.sbd.unknown.shnf\acid6t12.flac,['Sound Collage #2']
Z:\Grateful Dead\1965-1966\gd1966.9514-acid-test-supplement.sbd.unknown.shnf\acid6t13.flac,['Jerry Garcia Interview']
Z:\Grateful Dead\1965-1966\gd1966.9514-acid-test-supplement.sbd.unknown.shnf\acid6t14.flac,['Music / Sound Collage #1']
Z:\Grateful Dead\1965-1966\gd1966.9514-acid-test-supplement.sbd.unknown.shnf\acid6t15.flac,['Ken Kesey Interview']
Z:\Grateful Dead\1965-1966\gd1966.9514-acid-test-supplement.sbd.unknown.shnf\acid6t16.flac,['Sound Collage']
Z:\Grateful Dead\1965-1966\gd1966-03-25.139750.sbd.miller.clugston.t-flac1648\gd1966-03-25 s1 t01 Stealin'.flac,["Stealin'"]
Z:\Grateful Dead\1965-1966\gd1966-03-25.139750.sbd.miller.clugston.t-flac1648\gd1966-03-25 s1 t02 Jam.flac,['Jam']
Z:\Grateful Dead\1965-1966\gd1966-03-25.139750.sbd.miller.clugston.t-flac1648\gd1966-03-25 s1 t03 Hey Little One.flac,['Hey Little One']
Z:\Grateful Dead\1965-1966\gd1966-03-25.139750.sbd.miller.clugston.t-flac1648\gd1966-03-25 s1 t04 Hog For You Baby.flac,["I'm a Hog for You"]
Z:\Grateful Dead\1965-1966\gd1966-03-25.139750.sbd.miller.clugston.t-flac1648\gd1966-03-25 s1 t05 You Don't Have To Ask.flac,["You Don't Have to Ask"]
Z:\Grateful Dead\1965-1966\gd1966-03-25.139750.sbd.miller.clugston.t-flac1648\gd1966-03-25 s2 t01 Cold Rain & Snow.flac,['Cold Rain and Snow']
Z:\Grateful Dead\1965-1966\gd1966-03-25.139750.sbd.miller.clugston.t-flac1648\gd1966-03-25 s2 t02 Next Time You See Me.flac,['Next Time You See Me']
Z:\Grateful Dead\1965-1966\gd1966-07-17.21064.sbd.miller.sbeok.t-flac16\gd1966-07-17d1t01.flac,['Big Boss Man']
Z:\Grateful Dead\1965-1966\gd1966-07-17.21064.sbd.miller.sbeok.t-flac16\gd1966-07-17d1t02.flac,['Cold Rain And Snow']
Z:\Grateful Dead\1965-1966\gd1966-07-17.21064.sbd.miller.sbeok.t-flac16\gd1966-07-17d1t03.flac,["It's All Over Now Baby Blue"]
Z:\Grateful Dead\1965-1966\gd1966-07-17.21064.sbd.miller.sbeok.t-flac16\gd1966-07-17d1t04.flac,['Cream Puff War']
Z:\Grateful Dead\1965-1966\gd1966-07-17.21064.sbd.miller.sbeok.t-flac16\gd1966-07-17d1t05.flac,['King Bee']
Z:\Grateful Dead\1965-1966\gd1966-07-17.21064.sbd.miller.sbeok.t-flac16\gd1966-07-17d1t06.flac,["Stealin'"]
Z:\Grateful Dead\1965-1966\gd1966-07-17.21064.sbd.miller.sbeok.t-flac16\gd1966-07-17d1t07.flac,["Dancin' In The Streets"]
Z:\Grateful Dead\1965-1966\gd1966-11-xx.125586.fm.interview.ordon.sorochty.t-flac16\gd1966-11-00.FM.interview.flac,['Interview (edited)']
Z:\Grateful Dead\1965-1966\gd1966-11-xx.125586.fm.interview.ordon.sorochty.t-flac16\gd67-00-00.FM.interview.flac,['Interview (complete)']
