Z:\Grateful Dead\1968\gd1968-00-00.097671.sbd.miller.sbeok.t-flac16\gd1968-00-00MidnightHour.flac,['In the Midnight Hour']
Z:\Grateful Dead\1968\gd1968-01-17.011795.sbd.cotsman.sbeok.t-flac16\gd1968-01-17d1t01.flac,['Lovelight']
Z:\Grateful Dead\1968\gd1968-01-17.011795.sbd.cotsman.sbeok.t-flac16\gd1968-01-17d1t02.flac,['stage banter']
Z:\Grateful Dead\1968\gd1968-01-17.011795.sbd.cotsman.sbeok.t-flac16\gd1968-01-17d1t03.flac,['Dark Star']
Z:\Grateful Dead\1968\gd1968-01-17.011795.sbd.cotsman.sbeok.t-flac16\gd1968-01-17d1t04.flac,['China Cat Sunflower']
Z:\Grateful Dead\1968\gd1968-01-17.011795.sbd.cotsman.sbeok.t-flac16\gd1968-01-17d1t05.flac,['The Eleven']
Z:\Grateful Dead\1968\gd1968-01-17.011795.sbd.cotsman.sbeok.t-flac16\gd1968-01-17d1t06.flac,['Feedback']
Z:\Grateful Dead\1968\gd1968-01-17.011795.sbd.cotsman.sbeok.t-flac16\gd1968-01-17d1t07.flac,['New Potato Caboose']
Z:\Grateful Dead\1968\gd1968-01-17.011795.sbd.cotsman.sbeok.t-flac16\gd1968-01-17d1t08.flac,['Born Cross Eyed']
Z:\Grateful Dead\1968\gd1968-01-17.011795.sbd.cotsman.sbeok.t-flac16\gd1968-01-17d1t09.flac,['Spanish Jam']
Z:\Grateful Dead\1968\gd1968-01-17.011795.sbd.cotsman.sbeok.t-flac16\gd1968-01-17d2t01.flac,['Beat It On Down The Line']
Z:\Grateful Dead\1968\gd1968-01-17.011795.sbd.cotsman.sbeok.t-flac16\gd1968-01-17d2t02.flac,['Morning Dew']
Z:\Grateful Dead\1968\gd1968-01-17.011795.sbd.cotsman.sbeok.t-flac16\gd1968-01-17d2t03.flac,['Cryptical Envelopment']
Z:\Grateful Dead\1968\gd1968-01-17.011795.sbd.cotsman.sbeok.t-flac16\gd1968-01-17d2t04.flac,['The Other One']
Z:\Grateful Dead\1968\gd1968-01-17.011795.sbd.cotsman.sbeok.t-flac16\gd1968-01-17d2t05.flac,['Cryptical Envelopment']
Z:\Grateful Dead\1968\gd1968-01-17.011795.sbd.cotsman.sbeok.t-flac16\gd1968-01-17d2t06.flac,['Good Morning, Little Schoolgirl']
Z:\Grateful Dead\1968\gd1968-01-20.019470.sbd.jools.sbe-fixed.t-flac16\gd1968-01-20t1.flac,['Clementine']
Z:\Grateful Dead\1968\gd1968-01-20.019470.sbd.jools.sbe-fixed.t-flac16\gd1968-01-20t2.flac,['New Potato Caboose']
Z:\Grateful Dead\1968\gd1968-01-20.019470.sbd.jools.sbe-fixed.t-flac16\gd1968-01-20t3-fixed.flac,['Born Cross-Eyed']
Z:\Grateful Dead\1968\gd1968-01-20.019470.sbd.jools.sbe-fixed.t-flac16\gd1968-01-20t4-fixed.flac,['Space']
Z:\Grateful Dead\1968\gd1968-01-20.019470.sbd.jools.sbe-fixed.t-flac16\gd1968-01-20t5-fixed.flac,['Spanish Jam']
Z:\Grateful Dead\1968\gd1968-01-20.019470.sbd.jools.sbe-fixed.t-flac16\gd1968-01-20t6-fixed.flac,['Caution (Do Not Stop On Tracks) Jam']
Z:\Grateful Dead\1968\gd1968-01-20.019470.sbd.jools.sbe-fixed.t-flac16\gd1968-01-20t7-fixed.flac,['Dark Star']
Z:\Grateful Dead\1968\gd1968-01-20.097340.sbd.miller.sbeok.t-flac16\gd1968-01-20d1t01.flac,['Clementine']
Z:\Grateful Dead\1968\gd1968-01-20.097340.sbd.miller.sbeok.t-flac16\gd1968-01-20d1t02.flac,['New Potato Caboose']
Z:\Grateful Dead\1968\gd1968-01-20.097340.sbd.miller.sbeok.t-flac16\gd1968-01-20d1t03.flac,['Born Cross-Eyed']
Z:\Grateful Dead\1968\gd1968-01-20.097340.sbd.miller.sbeok.t-flac16\gd1968-01-20d1t04.flac,['Spanish Jam']
Z:\Grateful Dead\1968\gd1968-01-20.097340.sbd.miller.sbeok.t-flac16\gd1968-01-20d1t05.flac,['Caution Jam']
Z:\Grateful Dead\1968\gd1968-01-20.097340.sbd.miller.sbeok.t-flac16\gd1968-01-20d1t06.flac,['Dark Star']
Z:\Grateful Dead\1968\gd1968-01-22.008583.sbd.weiner.sbeok.t-flac16\gd1968-01-22d1t01.flac,['Alligator']
Z:\Grateful Dead\1968\gd1968-01-22.008583.sbd.weiner.sbeok.t-flac16\gd1968-01-22d1t02.flac,['Cryptical Envelopment']
Z:\Grateful Dead\1968\gd1968-01-22.008583.sbd.weiner.sbeok.t-flac16\gd1968-01-22d1t03.flac,['The Other One']
Z:\Grateful Dead\1968\gd1968-01-22.008583.sbd.weiner.sbeok.t-flac16\gd1968-01-22d1t04.flac,['Cryptical Envelopment']
Z:\Grateful Dead\1968\gd1968-01-22.008583.sbd.weiner.sbeok.t-flac16\gd1968-01-22d1t05.flac,['New Potato Caboose']
Z:\Grateful Dead\1968\gd1968-01-22.008583.sbd.weiner.sbeok.t-flac16\gd1968-01-22d1t06.flac,['Born Cross-Eyed']
Z:\Grateful Dead\1968\gd1968-01-22.008583.sbd.weiner.sbeok.t-flac16\gd1968-01-22d1t07.flac,['Feedback']
Z:\Grateful Dead\1968\gd1968-01-22.008583.sbd.weiner.sbeok.t-flac16\gd1968-01-22d1t08.flac,['Spanish Jam']
Z:\Grateful Dead\1968\gd1968-01-22.008583.sbd.weiner.sbeok.t-flac16\gd1968-01-22d1t09.flac,['Dark Star']
Z:\Grateful Dead\1968\gd1968-01-22.008583.sbd.weiner.sbeok.t-flac16\gd1968-01-22d1t10.flac,['China Cat Sunflower']
Z:\Grateful Dead\1968\gd1968-01-22.008583.sbd.weiner.sbeok.t-flac16\gd1968-01-22d1t11.flac,['The Eleven']
Z:\Grateful Dead\1968\gd1968-01-22.008583.sbd.weiner.sbeok.t-flac16\gd1968-01-22d1t12.flac,['Caution']
Z:\Grateful Dead\1968\gd1968-01-22.008583.sbd.weiner.sbeok.t-flac16\gd1968-01-22d1t13.flac,['Feedback']
Z:\Grateful Dead\1968\gd1968-01-22.097342.sbd.miller.sbeok.t-flac16\gd1968-01-22d1t01.flac,['Alligator']
Z:\Grateful Dead\1968\gd1968-01-22.097342.sbd.miller.sbeok.t-flac16\gd1968-01-22d1t02.flac,["That's It For The Other One"]
Z:\Grateful Dead\1968\gd1968-01-22.097342.sbd.miller.sbeok.t-flac16\gd1968-01-22d1t03.flac,['New Potato Caboose']
Z:\Grateful Dead\1968\gd1968-01-22.097342.sbd.miller.sbeok.t-flac16\gd1968-01-22d1t04.flac,['Born Cross-Eyed']
Z:\Grateful Dead\1968\gd1968-01-22.097342.sbd.miller.sbeok.t-flac16\gd1968-01-22d1t05.flac,['Feedback']
Z:\Grateful Dead\1968\gd1968-01-22.097342.sbd.miller.sbeok.t-flac16\gd1968-01-22d1t06.flac,['Spanish Jam']
Z:\Grateful Dead\1968\gd1968-01-22.097342.sbd.miller.sbeok.t-flac16\gd1968-01-22d1t07.flac,['Dark Star']
Z:\Grateful Dead\1968\gd1968-01-22.097342.sbd.miller.sbeok.t-flac16\gd1968-01-22d1t08.flac,['China Cat Sunflower']
Z:\Grateful Dead\1968\gd1968-01-22.097342.sbd.miller.sbeok.t-flac16\gd1968-01-22d1t09.flac,['The Eleven']
Z:\Grateful Dead\1968\gd1968-01-22.097342.sbd.miller.sbeok.t-flac16\gd1968-01-22d1t10.flac,['Caution (Do Not Stop On Tracks)']
Z:\Grateful Dead\1968\gd1968-01-22.097342.sbd.miller.sbeok.t-flac16\gd1968-01-22d1t11.flac,['Feedback']
Z:\Grateful Dead\1968\gd1968-01-22.097342.sbd.miller.sbeok.t-flac16\gd1968-01-22d1t12.flac,['And We Bid You Good Night']
Z:\Grateful Dead\1968\gd1968-01-23.004528.sbd.finney.t-flac16\gd1968-01-23d1t01.flac,['Cryptical Envelopment']
Z:\Grateful Dead\1968\gd1968-01-23.004528.sbd.finney.t-flac16\gd1968-01-23d1t02.flac,['The Other One']
Z:\Grateful Dead\1968\gd1968-01-23.004528.sbd.finney.t-flac16\gd1968-01-23d1t03.flac,['Cryptical Envelopment']
Z:\Grateful Dead\1968\gd1968-01-23.004528.sbd.finney.t-flac16\gd1968-01-23d1t04.flac,['Clementine']
Z:\Grateful Dead\1968\gd1968-01-23.004528.sbd.finney.t-flac16\gd1968-01-23d1t05.flac,['New Potato Caboose']
Z:\Grateful Dead\1968\gd1968-01-23.004528.sbd.finney.t-flac16\gd1968-01-23d1t06.flac,['Born Cross-Eyed']
Z:\Grateful Dead\1968\gd1968-01-23.004528.sbd.finney.t-flac16\gd1968-01-23d1t07.flac,['Spanish Jam']
Z:\Grateful Dead\1968\gd1968-01-23.004528.sbd.finney.t-flac16\gd1968-01-23d1t08.flac,['St Stephen']
Z:\Grateful Dead\1968\gd1968-01-23.004528.sbd.finney.t-flac16\gd1968-01-23d1t09.flac,['The Eleven']
Z:\Grateful Dead\1968\gd1968-01-23.004528.sbd.finney.t-flac16\gd1968-01-23d1t10.flac,['Drum Solo w/ unknown Tabla Artist']
Z:\Grateful Dead\1968\gd1968-01-23.097343.sbd.miller.sbeok.t-flac16\gd1968-01-23d1t01.flac,["That's It For The Other One"]
Z:\Grateful Dead\1968\gd1968-01-23.097343.sbd.miller.sbeok.t-flac16\gd1968-01-23d1t02.flac,['Clementine']
Z:\Grateful Dead\1968\gd1968-01-23.097343.sbd.miller.sbeok.t-flac16\gd1968-01-23d1t03.flac,['New Potato Caboose']
Z:\Grateful Dead\1968\gd1968-01-23.097343.sbd.miller.sbeok.t-flac16\gd1968-01-23d1t04.flac,['Born Cross-Eyed']
Z:\Grateful Dead\1968\gd1968-01-23.097343.sbd.miller.sbeok.t-flac16\gd1968-01-23d1t05.flac,['Spanish Jam']
Z:\Grateful Dead\1968\gd1968-01-27.097344.sbd.miller.sbeok.t-flac16\gd1968-01-27d1t01.flac,['Spanish Jam']
Z:\Grateful Dead\1968\gd1968-01-27.14736.sbd.jools.sbeok.shnf\gd1968-01-27d1t1.flac,['Spanish Jam']
Z:\Grateful Dead\1968\gd1968-02-02.015801.sbd.jools.sbeok.t-flac16\gd1968-02-02t1.flac,['Viola Lee Blues>Feedback']
Z:\Grateful Dead\1968\gd1968-02-02.015801.sbd.jools.sbeok.t-flac16\gd1968-02-02t2.flac,['Cryptical Envelopment']
Z:\Grateful Dead\1968\gd1968-02-02.015801.sbd.jools.sbeok.t-flac16\gd1968-02-02t3.flac,['The Other One']
Z:\Grateful Dead\1968\gd1968-02-02.015801.sbd.jools.sbeok.t-flac16\gd1968-02-02t4.flac,['Cryptical Envelopment']
Z:\Grateful Dead\1968\gd1968-02-02.015801.sbd.jools.sbeok.t-flac16\gd1968-02-02t5-fixed.flac,['Clementine']
Z:\Grateful Dead\1968\gd1968-02-02.015801.sbd.jools.sbeok.t-flac16\gd1968-02-02t6-fixed.flac,['Good Morning Little Schoolgirl']
Z:\Grateful Dead\1968\gd1968-02-02.097345.sbd.miller.sbeok.t-flac16\gd1968-02-02d1t01.flac,['Viola Lee Blues']
Z:\Grateful Dead\1968\gd1968-02-02.097345.sbd.miller.sbeok.t-flac16\gd1968-02-02d1t02.flac,["That's It for the Other One>"]
Z:\Grateful Dead\1968\gd1968-02-02.097345.sbd.miller.sbeok.t-flac16\gd1968-02-02d1t03.flac,['Clementine>']
Z:\Grateful Dead\1968\gd1968-02-02.097345.sbd.miller.sbeok.t-flac16\gd1968-02-02d1t04.flac,['Good Morning Little Schoolgirl//']
Z:\Grateful Dead\1968\gd1968-02-03.014987.sbd.jools.sbeok.t-flac16\gd1968-02-03t01.flac,['Cryptical Envelopment']
Z:\Grateful Dead\1968\gd1968-02-03.014987.sbd.jools.sbeok.t-flac16\gd1968-02-03t02.flac,['The Other One']
Z:\Grateful Dead\1968\gd1968-02-03.014987.sbd.jools.sbeok.t-flac16\gd1968-02-03t03.flac,['Cryptical Envelopment']
Z:\Grateful Dead\1968\gd1968-02-03.014987.sbd.jools.sbeok.t-flac16\gd1968-02-03t04.flac,['New Potato Caboose']
Z:\Grateful Dead\1968\gd1968-02-03.014987.sbd.jools.sbeok.t-flac16\gd1968-02-03t05.flac,['Born Cross-Eyed']
Z:\Grateful Dead\1968\gd1968-02-03.014987.sbd.jools.sbeok.t-flac16\gd1968-02-03t06.flac,['Jam']
Z:\Grateful Dead\1968\gd1968-02-03.014987.sbd.jools.sbeok.t-flac16\gd1968-02-03t07.flac,['Dark Star']
Z:\Grateful Dead\1968\gd1968-02-03.014987.sbd.jools.sbeok.t-flac16\gd1968-02-03t08.flac,['China Cat Sunflower']
Z:\Grateful Dead\1968\gd1968-02-03.014987.sbd.jools.sbeok.t-flac16\gd1968-02-03t09.flac,['The Eleven>Jam>Feedback']
Z:\Grateful Dead\1968\gd1968-02-03.097346.sbd.miller.97346.sbeok.t-flac16\gd1968-02-03d1t01.flac,["That's It For The Other One"]
Z:\Grateful Dead\1968\gd1968-02-03.097346.sbd.miller.97346.sbeok.t-flac16\gd1968-02-03d1t02.flac,['New Potato Caboose']
Z:\Grateful Dead\1968\gd1968-02-03.097346.sbd.miller.97346.sbeok.t-flac16\gd1968-02-03d1t03.flac,['It Hurts Me Too']
Z:\Grateful Dead\1968\gd1968-02-03.097346.sbd.miller.97346.sbeok.t-flac16\gd1968-02-03d1t04.flac,['Born Cross-Eyed']
Z:\Grateful Dead\1968\gd1968-02-03.097346.sbd.miller.97346.sbeok.t-flac16\gd1968-02-03d1t05.flac,['Good Morning Little Schoolgirl']
Z:\Grateful Dead\1968\gd1968-02-03.097346.sbd.miller.97346.sbeok.t-flac16\gd1968-02-03d1t06.flac,['Dark Star']
Z:\Grateful Dead\1968\gd1968-02-03.097346.sbd.miller.97346.sbeok.t-flac16\gd1968-02-03d1t07.flac,['China Cat Sunflower']
Z:\Grateful Dead\1968\gd1968-02-03.097346.sbd.miller.97346.sbeok.t-flac16\gd1968-02-03d1t08.flac,['The Eleven']
Z:\Grateful Dead\1968\gd1968-02-14.015640.sbd.kaplan.sbeok.t-flac16\gd1968-02-14new-d1t01.flac,['...Morning Dew']
Z:\Grateful Dead\1968\gd1968-02-14.015640.sbd.kaplan.sbeok.t-flac16\gd1968-02-14new-d1t02.flac,['Good Morning Little Schoolgirl']
Z:\Grateful Dead\1968\gd1968-02-14.015640.sbd.kaplan.sbeok.t-flac16\gd1968-02-14new-d1t03.flac,['Dark Star>']
Z:\Grateful Dead\1968\gd1968-02-14.015640.sbd.kaplan.sbeok.t-flac16\gd1968-02-14new-d1t04.flac,['China Cat Sunflower>']
Z:\Grateful Dead\1968\gd1968-02-14.015640.sbd.kaplan.sbeok.t-flac16\gd1968-02-14new-d1t05.flac,['The Eleven>']
Z:\Grateful Dead\1968\gd1968-02-14.015640.sbd.kaplan.sbeok.t-flac16\gd1968-02-14new-d1t06.flac,['Turn On Your Lovelight']
Z:\Grateful Dead\1968\gd1968-02-14.015640.sbd.kaplan.sbeok.t-flac16\gd1968-02-14new-d2t01.flac,['Cryptical Envelopment>']
Z:\Grateful Dead\1968\gd1968-02-14.015640.sbd.kaplan.sbeok.t-flac16\gd1968-02-14new-d2t02.flac,['The Other One>']
Z:\Grateful Dead\1968\gd1968-02-14.015640.sbd.kaplan.sbeok.t-flac16\gd1968-02-14new-d2t03.flac,['Cryptical reprise>']
Z:\Grateful Dead\1968\gd1968-02-14.015640.sbd.kaplan.sbeok.t-flac16\gd1968-02-14new-d2t04.flac,['New Potato Caboose>']
Z:\Grateful Dead\1968\gd1968-02-14.015640.sbd.kaplan.sbeok.t-flac16\gd1968-02-14new-d2t05.flac,['Born Cross-Eyed>']
Z:\Grateful Dead\1968\gd1968-02-14.015640.sbd.kaplan.sbeok.t-flac16\gd1968-02-14new-d2t06.flac,['Spanish Jam']
Z:\Grateful Dead\1968\gd1968-02-14.015640.sbd.kaplan.sbeok.t-flac16\gd1968-02-14new-d3t01.flac,['Alligator>']
Z:\Grateful Dead\1968\gd1968-02-14.015640.sbd.kaplan.sbeok.t-flac16\gd1968-02-14new-d3t02.flac,['Ja//m//']
Z:\Grateful Dead\1968\gd1968-02-14.015640.sbd.kaplan.sbeok.t-flac16\gd1968-02-14new-d3t03.flac,['Caution (Do Not Stop On Tracks)>']
Z:\Grateful Dead\1968\gd1968-02-14.015640.sbd.kaplan.sbeok.t-flac16\gd1968-02-14new-d3t04.flac,['Feedback']
Z:\Grateful Dead\1968\gd1968-02-14.015640.sbd.kaplan.sbeok.t-flac16\gd1968-02-14new-d3t05.flac,['In the Midnight Hour']
Z:\Grateful Dead\1968\gd1968-02-14.089676.sbd.miller.sbeok.t-flac16\gd1968-02-14d1t01.flac,['Morning Dew']
Z:\Grateful Dead\1968\gd1968-02-14.089676.sbd.miller.sbeok.t-flac16\gd1968-02-14d1t02.flac,['Good Morning Little Schoolgirl']
Z:\Grateful Dead\1968\gd1968-02-14.089676.sbd.miller.sbeok.t-flac16\gd1968-02-14d1t03.flac,['Dark Star>']
Z:\Grateful Dead\1968\gd1968-02-14.089676.sbd.miller.sbeok.t-flac16\gd1968-02-14d1t04.flac,['China Cat Sunflower>']
Z:\Grateful Dead\1968\gd1968-02-14.089676.sbd.miller.sbeok.t-flac16\gd1968-02-14d1t05.flac,['The Eleven>']
Z:\Grateful Dead\1968\gd1968-02-14.089676.sbd.miller.sbeok.t-flac16\gd1968-02-14d1t06.flac,['Turn On Your Lovelight']
Z:\Grateful Dead\1968\gd1968-02-14.089676.sbd.miller.sbeok.t-flac16\gd1968-02-14d1t07.flac,['stage announcements']
Z:\Grateful Dead\1968\gd1968-02-14.089676.sbd.miller.sbeok.t-flac16\gd1968-02-14d1t08.flac,["That's It For the Other One>"]
Z:\Grateful Dead\1968\gd1968-02-14.089676.sbd.miller.sbeok.t-flac16\gd1968-02-14d1t09.flac,['New Potato Caboose>']
Z:\Grateful Dead\1968\gd1968-02-14.089676.sbd.miller.sbeok.t-flac16\gd1968-02-14d1t10.flac,['Born Cross-Eyed>']
Z:\Grateful Dead\1968\gd1968-02-14.089676.sbd.miller.sbeok.t-flac16\gd1968-02-14d1t11.flac,['Spanish Jam']
Z:\Grateful Dead\1968\gd1968-02-14.089676.sbd.miller.sbeok.t-flac16\gd1968-02-14d2t01.flac,['Alligator>']
Z:\Grateful Dead\1968\gd1968-02-14.089676.sbd.miller.sbeok.t-flac16\gd1968-02-14d2t02.flac,['Drums>']
Z:\Grateful Dead\1968\gd1968-02-14.089676.sbd.miller.sbeok.t-flac16\gd1968-02-14d2t03.flac,['Alligator>']
Z:\Grateful Dead\1968\gd1968-02-14.089676.sbd.miller.sbeok.t-flac16\gd1968-02-14d2t04.flac,['Caution (Do Not Stop On Tracks)>']
Z:\Grateful Dead\1968\gd1968-02-14.089676.sbd.miller.sbeok.t-flac16\gd1968-02-14d2t05.flac,['Feedback']
Z:\Grateful Dead\1968\gd1968-02-14.089676.sbd.miller.sbeok.t-flac16\gd1968-02-14d2t06.flac,['In the Midnight Hour']
Z:\Grateful Dead\1968\gd1968-02-14.089676.sbd.miller.sbeok.t-flac16\gd1968-02-14d2t07.flac,['stage/radio anouncements']
Z:\Grateful Dead\1968\gd1968-03-16.009388.sbd.outtakes.vernon.sbeok.t-flac16\gd1968-03-16d1t04.flac,['Good Morning Little Schoolgirl']
Z:\Grateful Dead\1968\gd1968-03-16.009388.sbd.outtakes.vernon.sbeok.t-flac16\gd1968-03-16d2t01.flac,['It Hurts Me Too']
Z:\Grateful Dead\1968\gd1968-03-16.009388.sbd.outtakes.vernon.sbeok.t-flac16\gd1968-03-16d2t02.flac,['Cryptical Envelopment']
Z:\Grateful Dead\1968\gd1968-03-16.009388.sbd.outtakes.vernon.sbeok.t-flac16\gd1968-03-16d2t03.flac,['The Other One']
Z:\Grateful Dead\1968\gd1968-03-16.009388.sbd.outtakes.vernon.sbeok.t-flac16\gd1968-03-16d2t04.flac,['Cryptical Envelopment']
Z:\Grateful Dead\1968\gd1968-03-16.009388.sbd.outtakes.vernon.sbeok.t-flac16\gd1968-03-16d2t05.flac,['Alligator']
Z:\Grateful Dead\1968\gd1968-03-16.009388.sbd.outtakes.vernon.sbeok.t-flac16\gd1968-03-16d2t06.flac,['Caution (Do Not Stop On Tracks)']
Z:\Grateful Dead\1968\gd1968-03-16.009388.sbd.outtakes.vernon.sbeok.t-flac16\gd1968-03-16d2t07.flac,['Feedquack']
Z:\Grateful Dead\1968\gd1968-03-16.009388.sbd.outtakes.vernon.sbeok.t-flac16\gd1968-03-16d2t08.flac,['And We Bid You Good Night']
Z:\Grateful Dead\1968\gd1968-03-16.009388.sbd.outtakes.vernon.sbeok.t-flac16\gd1968-03-16d2t09.flac,['(fades in) Morning Dew']
Z:\Grateful Dead\1968\gd1968-03-16.109944.sbd.miller.flac16\gd1968-03-16d1t01.flac,['Dark Star>']
Z:\Grateful Dead\1968\gd1968-03-16.109944.sbd.miller.flac16\gd1968-03-16d1t02.flac,['China Cat Sunflower>']
Z:\Grateful Dead\1968\gd1968-03-16.109944.sbd.miller.flac16\gd1968-03-16d1t03.flac,['The Eleven>']
Z:\Grateful Dead\1968\gd1968-03-16.109944.sbd.miller.flac16\gd1968-03-16d1t04.flac,['Good Morning Little Schoolgirl']
Z:\Grateful Dead\1968\gd1968-03-16.109944.sbd.miller.flac16\gd1968-03-16d2t01.flac,['Morning Dew']
Z:\Grateful Dead\1968\gd1968-03-16.109944.sbd.miller.flac16\gd1968-03-16d2t02.flac,['It Hurts Me Too']
Z:\Grateful Dead\1968\gd1968-03-16.109944.sbd.miller.flac16\gd1968-03-16d2t03.flac,["That's It For the OIther One>"]
Z:\Grateful Dead\1968\gd1968-03-16.109944.sbd.miller.flac16\gd1968-03-16d2t04.flac,['Alligator>']
Z:\Grateful Dead\1968\gd1968-03-16.109944.sbd.miller.flac16\gd1968-03-16d2t05.flac,['Caution (Do Not Stop On Tracks)>']
Z:\Grateful Dead\1968\gd1968-03-16.109944.sbd.miller.flac16\gd1968-03-16d2t06.flac,['Feedback']
Z:\Grateful Dead\1968\gd1968-03-16.109944.sbd.miller.flac16\gd1968-03-16d2t07.flac,['And We Bid You Goodnight']
Z:\Grateful Dead\1968\gd1968-03-16.156159.sbd.latvala-gans-eaton.miller.t-flac16\01 Dark Star.flac,['Dark Star>']
Z:\Grateful Dead\1968\gd1968-03-16.156159.sbd.latvala-gans-eaton.miller.t-flac16\02 China Cat Sunflower.flac,['China Cat Sunflower>']
Z:\Grateful Dead\1968\gd1968-03-16.156159.sbd.latvala-gans-eaton.miller.t-flac16\03 The Eleven.flac,['The Eleven>']
Z:\Grateful Dead\1968\gd1968-03-16.156159.sbd.latvala-gans-eaton.miller.t-flac16\04 Good Morning Little Schoolgirl.flac,['Good Morning Little Schoolgirl']
Z:\Grateful Dead\1968\gd1968-03-16.156159.sbd.latvala-gans-eaton.miller.t-flac16\05 Morning Dew.flac,['Morning Dew']
Z:\Grateful Dead\1968\gd1968-03-16.156159.sbd.latvala-gans-eaton.miller.t-flac16\06 It Hurts Me Too.flac,['It Hurts Me Too']
Z:\Grateful Dead\1968\gd1968-03-16.156159.sbd.latvala-gans-eaton.miller.t-flac16\07 That's It For The Other One.flac,["That's It For The Other One"]
Z:\Grateful Dead\1968\gd1968-03-16.156159.sbd.latvala-gans-eaton.miller.t-flac16\08 Alligator.flac,['Alligator>']
Z:\Grateful Dead\1968\gd1968-03-16.156159.sbd.latvala-gans-eaton.miller.t-flac16\09 Caution (Do Not Stop On tracks).flac,['Caution (Do Not Stop On tracks)>']
Z:\Grateful Dead\1968\gd1968-03-16.156159.sbd.latvala-gans-eaton.miller.t-flac16\10 Feedback.flac,['Feedback']
Z:\Grateful Dead\1968\gd1968-03-16.156159.sbd.latvala-gans-eaton.miller.t-flac16\11 And We Bid You Goodnight.flac,['And We Bid You Goodnight']
Z:\Grateful Dead\1968\gd1968-03-26.006029.aud.cotsman.sbeok.t-flac16\gd1968-03-26d1t01.flac,['Good Morning, Little Schoolgirl']
Z:\Grateful Dead\1968\gd1968-03-26.006029.aud.cotsman.sbeok.t-flac16\gd1968-03-26d1t02.flac,["Death Don't Have No Mercy"]
Z:\Grateful Dead\1968\gd1968-03-26.006029.aud.cotsman.sbeok.t-flac16\gd1968-03-26d1t03.flac,["Sittin' On Top Of The World"]
Z:\Grateful Dead\1968\gd1968-03-26.006029.aud.cotsman.sbeok.t-flac16\gd1968-03-26d1t04.flac,['Dark Star']
Z:\Grateful Dead\1968\gd1968-03-29.009473.aud.vernon.sbeok.t-flac16\gd1968-03-29d1t01.flac,['Morning Dew']
Z:\Grateful Dead\1968\gd1968-03-29.009473.aud.vernon.sbeok.t-flac16\gd1968-03-29d1t02.flac,['Turn On Your Lovelight']
Z:\Grateful Dead\1968\gd1968-03-29.009473.aud.vernon.sbeok.t-flac16\gd1968-03-29d1t03.flac,['Cryptical Envelopment']
Z:\Grateful Dead\1968\gd1968-03-29.009473.aud.vernon.sbeok.t-flac16\gd1968-03-29d1t04.flac,['The Other One']
Z:\Grateful Dead\1968\gd1968-03-29.009473.aud.vernon.sbeok.t-flac16\gd1968-03-29d1t05.flac,['Cryptical Envelopment']
Z:\Grateful Dead\1968\gd1968-03-29.009473.aud.vernon.sbeok.t-flac16\gd1968-03-29d1t06.flac,['New Potato Caboose']
Z:\Grateful Dead\1968\gd1968-03-29.009473.aud.vernon.sbeok.t-flac16\gd1968-03-29d1t07.flac,['Born Cross-Eyed']
Z:\Grateful Dead\1968\gd1968-03-29.108993.sbd.miller.t-flac16\gd1968-03-29d1t01.flac,['Good Morning Little Schoolgirl']
Z:\Grateful Dead\1968\gd1968-03-29.108993.sbd.miller.t-flac16\gd1968-03-29d1t02.flac,["Death Don't Have No Mercy"]
Z:\Grateful Dead\1968\gd1968-03-29.108993.sbd.miller.t-flac16\gd1968-03-29d1t03.flac,['Sitting On Top Of The World']
Z:\Grateful Dead\1968\gd1968-03-29.108993.sbd.miller.t-flac16\gd1968-03-29d1t04.flac,['Dark Star']
Z:\Grateful Dead\1968\gd1968-03-29.108993.sbd.miller.t-flac16\gd1968-03-29d1t05.flac,['Morning Dew']
Z:\Grateful Dead\1968\gd1968-03-29.108993.sbd.miller.t-flac16\gd1968-03-29d1t06.flac,['Turn On Your Lovelight']
Z:\Grateful Dead\1968\gd1968-03-29.108993.sbd.miller.t-flac16\gd1968-03-29d1t07.flac,["That's It For The Other One"]
Z:\Grateful Dead\1968\gd1968-03-29.108993.sbd.miller.t-flac16\gd1968-03-29d1t08.flac,['New Potato Caboose']
Z:\Grateful Dead\1968\gd1968-03-29.108993.sbd.miller.t-flac16\gd1968-03-29d1t09.flac,['Born Cross Eyed']
Z:\Grateful Dead\1968\gd1968-03-30.009375.aud.unknown.sbeok.t-flac16\gd1968-03-30d1t01.flac,['Cryptical Envelopment']
Z:\Grateful Dead\1968\gd1968-03-30.009375.aud.unknown.sbeok.t-flac16\gd1968-03-30d1t02.flac,['The Other One']
Z:\Grateful Dead\1968\gd1968-03-30.009375.aud.unknown.sbeok.t-flac16\gd1968-03-30d1t03.flac,['Cryptical Envelopment']
Z:\Grateful Dead\1968\gd1968-03-30.009375.aud.unknown.sbeok.t-flac16\gd1968-03-30d1t04.flac,['Dark Star']
Z:\Grateful Dead\1968\gd1968-03-30.009375.aud.unknown.sbeok.t-flac16\gd1968-03-30d1t05.flac,['China Cat Sunflower']
Z:\Grateful Dead\1968\gd1968-03-30.009375.aud.unknown.sbeok.t-flac16\gd1968-03-30d1t06.flac,['The Eleven']
Z:\Grateful Dead\1968\gd1968-03-30.009375.aud.unknown.sbeok.t-flac16\gd1968-03-30d1t07.flac,['Lovelight']
Z:\Grateful Dead\1968\gd1968-03-30.009375.aud.unknown.sbeok.t-flac16\gd1968-03-30d1t08.flac,['Born Cross Eyed']
Z:\Grateful Dead\1968\gd1968-03-30.009375.aud.unknown.sbeok.t-flac16\gd1968-03-30d1t09.flac,['Spanish Jam']
Z:\Grateful Dead\1968\gd1968-03-30.108994.sbd.miller.t-flac16\gd1968-03-30d1t01.flac,['Morning Dew']
Z:\Grateful Dead\1968\gd1968-03-30.108994.sbd.miller.t-flac16\gd1968-03-30d1t02.flac,["That's It For The Other One"]
Z:\Grateful Dead\1968\gd1968-03-30.108994.sbd.miller.t-flac16\gd1968-03-30d1t03.flac,['Dark Star']
Z:\Grateful Dead\1968\gd1968-03-30.108994.sbd.miller.t-flac16\gd1968-03-30d1t04.flac,['China Cat Sunflower']
Z:\Grateful Dead\1968\gd1968-03-30.108994.sbd.miller.t-flac16\gd1968-03-30d1t05.flac,['The Eleven']
Z:\Grateful Dead\1968\gd1968-03-30.108994.sbd.miller.t-flac16\gd1968-03-30d1t06.flac,['Turn On Your Lovelight']
Z:\Grateful Dead\1968\gd1968-03-30.108994.sbd.miller.t-flac16\gd1968-03-30d1t07.flac,['Born Cross Eyed']
Z:\Grateful Dead\1968\gd1968-03-30.108994.sbd.miller.t-flac16\gd1968-03-30d1t08.flac,['Spanish Jam']
Z:\Grateful Dead\1968\gd1968-03-30.108994.sbd.miller.t-flac16\gd1968-03-30d1t09.flac,["Death Don't Have No Mercy"]
Z:\Grateful Dead\1968\gd1968-03-31.108995.sbd.miller.t-flac16\gd1968-03-31d1t01.flac,['Turn On Your Lovelight']
Z:\Grateful Dead\1968\gd1968-03-31.108995.sbd.miller.t-flac16\gd1968-03-31d1t02.flac,['Beat It On Down The Line']
Z:\Grateful Dead\1968\gd1968-03-31.108995.sbd.miller.t-flac16\gd1968-03-31d1t03.flac,['Dancing In The Street']
Z:\Grateful Dead\1968\gd1968-03-31.108995.sbd.miller.t-flac16\gd1968-03-31d1t04.flac,['Caution (Do Not Stop On Tracks)']
Z:\Grateful Dead\1968\gd1968-03-31.108995.sbd.miller.t-flac16\gd1968-03-31d1t05.flac,['Feedback']
Z:\Grateful Dead\1968\gd1968-03-31.108995.sbd.miller.t-flac16\gd1968-03-31d1t06.flac,['And We Bid You Good Night']
Z:\Grateful Dead\1968\gd1968-05-18.000050.early.goodbear.sbefail.t-flac16\01 Jorma & Others Banter.flac,['JORMA & OTHERS BANTER']
Z:\Grateful Dead\1968\gd1968-05-18.000050.early.goodbear.sbefail.t-flac16\02 Alligator.flac,['ALLIGATOR']
Z:\Grateful Dead\1968\gd1968-05-18.000050.early.goodbear.sbefail.t-flac16\03 Drums.flac,['DRUMS']
Z:\Grateful Dead\1968\gd1968-05-18.000050.early.goodbear.sbefail.t-flac16\04 Alligator Reprise.flac,['ALLIGATOR REPRISE']
Z:\Grateful Dead\1968\gd1968-05-18.000050.early.goodbear.sbefail.t-flac16\05 Caution.flac,['CAUTION']
Z:\Grateful Dead\1968\gd1968-05-18.000050.early.goodbear.sbefail.t-flac16\06 There Is A Mountain (theme).flac,['THERE IS A MOUNTAIN (THEME)']
Z:\Grateful Dead\1968\gd1968-05-18.000050.early.goodbear.sbefail.t-flac16\07 Caution Reprise.flac,['CAUTION REPRISE']
Z:\Grateful Dead\1968\gd1968-05-18.000050.early.goodbear.sbefail.t-flac16\08 Feedback.flac,['FEEDBACK']
Z:\Grateful Dead\1968\gd1968-05-18.000050.early.goodbear.sbefail.t-flac16\09 Weir, Jorma, Cassidy & Others Banter.flac,['WEIR, JORMA, CASSIDY & OTHERS BANTER']
Z:\Grateful Dead\1968\gd1968-05-18.094591.aud.jorma.gmb.sbeok.t-flac16\gd1968-05-18t01.flac,['Jorma banter']
Z:\Grateful Dead\1968\gd1968-05-18.094591.aud.jorma.gmb.sbeok.t-flac16\gd1968-05-18t02.flac,['Alligator']
Z:\Grateful Dead\1968\gd1968-05-18.094591.aud.jorma.gmb.sbeok.t-flac16\gd1968-05-18t03.flac,['Drums>']
Z:\Grateful Dead\1968\gd1968-05-18.094591.aud.jorma.gmb.sbeok.t-flac16\gd1968-05-18t04.flac,['Alligator>']
Z:\Grateful Dead\1968\gd1968-05-18.094591.aud.jorma.gmb.sbeok.t-flac16\gd1968-05-18t05.flac,['Caution (Do Not Stop On Tracks)']
Z:\Grateful Dead\1968\gd1968-05-18.094591.aud.jorma.gmb.sbeok.t-flac16\gd1968-05-18t06.flac,['Feedback']
Z:\Grateful Dead\1968\gd1968-05-18.094591.aud.jorma.gmb.sbeok.t-flac16\gd1968-05-18t07.flac,['Weir,Jorma banter']
Z:\Grateful Dead\1968\gd1968-06-14.016532.aud.cotsman.sbeok.t-flac16\gd1968-06-14d1t01.flac,['Feedback']
Z:\Grateful Dead\1968\gd1968-06-14.016532.aud.cotsman.sbeok.t-flac16\gd1968-06-14d1t02.flac,['The Eleven']
Z:\Grateful Dead\1968\gd1968-06-14.016532.aud.cotsman.sbeok.t-flac16\gd1968-06-14d1t03.flac,['St. Stephen']
Z:\Grateful Dead\1968\gd1968-06-14.016532.aud.cotsman.sbeok.t-flac16\gd1968-06-14d1t04.flac,['Alligator']
Z:\Grateful Dead\1968\gd1968-06-14.016532.aud.cotsman.sbeok.t-flac16\gd1968-06-14d1t05.flac,['Lovelight']
Z:\Grateful Dead\1968\gd1968-06-14.016532.aud.cotsman.sbeok.t-flac16\gd1968-06-14d1t06.flac,['Caution']
Z:\Grateful Dead\1968\gd1968-06-14.016532.aud.cotsman.sbeok.t-flac16\gd1968-06-14d1t07.flac,['Feedback']
Z:\Grateful Dead\1968\gd1968-06-14.140953.aud.late.dalton.miller.sirmick.t-flac16\gd1968-06-14t01.flac,['Feedback >']
Z:\Grateful Dead\1968\gd1968-06-14.140953.aud.late.dalton.miller.sirmick.t-flac16\gd1968-06-14t02.flac,['Jam >']
Z:\Grateful Dead\1968\gd1968-06-14.140953.aud.late.dalton.miller.sirmick.t-flac16\gd1968-06-14t03.flac,['The Eleven >']
Z:\Grateful Dead\1968\gd1968-06-14.140953.aud.late.dalton.miller.sirmick.t-flac16\gd1968-06-14t04.flac,['St. Stephen']
Z:\Grateful Dead\1968\gd1968-06-14.140953.aud.late.dalton.miller.sirmick.t-flac16\gd1968-06-14t05.flac,['Alligator >']
Z:\Grateful Dead\1968\gd1968-06-14.140953.aud.late.dalton.miller.sirmick.t-flac16\gd1968-06-14t06.flac,['Turn On Your Lovelight >']
Z:\Grateful Dead\1968\gd1968-06-14.140953.aud.late.dalton.miller.sirmick.t-flac16\gd1968-06-14t07.flac,['Caution (Do Not Stop on Tracks) >']
Z:\Grateful Dead\1968\gd1968-06-14.140953.aud.late.dalton.miller.sirmick.t-flac16\gd1968-06-14t08.flac,['Drums >']
Z:\Grateful Dead\1968\gd1968-06-14.140953.aud.late.dalton.miller.sirmick.t-flac16\gd1968-06-14t09.flac,['Caution (Do Not Stop on Tracks) >']
Z:\Grateful Dead\1968\gd1968-06-14.140953.aud.late.dalton.miller.sirmick.t-flac16\gd1968-06-14t10.flac,['Feedback']
Z:\Grateful Dead\1968\gd1968-06-19.004511.sbd.unknown.sbeok.t-flac16\gd1968-06-19d1t01.flac,['Lovelight']
Z:\Grateful Dead\1968\gd1968-06-19.004511.sbd.unknown.sbeok.t-flac16\gd1968-06-19d1t02.flac,['Not Fade Away']
Z:\Grateful Dead\1968\gd1968-06-19.004511.sbd.unknown.sbeok.t-flac16\gd1968-06-19d1t03.flac,['Lovelight']
Z:\Grateful Dead\1968\gd1968-06-19.004511.sbd.unknown.sbeok.t-flac16\gd1968-06-19d1t04.flac,['Stage Banter']
Z:\Grateful Dead\1968\gd1968-06-19.004511.sbd.unknown.sbeok.t-flac16\gd1968-06-19d1t05.flac,['Chanting']
Z:\Grateful Dead\1968\gd1968-06-19.004511.sbd.unknown.sbeok.t-flac16\gd1968-06-19d2t01.flac,['Jam']
Z:\Grateful Dead\1968\gd1968-06-19.004511.sbd.unknown.sbeok.t-flac16\gd1968-06-19d2t02.flac,['The Main Ten']
Z:\Grateful Dead\1968\gd1968-06-19.004511.sbd.unknown.sbeok.t-flac16\gd1968-06-19d2t03.flac,['Jam']
Z:\Grateful Dead\1968\gd1968-06-19.004511.sbd.unknown.sbeok.t-flac16\gd1968-06-19d2t04.flac,['The Other One Jam']
Z:\Grateful Dead\1968\gd1968-08-21.001183.sbd.unknown.sbefail.t-flac16\gd1968-08-21d1t101.flac,["That's it for the Other One"]
Z:\Grateful Dead\1968\gd1968-08-21.001183.sbd.unknown.sbefail.t-flac16\gd1968-08-21d1t102.flac,['Good Morning Little Schoolgirl']
Z:\Grateful Dead\1968\gd1968-08-21.001183.sbd.unknown.sbefail.t-flac16\gd1968-08-21d1t103.flac,['Alligator>Feedback']
Z:\Grateful Dead\1968\gd1968-08-21.001183.sbd.unknown.sbefail.t-flac16\gd1968-08-21d2t201.flac,["Dark Star>St Stephen>The Eleven>Death Don't Have No Mercy"]
Z:\Grateful Dead\1968\gd1968-08-21.001183.sbd.unknown.sbefail.t-flac16\gd1968-08-21d2t202.flac,['Turn On Your Lovelight']
Z:\Grateful Dead\1968\gd1968-08-21.001183.sbd.unknown.sbefail.t-flac16\gd1968-08-21d2t203.flac,['Midnight Hour']
Z:\Grateful Dead\1968\gd1968-08-21.017355.sbd.cotsman.sbeok.t-flac16\gd1968-08-21d1t01.flac,['Cryptical Envelopment']
Z:\Grateful Dead\1968\gd1968-08-21.017355.sbd.cotsman.sbeok.t-flac16\gd1968-08-21d1t02.flac,['drums']
Z:\Grateful Dead\1968\gd1968-08-21.017355.sbd.cotsman.sbeok.t-flac16\gd1968-08-21d1t03.flac,['The Other One']
Z:\Grateful Dead\1968\gd1968-08-21.017355.sbd.cotsman.sbeok.t-flac16\gd1968-08-21d1t04.flac,['Cryptical Envelopment']
Z:\Grateful Dead\1968\gd1968-08-21.017355.sbd.cotsman.sbeok.t-flac16\gd1968-08-21d1t05.flac,['Good Morning Little Schoolgirl']
Z:\Grateful Dead\1968\gd1968-08-21.017355.sbd.cotsman.sbeok.t-flac16\gd1968-08-21d1t06.flac,['Alligator']
Z:\Grateful Dead\1968\gd1968-08-21.017355.sbd.cotsman.sbeok.t-flac16\gd1968-08-21d1t07.flac,['drums']
Z:\Grateful Dead\1968\gd1968-08-21.017355.sbd.cotsman.sbeok.t-flac16\gd1968-08-21d1t08.flac,['jam (Garcia and drums)']
Z:\Grateful Dead\1968\gd1968-08-21.017355.sbd.cotsman.sbeok.t-flac16\gd1968-08-21d1t09.flac,['Alligator']
Z:\Grateful Dead\1968\gd1968-08-21.017355.sbd.cotsman.sbeok.t-flac16\gd1968-08-21d1t10.flac,['Feedback']
Z:\Grateful Dead\1968\gd1968-08-21.017355.sbd.cotsman.sbeok.t-flac16\gd1968-08-21d2t01.flac,['Dark Star']
Z:\Grateful Dead\1968\gd1968-08-21.017355.sbd.cotsman.sbeok.t-flac16\gd1968-08-21d2t02.flac,['Saint Stephen']
Z:\Grateful Dead\1968\gd1968-08-21.017355.sbd.cotsman.sbeok.t-flac16\gd1968-08-21d2t03.flac,['The Eleven']
Z:\Grateful Dead\1968\gd1968-08-21.017355.sbd.cotsman.sbeok.t-flac16\gd1968-08-21d2t04.flac,["Death Don't Have No Mercy"]
Z:\Grateful Dead\1968\gd1968-08-21.017355.sbd.cotsman.sbeok.t-flac16\gd1968-08-21d2t05.flac,['Turn On Your Lovelight']
Z:\Grateful Dead\1968\gd1968-08-21.017355.sbd.cotsman.sbeok.t-flac16\gd1968-08-21d2t06.flac,['In The Midnight Hour']
Z:\Grateful Dead\1968\gd1968-08-21.017689.sbd.cousinit.sbeok.t-flac16\gd1968-08-21d1t01.flac,['Cryptical Envelopment']
Z:\Grateful Dead\1968\gd1968-08-21.017689.sbd.cousinit.sbeok.t-flac16\gd1968-08-21d1t02.flac,['Drums']
Z:\Grateful Dead\1968\gd1968-08-21.017689.sbd.cousinit.sbeok.t-flac16\gd1968-08-21d1t03.flac,['The Other One']
Z:\Grateful Dead\1968\gd1968-08-21.017689.sbd.cousinit.sbeok.t-flac16\gd1968-08-21d1t04.flac,['Cryptical Envelopment']
Z:\Grateful Dead\1968\gd1968-08-21.017689.sbd.cousinit.sbeok.t-flac16\gd1968-08-21d1t05.flac,['Good Morning Little Schoolgirl']
Z:\Grateful Dead\1968\gd1968-08-21.017689.sbd.cousinit.sbeok.t-flac16\gd1968-08-21d1t06.flac,['Alligator']
Z:\Grateful Dead\1968\gd1968-08-21.017689.sbd.cousinit.sbeok.t-flac16\gd1968-08-21d1t07.flac,['Drums']
Z:\Grateful Dead\1968\gd1968-08-21.017689.sbd.cousinit.sbeok.t-flac16\gd1968-08-21d1t08.flac,['Alligator']
Z:\Grateful Dead\1968\gd1968-08-21.017689.sbd.cousinit.sbeok.t-flac16\gd1968-08-21d1t09.flac,['Jam']
Z:\Grateful Dead\1968\gd1968-08-21.017689.sbd.cousinit.sbeok.t-flac16\gd1968-08-21d1t10.flac,['Alligator']
Z:\Grateful Dead\1968\gd1968-08-21.017689.sbd.cousinit.sbeok.t-flac16\gd1968-08-21d1t11.flac,['Feedback']
Z:\Grateful Dead\1968\gd1968-08-21.017689.sbd.cousinit.sbeok.t-flac16\gd1968-08-21d2t01.flac,['Dark Star']
Z:\Grateful Dead\1968\gd1968-08-21.017689.sbd.cousinit.sbeok.t-flac16\gd1968-08-21d2t02.flac,['St Stephen']
Z:\Grateful Dead\1968\gd1968-08-21.017689.sbd.cousinit.sbeok.t-flac16\gd1968-08-21d2t03.flac,['The Eleven']
Z:\Grateful Dead\1968\gd1968-08-21.017689.sbd.cousinit.sbeok.t-flac16\gd1968-08-21d2t04.flac,["Death Don't Have No Mercy"]
Z:\Grateful Dead\1968\gd1968-08-21.017689.sbd.cousinit.sbeok.t-flac16\gd1968-08-21d2t05.flac,['Turn On Your Lovelight']
Z:\Grateful Dead\1968\gd1968-08-21.017689.sbd.cousinit.sbeok.t-flac16\gd1968-08-21d2t06.flac,['In The Midnight Hour']
Z:\Grateful Dead\1968\gd1968-08-21.139746.sbd.gastwirt.miller.noel.t-flac16\gd1968-08-21.s1t01.flac,["That's It For The Other One"]
Z:\Grateful Dead\1968\gd1968-08-21.139746.sbd.gastwirt.miller.noel.t-flac16\gd1968-08-21.s1t02.flac,['Good Morning Little School Girl']
Z:\Grateful Dead\1968\gd1968-08-21.139746.sbd.gastwirt.miller.noel.t-flac16\gd1968-08-21.s1t03.flac,['Aligator']
Z:\Grateful Dead\1968\gd1968-08-21.139746.sbd.gastwirt.miller.noel.t-flac16\gd1968-08-21.s2t01.flac,['Dark Star ->']
Z:\Grateful Dead\1968\gd1968-08-21.139746.sbd.gastwirt.miller.noel.t-flac16\gd1968-08-21.s2t02.flac,['Saint Stephen ->']
Z:\Grateful Dead\1968\gd1968-08-21.139746.sbd.gastwirt.miller.noel.t-flac16\gd1968-08-21.s2t03.flac,['The Eleven ->']
Z:\Grateful Dead\1968\gd1968-08-21.139746.sbd.gastwirt.miller.noel.t-flac16\gd1968-08-21.s2t04.flac,["Death Don't Have No Mercy ->"]
Z:\Grateful Dead\1968\gd1968-08-21.139746.sbd.gastwirt.miller.noel.t-flac16\gd1968-08-21.s2t05.flac,['Turn On Your Love Light']
Z:\Grateful Dead\1968\gd1968-08-21.139746.sbd.gastwirt.miller.noel.t-flac16\gd1968-08-21.s2t06.flac,['Midnight Hour']
Z:\Grateful Dead\1968\gd1968-08-22.014915.sbd.cotsman.sbeok.t-flac16\gd1968-08-22d1t01.flac,['St. Stephen']
Z:\Grateful Dead\1968\gd1968-08-22.014915.sbd.cotsman.sbeok.t-flac16\gd1968-08-22d1t02.flac,['The Eleven']
Z:\Grateful Dead\1968\gd1968-08-22.014915.sbd.cotsman.sbeok.t-flac16\gd1968-08-22d1t03.flac,["Death Don't Have No Mercy"]
Z:\Grateful Dead\1968\gd1968-08-22.014915.sbd.cotsman.sbeok.t-flac16\gd1968-08-22d2t01.flac,['Dark Star']
Z:\Grateful Dead\1968\gd1968-08-22.014915.sbd.cotsman.sbeok.t-flac16\gd1968-08-22d2t02.flac,['Cryptical Envelopment']
Z:\Grateful Dead\1968\gd1968-08-22.014915.sbd.cotsman.sbeok.t-flac16\gd1968-08-22d2t03.flac,['The Other One']
Z:\Grateful Dead\1968\gd1968-08-22.014915.sbd.cotsman.sbeok.t-flac16\gd1968-08-22d2t04.flac,['Cryptical Envelopment']
Z:\Grateful Dead\1968\gd1968-08-22.014915.sbd.cotsman.sbeok.t-flac16\gd1968-08-22d2t05.flac,['New Potato Caboose']
Z:\Grateful Dead\1968\gd1968-08-22.014915.sbd.cotsman.sbeok.t-flac16\gd1968-08-22d2t06.flac,['Alligator']
Z:\Grateful Dead\1968\gd1968-08-22.014915.sbd.cotsman.sbeok.t-flac16\gd1968-08-22d2t07.flac,['Drums']
Z:\Grateful Dead\1968\gd1968-08-22.014915.sbd.cotsman.sbeok.t-flac16\gd1968-08-22d2t08.flac,['Jam']
Z:\Grateful Dead\1968\gd1968-08-22.014915.sbd.cotsman.sbeok.t-flac16\gd1968-08-22d2t09.flac,['Caution']
Z:\Grateful Dead\1968\gd1968-08-22.014915.sbd.cotsman.sbeok.t-flac16\gd1968-08-22d2t10.flac,['Feedback']
Z:\Grateful Dead\1968\gd1968-08-22.014915.sbd.cotsman.sbeok.t-flac16\gd1968-08-22d2t11.flac,['We Bid You Goodnight']
Z:\Grateful Dead\1968\gd1968-08-22.092733.koucky.gmb.sbeok.t-flac16\gd1968-08-22d1t01.flac,['Saint Stephen']
Z:\Grateful Dead\1968\gd1968-08-22.092733.koucky.gmb.sbeok.t-flac16\gd1968-08-22d1t02.flac,['The Eleven']
Z:\Grateful Dead\1968\gd1968-08-22.092733.koucky.gmb.sbeok.t-flac16\gd1968-08-22d1t03.flac,['Death Don’t Have No Mercy']
Z:\Grateful Dead\1968\gd1968-08-22.092733.koucky.gmb.sbeok.t-flac16\gd1968-08-22d2t01.flac,['Dark Star']
Z:\Grateful Dead\1968\gd1968-08-22.092733.koucky.gmb.sbeok.t-flac16\gd1968-08-22d2t02.flac,['Cryptical Envelopment']
Z:\Grateful Dead\1968\gd1968-08-22.092733.koucky.gmb.sbeok.t-flac16\gd1968-08-22d2t03.flac,['The Other One']
Z:\Grateful Dead\1968\gd1968-08-22.092733.koucky.gmb.sbeok.t-flac16\gd1968-08-22d2t04.flac,['Cryptical Envelopment']
Z:\Grateful Dead\1968\gd1968-08-22.092733.koucky.gmb.sbeok.t-flac16\gd1968-08-22d2t05.flac,['New Potato Caboose']
Z:\Grateful Dead\1968\gd1968-08-22.092733.koucky.gmb.sbeok.t-flac16\gd1968-08-22d2t06.flac,['Alligator']
Z:\Grateful Dead\1968\gd1968-08-22.092733.koucky.gmb.sbeok.t-flac16\gd1968-08-22d2t07.flac,['Caution Jam > And We Bid You Goodnight Jam']
Z:\Grateful Dead\1968\gd1968-08-22.092733.koucky.gmb.sbeok.t-flac16\gd1968-08-22d2t08.flac,['Feedback']
Z:\Grateful Dead\1968\gd1968-08-22.143144.psbd.gastwirt-miller-sirmick.flac1648\gd1968-08-22s1t01.flac,['Saint Stephen>']
Z:\Grateful Dead\1968\gd1968-08-22.143144.psbd.gastwirt-miller-sirmick.flac1648\gd1968-08-22s1t02.flac,['The Eleven>']
Z:\Grateful Dead\1968\gd1968-08-22.143144.psbd.gastwirt-miller-sirmick.flac1648\gd1968-08-22s1t03.flac,["Death Don't Have No Mercy"]
Z:\Grateful Dead\1968\gd1968-08-22.143144.psbd.gastwirt-miller-sirmick.flac1648\gd1968-08-22s2t01.flac,['Bill Graham into']
Z:\Grateful Dead\1968\gd1968-08-22.143144.psbd.gastwirt-miller-sirmick.flac1648\gd1968-08-22s2t02.flac,['Dark Star']
Z:\Grateful Dead\1968\gd1968-08-22.143144.psbd.gastwirt-miller-sirmick.flac1648\gd1968-08-22s2t03.flac,['Cryptical Envelopment>']
Z:\Grateful Dead\1968\gd1968-08-22.143144.psbd.gastwirt-miller-sirmick.flac1648\gd1968-08-22s2t04.flac,['The Other// One>']
Z:\Grateful Dead\1968\gd1968-08-22.143144.psbd.gastwirt-miller-sirmick.flac1648\gd1968-08-22s2t05.flac,['Cryptical Envelopment>']
Z:\Grateful Dead\1968\gd1968-08-22.143144.psbd.gastwirt-miller-sirmick.flac1648\gd1968-08-22s2t06.flac,['New Potato Caboose']
Z:\Grateful Dead\1968\gd1968-08-23.000052.sbd.outtakes.sacks.sbefail.t-flac16\gd1968-8-23d1t08.flac,['Cryptical Envelopment']
Z:\Grateful Dead\1968\gd1968-08-23.000052.sbd.outtakes.sacks.sbefail.t-flac16\gd1968-8-23d1t09.flac,['The Other One']
Z:\Grateful Dead\1968\gd1968-08-23.000052.sbd.outtakes.sacks.sbefail.t-flac16\gd1968-8-23d1t10.flac,['Cryptical Envelopment']
Z:\Grateful Dead\1968\gd1968-08-23.000052.sbd.outtakes.sacks.sbefail.t-flac16\gd1968-8-23d2t1.flac,['Dark Star']
Z:\Grateful Dead\1968\gd1968-08-23.000052.sbd.outtakes.sacks.sbefail.t-flac16\gd1968-8-23d2t2.flac,['St. Stephen']
Z:\Grateful Dead\1968\gd1968-08-23.000052.sbd.outtakes.sacks.sbefail.t-flac16\gd1968-8-23d2t3.flac,['The Eleven']
Z:\Grateful Dead\1968\gd1968-08-23.000052.sbd.outtakes.sacks.sbefail.t-flac16\gd1968-8-23d2t4.flac,["Death Don't Have No Mercy"]
Z:\Grateful Dead\1968\gd1968-08-23.000052.sbd.outtakes.sacks.sbefail.t-flac16\gd1968-8-23_fillerd1t01.flac,['St. Stephen']
Z:\Grateful Dead\1968\gd1968-08-23.000052.sbd.outtakes.sacks.sbefail.t-flac16\gd1968-8-23_fillerd1t02.flac,['Cryptical Envelopment']
Z:\Grateful Dead\1968\gd1968-08-23.000052.sbd.outtakes.sacks.sbefail.t-flac16\gd1968-8-23_fillerd1t03.flac,['The Other One']
Z:\Grateful Dead\1968\gd1968-08-23.000052.sbd.outtakes.sacks.sbefail.t-flac16\gd1968-8-23_fillerd1t04.flac,['Cryptical Envelopment']
Z:\Grateful Dead\1968\gd1968-08-23.000052.sbd.outtakes.sacks.sbefail.t-flac16\gd1968-8-23_fillerd1t05.flac,['New Potato Caboose']
Z:\Grateful Dead\1968\gd1968-08-23.000052.sbd.outtakes.sacks.sbefail.t-flac16\gd1968-8-23_fillerd1t06.flac,['Alligator']
Z:\Grateful Dead\1968\gd1968-08-23.000052.sbd.outtakes.sacks.sbefail.t-flac16\gd1968-8-23_fillerd1t07.flac,['Caution Jam']
Z:\Grateful Dead\1968\gd1968-01-23.020347.sbd.jools.sbeok.t-flac16\gd1968-01-23t1.flac,['Cryptical Envelopment']
Z:\Grateful Dead\1968\gd1968-01-23.020347.sbd.jools.sbeok.t-flac16\gd1968-01-23t2.flac,['The Other One']
Z:\Grateful Dead\1968\gd1968-01-23.020347.sbd.jools.sbeok.t-flac16\gd1968-01-23t3.flac,['Cryptical Envelopment']
Z:\Grateful Dead\1968\gd1968-01-23.020347.sbd.jools.sbeok.t-flac16\gd1968-01-23t4.flac,['Clementine']
Z:\Grateful Dead\1968\gd1968-01-23.020347.sbd.jools.sbeok.t-flac16\gd1968-01-23t5.flac,['New Potato Caboose']
Z:\Grateful Dead\1968\gd1968-01-23.020347.sbd.jools.sbeok.t-flac16\gd1968-01-23t6.flac,['Born Cross-Eyed']
Z:\Grateful Dead\1968\gd1968-01-23.020347.sbd.jools.sbeok.t-flac16\gd1968-01-23t7.flac,['Spanish Jam']
Z:\Grateful Dead\1968\gd1968-03-03.005809.pre-fm.finney.sbeok.t-flac16\gd1968-03-03T01.flac,['Viola Lee Blues']
Z:\Grateful Dead\1968\gd1968-03-03.005809.pre-fm.finney.sbeok.t-flac16\gd1968-03-03T02.flac,["Smokestack Lightnin'"]
Z:\Grateful Dead\1968\gd1968-03-03.005809.pre-fm.finney.sbeok.t-flac16\gd1968-03-03T03.flac,['Turn On Your Lovelight']
Z:\Grateful Dead\1968\gd1968-03-03.005809.pre-fm.finney.sbeok.t-flac16\gd1968-03-03T04.flac,['"Mary is looking for Shirley..."']
Z:\Grateful Dead\1968\gd1968-03-03.005809.pre-fm.finney.sbeok.t-flac16\gd1968-03-03T05.flac,['It Hurts Me Too']
Z:\Grateful Dead\1968\gd1968-05-xx.005427.sbd.currier.sbeok.t-flac16\gd1968-05d1t01.flac,['St. Stephen']
Z:\Grateful Dead\1968\gd1968-05-xx.005427.sbd.currier.sbeok.t-flac16\gd1968-05d1t02.flac,['Cryptical Envelopment']
Z:\Grateful Dead\1968\gd1968-05-xx.005427.sbd.currier.sbeok.t-flac16\gd1968-05d1t03.flac,['The Other One']
Z:\Grateful Dead\1968\gd1968-05-xx.005427.sbd.currier.sbeok.t-flac16\gd1968-05d1t04.flac,['Cryptical Envelopment']
Z:\Grateful Dead\1968\gd1968-05-xx.005427.sbd.currier.sbeok.t-flac16\gd1968-05d1t05.flac,['New Potato Caboose']
Z:\Grateful Dead\1968\gd1968-05-xx.005427.sbd.currier.sbeok.t-flac16\gd1968-05d1t06.flac,['Alligator']
Z:\Grateful Dead\1968\gd1968-05-xx.005427.sbd.currier.sbeok.t-flac16\gd1968-05d1t07.flac,['Caution']
Z:\Grateful Dead\1968\gd1968-08-23.116193.sbd.sniper777-tomP.t-flac16\Grateful Dead - 01 - Thats It For The Other One.flac,['Thats It For The Other One']
Z:\Grateful Dead\1968\gd1968-08-23.116193.sbd.sniper777-tomP.t-flac16\Grateful Dead - 02 - Dark Star.flac,['Dark Star']
Z:\Grateful Dead\1968\gd1968-08-23.116193.sbd.sniper777-tomP.t-flac16\Grateful Dead - 03 - St Stephen.flac,['St Stephen']
Z:\Grateful Dead\1968\gd1968-08-23.116193.sbd.sniper777-tomP.t-flac16\Grateful Dead - 04 - The Eleven.flac,['The Eleven']
Z:\Grateful Dead\1968\gd1968-08-23.116193.sbd.sniper777-tomP.t-flac16\Grateful Dead - 05 - Death Dont Have No Mercy.flac,['Death Dont Have No Mercy']
Z:\Grateful Dead\1968\gd1968-08-23.116193.sbd.sniper777-tomP.t-flac16\Grateful Dead - 06 - Alligator [intro].flac,['Alligator [intro]']
Z:\Grateful Dead\1968\gd1968-08-23.116193.sbd.sniper777-tomP.t-flac16\Grateful Dead - 07 - Alligator.flac,['Alligator']
Z:\Grateful Dead\1968\gd1968-08-23.116193.sbd.sniper777-tomP.t-flac16\Grateful Dead - 08 - Caution.flac,['Caution']
Z:\Grateful Dead\1968\gd1968-08-23.116193.sbd.sniper777-tomP.t-flac16\Grateful Dead - 09 - Feedback.flac,['Feedback']
Z:\Grateful Dead\1968\gd1968-10-13.010910.sbd.eD.sbeok.t-flac16\gd1968-10-13t01.flac,['Dark Star']
Z:\Grateful Dead\1968\gd1968-10-13.010910.sbd.eD.sbeok.t-flac16\gd1968-10-13t02.flac,['Saint Stephen']
Z:\Grateful Dead\1968\gd1968-10-13.010910.sbd.eD.sbeok.t-flac16\gd1968-10-13t03.flac,['The Eleven']
Z:\Grateful Dead\1968\gd1968-10-13.010910.sbd.eD.sbeok.t-flac16\gd1968-10-13t04.flac,["Death Don't Have No Mercy"]
Z:\Grateful Dead\1968\gd1968-10-13.010910.sbd.eD.sbeok.t-flac16\gd1968-10-13t05.flac,['Cryptical Envelopment > Drums']
Z:\Grateful Dead\1968\gd1968-10-13.010910.sbd.eD.sbeok.t-flac16\gd1968-10-13t06.flac,['The Other One']
Z:\Grateful Dead\1968\gd1968-10-13.010910.sbd.eD.sbeok.t-flac16\gd1968-10-13t07.flac,['Cryptical Reprise']
Z:\Grateful Dead\1968\gd1968-10-13.010910.sbd.eD.sbeok.t-flac16\gd1968-10-13t08.flac,['New Potato Caboose']
Z:\Grateful Dead\1968\gd1968-10-13.010910.sbd.eD.sbeok.t-flac16\gd1968-10-13t09.flac,['Drums']
Z:\Grateful Dead\1968\gd1968-10-13.010910.sbd.eD.sbeok.t-flac16\gd1968-10-13t10.flac,['Jam']
Z:\Grateful Dead\1968\gd1968-10-13.010910.sbd.eD.sbeok.t-flac16\gd1968-10-13t11.flac,['Feedback']
Z:\Grateful Dead\1968\gd1968-11-22.021933.aud.cotsman.sbeok.t-flac16\gd1968-11-22d1t01.flac,['/Morning Dew']
Z:\Grateful Dead\1968\gd1968-11-22.021933.aud.cotsman.sbeok.t-flac16\gd1968-11-22d1t02.flac,['Good Morning Litttle Schoolgirl']
Z:\Grateful Dead\1968\gd1968-11-22.021933.aud.cotsman.sbeok.t-flac16\gd1968-11-22d1t03.flac,['Dark Star>']
Z:\Grateful Dead\1968\gd1968-11-22.021933.aud.cotsman.sbeok.t-flac16\gd1968-11-22d1t04.flac,['Saint Stephen>']
Z:\Grateful Dead\1968\gd1968-11-22.021933.aud.cotsman.sbeok.t-flac16\gd1968-11-22d1t05.flac,['The Eleven>']
Z:\Grateful Dead\1968\gd1968-11-22.021933.aud.cotsman.sbeok.t-flac16\gd1968-11-22d1t06-fixed.flac,['Turn on Your Lovelight']
Z:\Grateful Dead\1968\gd1968-11-22.021933.aud.cotsman.sbeok.t-flac16\gd1968-11-22d2t01.flac,['/Cryptical Envelopment>']
Z:\Grateful Dead\1968\gd1968-11-22.021933.aud.cotsman.sbeok.t-flac16\gd1968-11-22d2t02.flac,['The Other One>']
Z:\Grateful Dead\1968\gd1968-11-22.021933.aud.cotsman.sbeok.t-flac16\gd1968-11-22d2t03.flac,['Cryptical reprise>']
Z:\Grateful Dead\1968\gd1968-11-22.021933.aud.cotsman.sbeok.t-flac16\gd1968-11-22d2t04.flac,['New Potato Caboose']
Z:\Grateful Dead\1968\gd1968-11-22.021933.aud.cotsman.sbeok.t-flac16\gd1968-11-22d2t05-fixed.flac,['And We Bid You Goodnight']
Z:\Grateful Dead\1968\gd1968-08-23.143130.psbd.gastwirt-miller-sirmick.t-flac16\gd1968-08-23t01.flac,['Alligator>']
Z:\Grateful Dead\1968\gd1968-08-23.143130.psbd.gastwirt-miller-sirmick.t-flac16\gd1968-08-23t02.flac,['Caution (Do Not Stop On Tracks)>']
Z:\Grateful Dead\1968\gd1968-08-23.143130.psbd.gastwirt-miller-sirmick.t-flac16\gd1968-08-23t03.flac,['Feedback']
Z:\Grateful Dead\1968\gd1968-08-23.153116.sbd.anon.blackwood.gems.t-flac16\01 Cryptical Envelopment.flac,['Cryptical Envelopment >']
Z:\Grateful Dead\1968\gd1968-08-23.153116.sbd.anon.blackwood.gems.t-flac16\02 The Other One.flac,['The Other One >']
Z:\Grateful Dead\1968\gd1968-08-23.153116.sbd.anon.blackwood.gems.t-flac16\03 Cryptical Envelopment.flac,['Cryptical Envelopment']
Z:\Grateful Dead\1968\gd1968-08-23.153116.sbd.anon.blackwood.gems.t-flac16\04 Dark Star.flac,['Dark Star >']
Z:\Grateful Dead\1968\gd1968-08-23.153116.sbd.anon.blackwood.gems.t-flac16\05 Saint Stephen.flac,['Saint Stephen >']
Z:\Grateful Dead\1968\gd1968-08-23.153116.sbd.anon.blackwood.gems.t-flac16\06 The Eleven.flac,['The Eleven']
Z:\Grateful Dead\1968\gd1968-08-23.153116.sbd.anon.blackwood.gems.t-flac16\07 Death Don't Have No Mercy.flac,["Death Don't Have No Mercy"]
Z:\Grateful Dead\1968\gd1968-08-23.153116.sbd.anon.blackwood.gems.t-flac16\08 Alligator.flac,['Alligator >']
Z:\Grateful Dead\1968\gd1968-08-23.153116.sbd.anon.blackwood.gems.t-flac16\09 Drums.flac,['Drums >']
Z:\Grateful Dead\1968\gd1968-08-23.153116.sbd.anon.blackwood.gems.t-flac16\10 Jam.flac,['Jam >']
Z:\Grateful Dead\1968\gd1968-08-23.153116.sbd.anon.blackwood.gems.t-flac16\11 Caution (Do Not Stop on Tracks).flac,['Caution (Do Not Stop On Tracks) >']
Z:\Grateful Dead\1968\gd1968-08-23.153116.sbd.anon.blackwood.gems.t-flac16\12 Feedback.flac,['Feedback']
Z:\Grateful Dead\1968\gd1968-08-28.018104.sbd.cotsman.sbeok.t-flac16\gd1968-08-28d1t01.flac,['Dark Star']
Z:\Grateful Dead\1968\gd1968-08-28.018104.sbd.cotsman.sbeok.t-flac16\gd1968-08-28d1t02.flac,['St. Stephen']
Z:\Grateful Dead\1968\gd1968-08-28.018104.sbd.cotsman.sbeok.t-flac16\gd1968-08-28d1t03.flac,['The Eleven']
Z:\Grateful Dead\1968\gd1968-08-28.018104.sbd.cotsman.sbeok.t-flac16\gd1968-08-28d1t04.flac,["Death Don't Have No Mercy"]
Z:\Grateful Dead\1968\gd1968-08-28.018104.sbd.cotsman.sbeok.t-flac16\gd1968-08-28d1t05.flac,['Lovelight']
Z:\Grateful Dead\1968\gd1968-09-02.022095.sbd.miller.sbeok.t-flac16\gd1968-09-02alt1.flac,['Introduction -> Dark Star -> Saint Stephen (cut)']
Z:\Grateful Dead\1968\gd1968-09-02.022095.sbd.miller.sbeok.t-flac16\gd1968-09-02alt2.flac,['(cut) Dark Star -> Saint Stephen -> The Eleven']
Z:\Grateful Dead\1968\gd1968-09-02.022095.sbd.miller.sbeok.t-flac16\gd1968-09-02d1t01.flac,['Introduction']
Z:\Grateful Dead\1968\gd1968-09-02.022095.sbd.miller.sbeok.t-flac16\gd1968-09-02d1t02.flac,['Dark Star']
Z:\Grateful Dead\1968\gd1968-09-02.022095.sbd.miller.sbeok.t-flac16\gd1968-09-02d1t03.flac,['Saint Stephen']
Z:\Grateful Dead\1968\gd1968-09-02.022095.sbd.miller.sbeok.t-flac16\gd1968-09-02d1t04.flac,['The Eleven']
Z:\Grateful Dead\1968\gd1968-09-02.022095.sbd.miller.sbeok.t-flac16\gd1968-09-02d1t05.flac,["Death Don't Have No Mercy (cut)"]
Z:\Grateful Dead\1968\gd1968-09-02.022095.sbd.miller.sbeok.t-flac16\gd1968-09-02d1t06.flac,['Cryptical Envelopment']
Z:\Grateful Dead\1968\gd1968-09-02.022095.sbd.miller.sbeok.t-flac16\gd1968-09-02d1t07.flac,['Drums']
Z:\Grateful Dead\1968\gd1968-09-02.022095.sbd.miller.sbeok.t-flac16\gd1968-09-02d1t08.flac,['The Other One']
Z:\Grateful Dead\1968\gd1968-09-02.022095.sbd.miller.sbeok.t-flac16\gd1968-09-02d1t09.flac,['Cryptical Envelopment']
Z:\Grateful Dead\1968\gd1968-09-02.022095.sbd.miller.sbeok.t-flac16\gd1968-09-02d1t10.flac,['Alligator']
Z:\Grateful Dead\1968\gd1968-09-02.022095.sbd.miller.sbeok.t-flac16\gd1968-09-02d1t11.flac,['Caution (Do Not Stop On Tracks)']
Z:\Grateful Dead\1968\gd1968-09-02.022095.sbd.miller.sbeok.t-flac16\gd1968-09-02d1t12.flac,['Feedback']
Z:\Grateful Dead\1968\gd1968-09-02.022095.sbd.miller.sbeok.t-flac16\gd1968-09-02d1t13.flac,['Stage Announcements']
Z:\Grateful Dead\1968\gd1968-09-02.115592.sbd.miller.t-flac16\gd1968-09-02d1t01.flac,['Introduction']
Z:\Grateful Dead\1968\gd1968-09-02.115592.sbd.miller.t-flac16\gd1968-09-02d1t02.flac,['Dark Star>']
Z:\Grateful Dead\1968\gd1968-09-02.115592.sbd.miller.t-flac16\gd1968-09-02d1t03.flac,['Saint Stephen>']
Z:\Grateful Dead\1968\gd1968-09-02.115592.sbd.miller.t-flac16\gd1968-09-02d1t04.flac,['The Eleven>']
Z:\Grateful Dead\1968\gd1968-09-02.115592.sbd.miller.t-flac16\gd1968-09-02d1t05.flac,["Death Don't Have No Mercy//"]
Z:\Grateful Dead\1968\gd1968-09-02.115592.sbd.miller.t-flac16\gd1968-09-02d1t06.flac,["That's It for the Other One"]
Z:\Grateful Dead\1968\gd1968-09-02.115592.sbd.miller.t-flac16\gd1968-09-02d1t07.flac,['Alligator>']
Z:\Grateful Dead\1968\gd1968-09-02.115592.sbd.miller.t-flac16\gd1968-09-02d1t08.flac,['Caution (Do Not Stop On Tracks)>']
Z:\Grateful Dead\1968\gd1968-09-02.115592.sbd.miller.t-flac16\gd1968-09-02d1t09.flac,['Feedback']
Z:\Grateful Dead\1968\gd1968-09-02.115592.sbd.miller.t-flac16\gd1968-09-02d1t10.flac,['stage announcements']
Z:\Grateful Dead\1968\gd1968-09-02.115592.sbd.miller.t-flac16\gd1968-09-02d2t01.flac,['Introduction']
Z:\Grateful Dead\1968\gd1968-09-02.115592.sbd.miller.t-flac16\gd1968-09-02d2t02.flac,['Darks Star>']
Z:\Grateful Dead\1968\gd1968-09-02.115592.sbd.miller.t-flac16\gd1968-09-02d2t03.flac,['Saint Stephen>']
Z:\Grateful Dead\1968\gd1968-09-02.115592.sbd.miller.t-flac16\gd1968-09-02d2t04.flac,['The Eleven>']
Z:\Grateful Dead\1968\gd1968-09-02.115592.sbd.miller.t-flac16\gd1968-09-02d2t05.flac,["Death Don't Have No Mercy//"]
Z:\Grateful Dead\1968\gd1968-09-12.136643.sbd.studio.mr.dat.flac16\gd1968-09-12t01.flac,['Clementine (many takes)']
Z:\Grateful Dead\1968\gd1968-09-12.136643.sbd.studio.mr.dat.flac16\gd1968-09-12t02.flac,['Clementine (several takes, a couple with vocals by Phil)']
Z:\Grateful Dead\1968\gd1968-09-12.136643.sbd.studio.mr.dat.flac16\gd1968-09-12t03.flac,['Space like jam with some improvised vocals']
Z:\Grateful Dead\1968\gd1968-09-20.032900.sbd.miller.sbeok.t-flac16\gd1968-09-20d1t01.flac,['Good Morning Little Schoolgirl']
Z:\Grateful Dead\1968\gd1968-09-20.032900.sbd.miller.sbeok.t-flac16\gd1968-09-20d1t02.flac,['Stage Banter']
Z:\Grateful Dead\1968\gd1968-09-20.032900.sbd.miller.sbeok.t-flac16\gd1968-09-20d1t03.flac,['Saint Stephen']
Z:\Grateful Dead\1968\gd1968-09-20.032900.sbd.miller.sbeok.t-flac16\gd1968-09-20d1t04.flac,['The Eleven']
Z:\Grateful Dead\1968\gd1968-09-20.032900.sbd.miller.sbeok.t-flac16\gd1968-09-20d1t05.flac,['Drums']
Z:\Grateful Dead\1968\gd1968-09-20.115682.sbd.miller.t-flac16\gd1968-09-20d1t01.flac,['//Good Morning Little Schoolgirl']
Z:\Grateful Dead\1968\gd1968-09-20.115682.sbd.miller.t-flac16\gd1968-09-20d1t02.flac,['stage banter']
Z:\Grateful Dead\1968\gd1968-09-20.115682.sbd.miller.t-flac16\gd1968-09-20d1t03.flac,['Saint Stephen>']
Z:\Grateful Dead\1968\gd1968-09-20.115682.sbd.miller.t-flac16\gd1968-09-20d1t04.flac,['The Eleven>']
Z:\Grateful Dead\1968\gd1968-09-20.115682.sbd.miller.t-flac16\gd1968-09-20d1t05.flac,['Drums']
Z:\Grateful Dead\1968\gd1968-10-12.086759.sbd.miller.sbeok.t-flac16\gd1968-10-12d1t01.flac,['Introduction']
Z:\Grateful Dead\1968\gd1968-10-12.086759.sbd.miller.sbeok.t-flac16\gd1968-10-12d1t02.flac,['Dark Star']
Z:\Grateful Dead\1968\gd1968-10-12.086759.sbd.miller.sbeok.t-flac16\gd1968-10-12d1t03.flac,['Saint Stephen']
Z:\Grateful Dead\1968\gd1968-10-12.086759.sbd.miller.sbeok.t-flac16\gd1968-10-12d1t04.flac,['The Eleven']
Z:\Grateful Dead\1968\gd1968-10-12.086759.sbd.miller.sbeok.t-flac16\gd1968-10-12d1t05.flac,["Death Don't Have No Mercy"]
Z:\Grateful Dead\1968\gd1968-10-12.086759.sbd.miller.sbeok.t-flac16\gd1968-10-12d1t06.flac,['Cryptical Envelopment']
Z:\Grateful Dead\1968\gd1968-10-12.086759.sbd.miller.sbeok.t-flac16\gd1968-10-12d1t07.flac,['Drums']
Z:\Grateful Dead\1968\gd1968-10-12.086759.sbd.miller.sbeok.t-flac16\gd1968-10-12d1t08.flac,['The Other One']
Z:\Grateful Dead\1968\gd1968-10-12.086759.sbd.miller.sbeok.t-flac16\gd1968-10-12d1t09.flac,['Cryptical Envelopment']
Z:\Grateful Dead\1968\gd1968-10-12.086759.sbd.miller.sbeok.t-flac16\gd1968-10-12d1t10.flac,['New Potato Caboose']
Z:\Grateful Dead\1968\gd1968-10-12.086759.sbd.miller.sbeok.t-flac16\gd1968-10-12d1t11.flac,['Drums']
Z:\Grateful Dead\1968\gd1968-10-12.086759.sbd.miller.sbeok.t-flac16\gd1968-10-12d1t12.flac,['Jam']
Z:\Grateful Dead\1968\gd1968-10-12.086759.sbd.miller.sbeok.t-flac16\gd1968-10-12d1t13.flac,['Feedback']
Z:\Grateful Dead\1968\gd1968-10-12.115593.sbd.miller.t-flac16\gd1968-10-12d1t01.flac,['Introduction']
Z:\Grateful Dead\1968\gd1968-10-12.115593.sbd.miller.t-flac16\gd1968-10-12d1t02.flac,['Darks Star>']
Z:\Grateful Dead\1968\gd1968-10-12.115593.sbd.miller.t-flac16\gd1968-10-12d1t03.flac,['Saint Stephen>']
Z:\Grateful Dead\1968\gd1968-10-12.115593.sbd.miller.t-flac16\gd1968-10-12d1t04.flac,['The Eleven>']
Z:\Grateful Dead\1968\gd1968-10-12.115593.sbd.miller.t-flac16\gd1968-10-12d1t05.flac,["Death Don 't Have No Mercy"]
Z:\Grateful Dead\1968\gd1968-10-12.115593.sbd.miller.t-flac16\gd1968-10-12d1t06.flac,["That's It for the Other One>"]
Z:\Grateful Dead\1968\gd1968-10-12.115593.sbd.miller.t-flac16\gd1968-10-12d1t07.flac,['New Potato Caboose>']
Z:\Grateful Dead\1968\gd1968-10-12.115593.sbd.miller.t-flac16\gd1968-10-12d1t08.flac,['Drums>']
Z:\Grateful Dead\1968\gd1968-10-12.115593.sbd.miller.t-flac16\gd1968-10-12d1t09.flac,['Jam>']
Z:\Grateful Dead\1968\gd1968-10-12.115593.sbd.miller.t-flac16\gd1968-10-12d1t10.flac,['Feedback']
Z:\Grateful Dead\1968\gd1968-10-12.139745.sbd.glassberg.miller.winters.t-flac16\01 Morning Dew.flac,['Morning Dew']
Z:\Grateful Dead\1968\gd1968-10-12.139745.sbd.glassberg.miller.winters.t-flac16\02 Stage Banter.flac,['"Everybody has to dance or else..."']
Z:\Grateful Dead\1968\gd1968-10-12.139745.sbd.glassberg.miller.winters.t-flac16\03 Dark Star.flac,['Dark Star >']
Z:\Grateful Dead\1968\gd1968-10-12.139745.sbd.glassberg.miller.winters.t-flac16\04 St. Stephen.flac,['St. Stephen >']
Z:\Grateful Dead\1968\gd1968-10-12.139745.sbd.glassberg.miller.winters.t-flac16\05 The Eleven.flac,['The Eleven >']
Z:\Grateful Dead\1968\gd1968-10-12.139745.sbd.glassberg.miller.winters.t-flac16\06 Death Don't Have No Mercy.flac,["Death Don't Have No Mercy"]
Z:\Grateful Dead\1968\gd1968-10-12.139745.sbd.glassberg.miller.winters.t-flac16\07 That's It For The Other One.flac,["That's It for the Other One >"]
Z:\Grateful Dead\1968\gd1968-10-12.139745.sbd.glassberg.miller.winters.t-flac16\08 New Potato Caboose.flac,['New Potato Caboose >']
Z:\Grateful Dead\1968\gd1968-10-12.139745.sbd.glassberg.miller.winters.t-flac16\09 Drums.flac,['Drums >']
Z:\Grateful Dead\1968\gd1968-10-12.139745.sbd.glassberg.miller.winters.t-flac16\10 Jam.flac,['Jam >']
Z:\Grateful Dead\1968\gd1968-10-12.139745.sbd.glassberg.miller.winters.t-flac16\11 Feedback.flac,['Feedback']
Z:\Grateful Dead\1968\gd1968-10-13.001027.sbd.oleynek.revell.shnf\gd1968-10-13d1t01.flac,['Dark Star >']
Z:\Grateful Dead\1968\gd1968-10-13.001027.sbd.oleynek.revell.shnf\gd1968-10-13d1t02.flac,['St Stephen >']
Z:\Grateful Dead\1968\gd1968-10-13.001027.sbd.oleynek.revell.shnf\gd1968-10-13d1t03.flac,['The Eleven >']
Z:\Grateful Dead\1968\gd1968-10-13.001027.sbd.oleynek.revell.shnf\gd1968-10-13d1t04.flac,["Death Don't Have No Mercy"]
Z:\Grateful Dead\1968\gd1968-10-13.001027.sbd.oleynek.revell.shnf\gd1968-10-13d1t05.flac,['Cryptical Envelopment >']
Z:\Grateful Dead\1968\gd1968-10-13.001027.sbd.oleynek.revell.shnf\gd1968-10-13d1t06.flac,['The Other One >']
Z:\Grateful Dead\1968\gd1968-10-13.001027.sbd.oleynek.revell.shnf\gd1968-10-13d1t07.flac,['Cryptical Envelopment >']
Z:\Grateful Dead\1968\gd1968-10-13.001027.sbd.oleynek.revell.shnf\gd1968-10-13d1t08.flac,['New Potato Caboose >']
Z:\Grateful Dead\1968\gd1968-10-13.001027.sbd.oleynek.revell.shnf\gd1968-10-13d1t09.flac,['Drums >']
Z:\Grateful Dead\1968\gd1968-10-13.001027.sbd.oleynek.revell.shnf\gd1968-10-13d1t10.flac,['Alligator >']
Z:\Grateful Dead\1968\gd1968-10-13.001027.sbd.oleynek.revell.shnf\gd1968-10-13d1t11.flac,['Feedback']
Z:\Grateful Dead\1968\gd1968-10-13.086761.sbd.miller.sbeok.t-flac16\gd1968-10-13d1t01.flac,['Dark Star']
Z:\Grateful Dead\1968\gd1968-10-13.086761.sbd.miller.sbeok.t-flac16\gd1968-10-13d1t02.flac,['Saint Stephen']
Z:\Grateful Dead\1968\gd1968-10-13.086761.sbd.miller.sbeok.t-flac16\gd1968-10-13d1t03.flac,['The Eleven']
Z:\Grateful Dead\1968\gd1968-10-13.086761.sbd.miller.sbeok.t-flac16\gd1968-10-13d1t04.flac,["Death Don't Have No Mercy"]
Z:\Grateful Dead\1968\gd1968-10-13.086761.sbd.miller.sbeok.t-flac16\gd1968-10-13d1t05.flac,['Cryptical Envelopment']
Z:\Grateful Dead\1968\gd1968-10-13.086761.sbd.miller.sbeok.t-flac16\gd1968-10-13d1t06.flac,['Drums']
Z:\Grateful Dead\1968\gd1968-10-13.086761.sbd.miller.sbeok.t-flac16\gd1968-10-13d1t07.flac,['The Other One']
Z:\Grateful Dead\1968\gd1968-10-13.086761.sbd.miller.sbeok.t-flac16\gd1968-10-13d1t08.flac,['Cryptical Envelopment']
Z:\Grateful Dead\1968\gd1968-10-13.086761.sbd.miller.sbeok.t-flac16\gd1968-10-13d1t09.flac,['New Potato Caboose']
Z:\Grateful Dead\1968\gd1968-10-13.086761.sbd.miller.sbeok.t-flac16\gd1968-10-13d1t10.flac,['Drums']
Z:\Grateful Dead\1968\gd1968-10-13.086761.sbd.miller.sbeok.t-flac16\gd1968-10-13d1t11.flac,['Caution Jam']
Z:\Grateful Dead\1968\gd1968-10-13.086761.sbd.miller.sbeok.t-flac16\gd1968-10-13d1t12.flac,['Feedback']
Z:\Grateful Dead\1968\gd1968-10-13.115606.sbd.miller.t-flac16\gd1968-10-13d1t01.flac,['//Dark Star>']
Z:\Grateful Dead\1968\gd1968-10-13.115606.sbd.miller.t-flac16\gd1968-10-13d1t02.flac,['Saint Stephen>']
Z:\Grateful Dead\1968\gd1968-10-13.115606.sbd.miller.t-flac16\gd1968-10-13d1t03.flac,['The Eleven>']
Z:\Grateful Dead\1968\gd1968-10-13.115606.sbd.miller.t-flac16\gd1968-10-13d1t04.flac,["Death Don't Have No Mercy"]
Z:\Grateful Dead\1968\gd1968-10-13.115606.sbd.miller.t-flac16\gd1968-10-13d1t05.flac,["That's It For the Other One>"]
Z:\Grateful Dead\1968\gd1968-10-13.115606.sbd.miller.t-flac16\gd1968-10-13d1t06.flac,['New Potato Caboose>']
Z:\Grateful Dead\1968\gd1968-10-13.115606.sbd.miller.t-flac16\gd1968-10-13d1t07.flac,['Drums>']
Z:\Grateful Dead\1968\gd1968-10-13.115606.sbd.miller.t-flac16\gd1968-10-13d1t08.flac,['Caution Jam>']
Z:\Grateful Dead\1968\gd1968-10-13.115606.sbd.miller.t-flac16\gd1968-10-13d1t09.flac,['Feedback']
Z:\Grateful Dead\1968\gd1968-10-20.021441.sbd.miller.sbeok.t-flac16\gd1968.10.20d1t01.flac,['Good Morning Little Schoolgirl']
Z:\Grateful Dead\1968\gd1968-10-20.021441.sbd.miller.sbeok.t-flac16\gd1968.10.20d1t02.flac,['Turn On Your Lovelight']
Z:\Grateful Dead\1968\gd1968-10-20.021441.sbd.miller.sbeok.t-flac16\gd1968.10.20d1t03.flac,['Dark Star']
Z:\Grateful Dead\1968\gd1968-10-20.021441.sbd.miller.sbeok.t-flac16\gd1968.10.20d1t04.flac,['Saint Stephen']
Z:\Grateful Dead\1968\gd1968-10-20.021441.sbd.miller.sbeok.t-flac16\gd1968.10.20d1t05.flac,['The Eleven']
Z:\Grateful Dead\1968\gd1968-10-20.021441.sbd.miller.sbeok.t-flac16\gd1968.10.20d1t06-fixed.flac,['Caution (Do Not Stop On Tracks)']
Z:\Grateful Dead\1968\gd1968-10-20.sbd.miller.9071.sbeok.shnf\gd1968.10.20d1t01.flac,['Good Morning Little Schoolgirl']
Z:\Grateful Dead\1968\gd1968-10-20.sbd.miller.9071.sbeok.shnf\gd1968.10.20d1t02.flac,['Turn On Your Lovelight']
Z:\Grateful Dead\1968\gd1968-10-20.sbd.miller.9071.sbeok.shnf\gd1968.10.20d1t03.flac,['Dark Star >']
Z:\Grateful Dead\1968\gd1968-10-20.sbd.miller.9071.sbeok.shnf\gd1968.10.20d1t04.flac,['Saint Stephen >']
Z:\Grateful Dead\1968\gd1968-10-20.sbd.miller.9071.sbeok.shnf\gd1968.10.20d1t05.flac,['The Eleven >']
Z:\Grateful Dead\1968\gd1968-10-20.sbd.miller.9071.sbeok.shnf\gd1968.10.20d1t06-fixed.flac,['Caution (Do Not Stop On Tracks) ']
Z:\Grateful Dead\1968\gd1968-10-20.sbd.miller.9071.sbeok.shnf\gd1968.10.20d1t06.flac,['Caution (Do Not Stop On Tracks) ']
Z:\Grateful Dead\1968\gd1968-11-01.009580.sbd.axelrod.sbeok.t-flac16\gd1968-11-01d1t01.flac,['Introduction > Dark Star']
Z:\Grateful Dead\1968\gd1968-11-01.009580.sbd.axelrod.sbeok.t-flac16\gd1968-11-01d1t02.flac,['Cryptical Envelopment']
Z:\Grateful Dead\1968\gd1968-11-01.009580.sbd.axelrod.sbeok.t-flac16\gd1968-11-01d1t03.flac,['Drums']
Z:\Grateful Dead\1968\gd1968-11-01.009580.sbd.axelrod.sbeok.t-flac16\gd1968-11-01d1t04.flac,['The Other One']
Z:\Grateful Dead\1968\gd1968-11-01.009580.sbd.axelrod.sbeok.t-flac16\gd1968-11-01d1t05.flac,['Cryptical Envelopment']
Z:\Grateful Dead\1968\gd1968-11-01.009580.sbd.axelrod.sbeok.t-flac16\gd1968-11-01d1t06.flac,['New Potato Caboose']
Z:\Grateful Dead\1968\gd1968-11-01.009580.sbd.axelrod.sbeok.t-flac16\gd1968-11-01d1t07.flac,['Caution Jam']
Z:\Grateful Dead\1968\gd1968-11-01.009580.sbd.axelrod.sbeok.t-flac16\gd1968-11-01d1t08.flac,['Feedback']
Z:\Grateful Dead\1968\gd1968-11-01.009580.sbd.axelrod.sbeok.t-flac16\gd1968-11-01d1t09.flac,['And We Bid You Good Night > closing remarks']
Z:\Grateful Dead\1968\gd1968-11-01.017080.sbd-edited.kaplan.sbeok.t-flac16\Track01.flac,['Introduction > Dark Star']
Z:\Grateful Dead\1968\gd1968-11-01.017080.sbd-edited.kaplan.sbeok.t-flac16\Track02.flac,['Cryptical Envelopment > Drums']
Z:\Grateful Dead\1968\gd1968-11-01.017080.sbd-edited.kaplan.sbeok.t-flac16\Track03.flac,['The Other One']
Z:\Grateful Dead\1968\gd1968-11-01.017080.sbd-edited.kaplan.sbeok.t-flac16\Track04.flac,['Cryptical Envelopmen > New Potato Caboose (cut)']
Z:\Grateful Dead\1968\gd1968-11-01.017080.sbd-edited.kaplan.sbeok.t-flac16\Track05.flac,['Alligator > Caution jam']
Z:\Grateful Dead\1968\gd1968-11-01.017080.sbd-edited.kaplan.sbeok.t-flac16\Track06.flac,['Feedback']
Z:\Grateful Dead\1968\gd1968-11-01.017080.sbd-edited.kaplan.sbeok.t-flac16\Track07.flac,['We Bid You Goodnight > closing comments']
Z:\Grateful Dead\1968\gd1968-11-01.018100.sbd.cotsman.sbeok.t-flac16\gd1968-11-01d1t01.flac,['Dark Star']
Z:\Grateful Dead\1968\gd1968-11-01.018100.sbd.cotsman.sbeok.t-flac16\gd1968-11-01d1t02.flac,['Cryptical Envelopment']
Z:\Grateful Dead\1968\gd1968-11-01.018100.sbd.cotsman.sbeok.t-flac16\gd1968-11-01d1t03.flac,['Drums']
Z:\Grateful Dead\1968\gd1968-11-01.018100.sbd.cotsman.sbeok.t-flac16\gd1968-11-01d1t04.flac,['The Other One']
Z:\Grateful Dead\1968\gd1968-11-01.018100.sbd.cotsman.sbeok.t-flac16\gd1968-11-01d1t05.flac,['Cryptical Envelopment']
Z:\Grateful Dead\1968\gd1968-11-01.018100.sbd.cotsman.sbeok.t-flac16\gd1968-11-01d1t06.flac,['New Potato Caboose']
Z:\Grateful Dead\1968\gd1968-11-01.018100.sbd.cotsman.sbeok.t-flac16\gd1968-11-01d1t07.flac,['Alligator']
Z:\Grateful Dead\1968\gd1968-11-01.018100.sbd.cotsman.sbeok.t-flac16\gd1968-11-01d1t08.flac,['Drums']
Z:\Grateful Dead\1968\gd1968-11-01.018100.sbd.cotsman.sbeok.t-flac16\gd1968-11-01d1t09.flac,['Alligator']
Z:\Grateful Dead\1968\gd1968-11-01.018100.sbd.cotsman.sbeok.t-flac16\gd1968-11-01d1t10.flac,['Caution']
Z:\Grateful Dead\1968\gd1968-11-01.018100.sbd.cotsman.sbeok.t-flac16\gd1968-11-01d1t11.flac,['Feedback']
Z:\Grateful Dead\1968\gd1968-11-01.018100.sbd.cotsman.sbeok.t-flac16\gd1968-11-01d1t12.flac,['We Bid You Goodnight']
Z:\Grateful Dead\1968\gd1968-11-01.131661.sbd.restore.droncit.flac16\gd1968-11-01.sbd.restore.d1t01.flac,['Introduction> Dark Star>']
Z:\Grateful Dead\1968\gd1968-11-01.131661.sbd.restore.droncit.flac16\gd1968-11-01.sbd.restore.d1t02.flac,['Cryptical Envelopment>']
Z:\Grateful Dead\1968\gd1968-11-01.131661.sbd.restore.droncit.flac16\gd1968-11-01.sbd.restore.d1t03.flac,['The Other One>']
Z:\Grateful Dead\1968\gd1968-11-01.131661.sbd.restore.droncit.flac16\gd1968-11-01.sbd.restore.d1t04.flac,['Cryptical reprise>']
Z:\Grateful Dead\1968\gd1968-11-01.131661.sbd.restore.droncit.flac16\gd1968-11-01.sbd.restore.d1t05.flac,['New Potato Caboose//']
Z:\Grateful Dead\1968\gd1968-11-01.131661.sbd.restore.droncit.flac16\gd1968-11-01.sbd.restore.d1t06.flac,['//New Potato Caboose//']
Z:\Grateful Dead\1968\gd1968-11-01.131661.sbd.restore.droncit.flac16\gd1968-11-01.sbd.restore.d1t07.flac,['//Alligator>']
Z:\Grateful Dead\1968\gd1968-11-01.131661.sbd.restore.droncit.flac16\gd1968-11-01.sbd.restore.d1t08.flac,['Drums>']
Z:\Grateful Dead\1968\gd1968-11-01.131661.sbd.restore.droncit.flac16\gd1968-11-01.sbd.restore.d1t09.flac,['Alligator//']
Z:\Grateful Dead\1968\gd1968-11-01.131661.sbd.restore.droncit.flac16\gd1968-11-01.sbd.restore.d1t10.flac,['//Caution/>']
Z:\Grateful Dead\1968\gd1968-11-01.131661.sbd.restore.droncit.flac16\gd1968-11-01.sbd.restore.d1t11.flac,['Feedback>']
Z:\Grateful Dead\1968\gd1968-11-01.131661.sbd.restore.droncit.flac16\gd1968-11-01.sbd.restore.d1t12.flac,['And We Bid You Goodnight']
Z:\Grateful Dead\1968\gd1968-11-01.150968.sbd.eaton.miller.t-flac16\01 Dark Star.flac,['Dark Star >']
Z:\Grateful Dead\1968\gd1968-11-01.150968.sbd.eaton.miller.t-flac16\02 That's It For The Other One.flac,["That's It For The Other One >"]
Z:\Grateful Dead\1968\gd1968-11-01.150968.sbd.eaton.miller.t-flac16\03 New Potato Caboose.flac,['New Potato Caboose//']
Z:\Grateful Dead\1968\gd1968-11-01.150968.sbd.eaton.miller.t-flac16\04 Caution (Do Not Stop On Tracks).flac,['//Caution (Do Not Stop On Tracks) > Feedback >']
Z:\Grateful Dead\1968\gd1968-11-01.150968.sbd.eaton.miller.t-flac16\05 And We Bid You Good Night.flac,['And We Bid You Good Night']
Z:\Grateful Dead\1968\gd1968-11-06.082393.GEMS.StudioRehearsals.t-flac16\gd1968-11-06.GEMS.d1t01.flac,['...Lovelight']
Z:\Grateful Dead\1968\gd1968-11-06.082393.GEMS.StudioRehearsals.t-flac16\gd1968-11-06.GEMS.d1t02.flac,['Dark Star>first notes of St. Stephen']
Z:\Grateful Dead\1968\gd1968-11-06.082393.GEMS.StudioRehearsals.t-flac16\gd1968-11-06.GEMS.d1t03.flac,['St. Stephen attempt into William Tell Transition']
Z:\Grateful Dead\1968\gd1968-11-06.082393.GEMS.StudioRehearsals.t-flac16\gd1968-11-06.GEMS.d1t04.flac,['St. Stephen attempt into William Tell Transition']
Z:\Grateful Dead\1968\gd1968-11-06.082393.GEMS.StudioRehearsals.t-flac16\gd1968-11-06.GEMS.d1t05.flac,['St. Stephen attempt into William Tell Transition']
Z:\Grateful Dead\1968\gd1968-11-06.082393.GEMS.StudioRehearsals.t-flac16\gd1968-11-06.GEMS.d1t06.flac,['St. Stephen>']
Z:\Grateful Dead\1968\gd1968-11-06.082393.GEMS.StudioRehearsals.t-flac16\gd1968-11-06.GEMS.d1t07.flac,['William Tell> fast aborted Eleven.']
Z:\Grateful Dead\1968\gd1968-11-06.082393.GEMS.StudioRehearsals.t-flac16\gd1968-11-06.GEMS.d1t08.flac,['Jerry Describes William Tell transition.. "kind of sounds like a BagPipe...."']
Z:\Grateful Dead\1968\gd1968-11-06.082393.GEMS.StudioRehearsals.t-flac16\gd1968-11-06.GEMS.d1t09.flac,['Burp! (sounds like Phil)...Jerry plays the Drums to Show Billy']
Z:\Grateful Dead\1968\gd1968-11-06.082393.GEMS.StudioRehearsals.t-flac16\gd1968-11-06.GEMS.d1t10.flac,['St. Stephen(cut attempt)']
Z:\Grateful Dead\1968\gd1968-11-06.082393.GEMS.StudioRehearsals.t-flac16\gd1968-11-06.GEMS.d1t11.flac,['St. Stephen - starts with "lady finger..."']
Z:\Grateful Dead\1968\gd1968-11-06.082393.GEMS.StudioRehearsals.t-flac16\gd1968-11-06.GEMS.d1t12.flac,['"you\'ll tell by this lick...2-3-4" Garcia']
Z:\Grateful Dead\1968\gd1968-11-06.082393.GEMS.StudioRehearsals.t-flac16\gd1968-11-06.GEMS.d2t01.flac,['Stephen Verses explained by Garcia']
Z:\Grateful Dead\1968\gd1968-11-06.082393.GEMS.StudioRehearsals.t-flac16\gd1968-11-06.GEMS.d2t02.flac,['St. Stephen "OK, from the top..2-3-4"-Garcia (aborted)']
Z:\Grateful Dead\1968\gd1968-11-06.082393.GEMS.StudioRehearsals.t-flac16\gd1968-11-06.GEMS.d2t03.flac,[' "hey could we have some more monitors please...more monitor..turn the monitors up"-  Weir.']
Z:\Grateful Dead\1968\gd1968-11-06.082393.GEMS.StudioRehearsals.t-flac16\gd1968-11-06.GEMS.d2t04.flac,['2-3-4.... St Stephen (complete)>']
Z:\Grateful Dead\1968\gd1968-11-06.082393.GEMS.StudioRehearsals.t-flac16\gd1968-11-06.GEMS.d2t05.flac,['William Tell(complete finally) > The Eleven']
Z:\Grateful Dead\1968\gd1968-11-06.082393.GEMS.StudioRehearsals.t-flac16\gd1968-11-06.GEMS.d2t06.flac,['"every time..bullshit.. every time..It happens every time man?"  Bob and Jerry gets a lesson from Phil.']
Z:\Grateful Dead\1968\gd1968-11-06.082393.GEMS.StudioRehearsals.t-flac16\gd1968-11-06.GEMS.d2t07.flac,['Tuning stuff']
Z:\Grateful Dead\1968\gd1968-11-06.082393.GEMS.StudioRehearsals.t-flac16\gd1968-11-06.GEMS.d2t08.flac,['last notes of Stephen > transition work into The Eleven.  Ends with, îthats the trouble with having schitzophrenic drummersî- Garcia']
Z:\Grateful Dead\1968\gd1968-11-06.082393.GEMS.StudioRehearsals.t-flac16\gd1968-11-06.GEMS.d2t09.flac,['The Eleven Practiced.']
Z:\Grateful Dead\1968\gd1968-11-06.082393.GEMS.StudioRehearsals.t-flac16\gd1968-11-06.GEMS.d2t10.flac,[' Garcia is NOT giving up! ']
Z:\Grateful Dead\1968\gd1968-11-06.082393.GEMS.StudioRehearsals.t-flac16\gd1968-11-06.GEMS.d2t11.flac,['Phil says... îon the subdivisions of the Eleven, we are dropping ONES all over the place..we are dropping the beat.î  They practice.']
Z:\Grateful Dead\1968\gd1968-11-06.082393.GEMS.StudioRehearsals.t-flac16\gd1968-11-06.GEMS.d2t12.flac,['ìso play yer lick, play yer whole lickî Garcia...Eleven Practiced.  Garcia says,î Im sorry; you got it right..Iím fucking upî']
Z:\Grateful Dead\1968\gd1968-11-06.082393.GEMS.StudioRehearsals.t-flac16\gd1968-11-06.GEMS.d2t13.flac,['Phil Leads The Beat with a thumping Bass.  Big.. ìawwww fuckî from Garcia.']
Z:\Grateful Dead\1968\gd1968-11-06.082393.GEMS.StudioRehearsals.t-flac16\gd1968-11-06.GEMS.d2t14.flac,['Band discusses the practice session and tries it once more.  ìyouíll notice its not exactly evenî- Garcia (speaking of the polyrhythmic nature of The Eleven)']
Z:\Grateful Dead\1968\gd1968-12-07.016944.sbd.haines.sbeok.t-flac16\GD 68-12-07 D1T01.flac,['Dark Star']
Z:\Grateful Dead\1968\gd1968-12-07.016944.sbd.haines.sbeok.t-flac16\GD 68-12-07 D1T02.flac,['St. Stephen']
Z:\Grateful Dead\1968\gd1968-12-07.016944.sbd.haines.sbeok.t-flac16\GD 68-12-07 D1T03.flac,['The Eleven Jam']
Z:\Grateful Dead\1968\gd1968-12-07.016944.sbd.haines.sbeok.t-flac16\GD 68-12-07 D1T04.flac,["Death Don't Have No Mercy"]
Z:\Grateful Dead\1968\gd1968-12-07.016944.sbd.haines.sbeok.t-flac16\GD 68-12-07 D1T05.flac,['The Other One']
Z:\Grateful Dead\1968\gd1968-12-07.016944.sbd.haines.sbeok.t-flac16\GD 68-12-07 D1T06.flac,['Cryptical Envelopment']
Z:\Grateful Dead\1968\gd1968-12-07.016944.sbd.haines.sbeok.t-flac16\GD 68-12-07 D1T07.flac,['New Potato Caboose']
Z:\Grateful Dead\1968\gd1968-12-07.016944.sbd.haines.sbeok.t-flac16\GD 68-12-07 D2T01.flac,['Rosemary']
Z:\Grateful Dead\1968\gd1968-12-07.016944.sbd.haines.sbeok.t-flac16\GD 68-12-07 D2T02.flac,['He Was A Friend Of Mine']
Z:\Grateful Dead\1968\gd1968-12-07.016944.sbd.haines.sbeok.t-flac16\GD 68-12-07 D2T03.flac,['It Hurts Me Too']
Z:\Grateful Dead\1968\gd1968-12-07.016944.sbd.haines.sbeok.t-flac16\GD 68-12-07 D2T04.flac,['Morning Dew']
Z:\Grateful Dead\1968\gd1968-12-07.016944.sbd.haines.sbeok.t-flac16\GD 68-12-07 D2T05.flac,['And We Bid You Goodnight']
Z:\Grateful Dead\1968\gd1968-12-07.020007.sbd.lai.sbeok.t-flac16\gd1968-12-07d1t01.flac,['Dark Star']
Z:\Grateful Dead\1968\gd1968-12-07.020007.sbd.lai.sbeok.t-flac16\gd1968-12-07d1t02.flac,['St. Stephen']
Z:\Grateful Dead\1968\gd1968-12-07.020007.sbd.lai.sbeok.t-flac16\gd1968-12-07d1t03.flac,['The Eleven Jam']
Z:\Grateful Dead\1968\gd1968-12-07.020007.sbd.lai.sbeok.t-flac16\gd1968-12-07d1t04.flac,["Death Don't Have No Mercy"]
Z:\Grateful Dead\1968\gd1968-12-07.020007.sbd.lai.sbeok.t-flac16\gd1968-12-07d1t05.flac,['The Other One']
Z:\Grateful Dead\1968\gd1968-12-07.020007.sbd.lai.sbeok.t-flac16\gd1968-12-07d1t06.flac,['Cryptical Envelopment']
Z:\Grateful Dead\1968\gd1968-12-07.020007.sbd.lai.sbeok.t-flac16\gd1968-12-07d1t07.flac,['New Potato Caboose']
Z:\Grateful Dead\1968\gd1968-12-07.020007.sbd.lai.sbeok.t-flac16\gd1968-12-07d2t01.flac,['Rosemary']
Z:\Grateful Dead\1968\gd1968-12-07.020007.sbd.lai.sbeok.t-flac16\gd1968-12-07d2t02.flac,['He Was A Friend Of Mine']
Z:\Grateful Dead\1968\gd1968-12-07.020007.sbd.lai.sbeok.t-flac16\gd1968-12-07d2t03.flac,['It Hurts Me Too']
Z:\Grateful Dead\1968\gd1968-12-07.020007.sbd.lai.sbeok.t-flac16\gd1968-12-07d2t04.flac,['Morning Dew']
Z:\Grateful Dead\1968\gd1968-12-07.020007.sbd.lai.sbeok.t-flac16\gd1968-12-07d2t05.flac,['And We Bid You Goodnight']
Z:\Grateful Dead\1968\gd1968-12-07.088674.sbd.miller.sbeok.t-flac16\gd1968-12-07d1t01.flac,['//Dark Star>']
Z:\Grateful Dead\1968\gd1968-12-07.088674.sbd.miller.sbeok.t-flac16\gd1968-12-07d1t02.flac,['Saint Stephen>']
Z:\Grateful Dead\1968\gd1968-12-07.088674.sbd.miller.sbeok.t-flac16\gd1968-12-07d1t03.flac,['The Eleven//']
Z:\Grateful Dead\1968\gd1968-12-07.088674.sbd.miller.sbeok.t-flac16\gd1968-12-07d1t04.flac,["Death Don't Have No Mercy"]
Z:\Grateful Dead\1968\gd1968-12-07.088674.sbd.miller.sbeok.t-flac16\gd1968-12-07d1t05.flac,["//That's It for the Other One>"]
Z:\Grateful Dead\1968\gd1968-12-07.088674.sbd.miller.sbeok.t-flac16\gd1968-12-07d1t06.flac,['New Potato Caboose']
Z:\Grateful Dead\1968\gd1968-12-07.088674.sbd.miller.sbeok.t-flac16\gd1968-12-07d2t01.flac,['//Rosemary']
Z:\Grateful Dead\1968\gd1968-12-07.088674.sbd.miller.sbeok.t-flac16\gd1968-12-07d2t02.flac,['He Was a Friend of Mine']
Z:\Grateful Dead\1968\gd1968-12-07.088674.sbd.miller.sbeok.t-flac16\gd1968-12-07d2t03.flac,['//It Hurts me Too']
Z:\Grateful Dead\1968\gd1968-12-07.088674.sbd.miller.sbeok.t-flac16\gd1968-12-07d2t04.flac,['Morning Dew>']
Z:\Grateful Dead\1968\gd1968-12-07.088674.sbd.miller.sbeok.t-flac16\gd1968-12-07d2t05.flac,['And We bid You Goodnight']
Z:\Grateful Dead\1968\gd1968-12-20.009532.sbd.tiedrich.sbeok.t-flac16\gd-1968-12-20-d1t1.flac,['The Eleven']
Z:\Grateful Dead\1968\gd1968-12-20.009532.sbd.tiedrich.sbeok.t-flac16\gd-1968-12-20-d1t2.flac,['Tuning']
Z:\Grateful Dead\1968\gd1968-12-20.009532.sbd.tiedrich.sbeok.t-flac16\gd-1968-12-20-d1t3.flac,['Mountains Of The Moon']
Z:\Grateful Dead\1968\gd1968-12-20.009532.sbd.tiedrich.sbeok.t-flac16\gd-1968-12-20-d1t4.flac,['Turn On Your Lovelight']
Z:\Grateful Dead\1968\gd1968-12-20.089663.sbd.miller.sbeok.t-flac16\gd1968-12-20d1t01.flac,['//The Eleven']
Z:\Grateful Dead\1968\gd1968-12-20.089663.sbd.miller.sbeok.t-flac16\gd1968-12-20d1t02.flac,['Mountains of the Moon']
Z:\Grateful Dead\1968\gd1968-12-21.009533.sbd.tiedrich.sbeok.t-flac16\gd-1968-12-21-d1t1.flac,['Turn On Your Lovelight']
Z:\Grateful Dead\1968\gd1968-12-21.009533.sbd.tiedrich.sbeok.t-flac16\gd-1968-12-21-d1t2.flac,['Cryptical Envelopment']
Z:\Grateful Dead\1968\gd1968-12-21.009533.sbd.tiedrich.sbeok.t-flac16\gd-1968-12-21-d1t3.flac,['The Other One']
Z:\Grateful Dead\1968\gd1968-12-21.009533.sbd.tiedrich.sbeok.t-flac16\gd-1968-12-21-d1t4.flac,['Cryptical Reprise']
Z:\Grateful Dead\1968\gd1968-12-21.009533.sbd.tiedrich.sbeok.t-flac16\gd-1968-12-21-d1t5.flac,['It Hurts Me Too']
Z:\Grateful Dead\1968\gd1968-12-21.009533.sbd.tiedrich.sbeok.t-flac16\gd-1968-12-21-d1t6.flac,['Tuning/Banter']
Z:\Grateful Dead\1968\gd1968-12-21.009533.sbd.tiedrich.sbeok.t-flac16\gd-1968-12-21-d2t1.flac,['Alligator']
Z:\Grateful Dead\1968\gd1968-12-21.009533.sbd.tiedrich.sbeok.t-flac16\gd-1968-12-21-d2t2.flac,['Drums']
Z:\Grateful Dead\1968\gd1968-12-21.009533.sbd.tiedrich.sbeok.t-flac16\gd-1968-12-21-d2t3.flac,['Alligator']
Z:\Grateful Dead\1968\gd1968-12-21.009533.sbd.tiedrich.sbeok.t-flac16\gd-1968-12-21-d2t4.flac,['Caution']
Z:\Grateful Dead\1968\gd1968-12-21.009533.sbd.tiedrich.sbeok.t-flac16\gd-1968-12-21-d2t5.flac,['Feedback']
Z:\Grateful Dead\1968\gd1968-12-21.009533.sbd.tiedrich.sbeok.t-flac16\gd-1968-12-21-d2t6.flac,['And We Bid You Goodnight']
Z:\Grateful Dead\1968\gd1968-12-21.089718.sbd.miller.sbeok.t-flac16\gd1968-12-21d1t01.flac,['Turn on Your Lovelight']
Z:\Grateful Dead\1968\gd1968-12-21.089718.sbd.miller.sbeok.t-flac16\gd1968-12-21d1t02.flac,["That's It for the Other One>"]
Z:\Grateful Dead\1968\gd1968-12-21.089718.sbd.miller.sbeok.t-flac16\gd1968-12-21d1t03.flac,['It Hurts Me Too']
Z:\Grateful Dead\1968\gd1968-12-21.089718.sbd.miller.sbeok.t-flac16\gd1968-12-21d2t01.flac,['Alligator>']
Z:\Grateful Dead\1968\gd1968-12-21.089718.sbd.miller.sbeok.t-flac16\gd1968-12-21d2t02.flac,['Drums>']
Z:\Grateful Dead\1968\gd1968-12-21.089718.sbd.miller.sbeok.t-flac16\gd1968-12-21d2t03.flac,['Alligator>']
Z:\Grateful Dead\1968\gd1968-12-21.089718.sbd.miller.sbeok.t-flac16\gd1968-12-21d2t04.flac,['Caution (Do Not Stop On Tracks)']
Z:\Grateful Dead\1968\gd1968-12-21.089718.sbd.miller.sbeok.t-flac16\gd1968-12-21d2t05.flac,['Feedback']
Z:\Grateful Dead\1968\gd1968-12-21.089718.sbd.miller.sbeok.t-flac16\gd1968-12-21d2t06.flac,['And We Bid You Goodnight']
Z:\Grateful Dead\1968\gd1968-12-29.080197.sbd.miller.sbeok.t-flac16\gd1968-12-29d1t01.flac,['Turn on Your Lovelight']
Z:\Grateful Dead\1968\gd1968-12-29.080197.sbd.miller.sbeok.t-flac16\gd1968-12-29d1t02.flac,['Dark Star>']
Z:\Grateful Dead\1968\gd1968-12-29.080197.sbd.miller.sbeok.t-flac16\gd1968-12-29d1t03.flac,['Saint Stephen>']
Z:\Grateful Dead\1968\gd1968-12-29.080197.sbd.miller.sbeok.t-flac16\gd1968-12-29d1t04.flac,['The Eleven>']
Z:\Grateful Dead\1968\gd1968-12-29.080197.sbd.miller.sbeok.t-flac16\gd1968-12-29d1t05.flac,['Drums>']
Z:\Grateful Dead\1968\gd1968-12-29.080197.sbd.miller.sbeok.t-flac16\gd1968-12-29d1t06.flac,['The Other One>']
Z:\Grateful Dead\1968\gd1968-12-29.080197.sbd.miller.sbeok.t-flac16\gd1968-12-29d1t07.flac,['Cryptical Envelopment>']
Z:\Grateful Dead\1968\gd1968-12-29.080197.sbd.miller.sbeok.t-flac16\gd1968-12-29d1t08.flac,['And We Bid You Goodnight']
Z:\Grateful Dead\1968\gd1968-12-29.sbd.barbella.5424.sbeok.shnf\gd1968-12-29t01.flac,['Turn On Your Lovelight']
Z:\Grateful Dead\1968\gd1968-12-29.sbd.barbella.5424.sbeok.shnf\gd1968-12-29t02.flac,['Dark Star >']
Z:\Grateful Dead\1968\gd1968-12-29.sbd.barbella.5424.sbeok.shnf\gd1968-12-29t03.flac,['Saint Stephen >']
Z:\Grateful Dead\1968\gd1968-12-29.sbd.barbella.5424.sbeok.shnf\gd1968-12-29t04.flac,['The Eleven >']
Z:\Grateful Dead\1968\gd1968-12-29.sbd.barbella.5424.sbeok.shnf\gd1968-12-29t05.flac,['Drums >']
Z:\Grateful Dead\1968\gd1968-12-29.sbd.barbella.5424.sbeok.shnf\gd1968-12-29t06.flac,['The Other One >']
Z:\Grateful Dead\1968\gd1968-12-29.sbd.barbella.5424.sbeok.shnf\gd1968-12-29t07.flac,['Cryptical Envelopment']
Z:\Grateful Dead\1968\gd1968-12-29.sbd.cotsman.5425.sbeok.shnf\gd1968-12-29d1t01.flac,['Turn On Your Lovelight']
Z:\Grateful Dead\1968\gd1968-12-29.sbd.cotsman.5425.sbeok.shnf\gd1968-12-29d1t02.flac,['Dark Star >']
Z:\Grateful Dead\1968\gd1968-12-29.sbd.cotsman.5425.sbeok.shnf\gd1968-12-29d1t03.flac,['Saint Stephen >']
Z:\Grateful Dead\1968\gd1968-12-29.sbd.cotsman.5425.sbeok.shnf\gd1968-12-29d1t04.flac,['The Eleven >']
Z:\Grateful Dead\1968\gd1968-12-29.sbd.cotsman.5425.sbeok.shnf\gd1968-12-29d1t05.flac,['Drums >']
Z:\Grateful Dead\1968\gd1968-12-29.sbd.cotsman.5425.sbeok.shnf\gd1968-12-29d1t06.flac,['The Other One >']
Z:\Grateful Dead\1968\gd1968-12-29.sbd.cotsman.5425.sbeok.shnf\gd1968-12-29d1t07.flac,['Cryptical Envelopment']
Z:\Grateful Dead\1968\gd1968-12-29.sbd.cotsman.5425.sbeok.shnf\gd1968-12-29d1t08.flac,['Feedback']
Z:\Grateful Dead\1968\gd1968-12-29.sbd.cotsman.5425.sbeok.shnf\gd1968-12-29d1t09.flac,['We Bid You Goodnight']
Z:\Grateful Dead\1968\gd1968-xx-xx.009426.sbd.vernon.sbeok.shnf\gd1968-XX-XXd1t01.flac,['St. Stephen >']
Z:\Grateful Dead\1968\gd1968-xx-xx.009426.sbd.vernon.sbeok.shnf\gd1968-XX-XXd1t02.flac,['Jam (St. Stephen ish)']
Z:\Grateful Dead\1968\gd1968-xx-xx.009426.sbd.vernon.sbeok.shnf\gd1968-XX-XXd1t03.flac,['Cryptical Envelopment Reprise >']
Z:\Grateful Dead\1968\gd1968-xx-xx.009426.sbd.vernon.sbeok.shnf\gd1968-XX-XXd1t04.flac,['The Other One >']
Z:\Grateful Dead\1968\gd1968-xx-xx.009426.sbd.vernon.sbeok.shnf\gd1968-XX-XXd1t05.flac,['Cryptical Envelopment >']
Z:\Grateful Dead\1968\gd1968-xx-xx.009426.sbd.vernon.sbeok.shnf\gd1968-XX-XXd1t06.flac,['New Potato Caboose >']
Z:\Grateful Dead\1968\gd1968-xx-xx.009426.sbd.vernon.sbeok.shnf\gd1968-XX-XXd1t07.flac,['Thirteens Jam >']
Z:\Grateful Dead\1968\gd1968-xx-xx.009426.sbd.vernon.sbeok.shnf\gd1968-XX-XXd1t08.flac,['Alligator >']
Z:\Grateful Dead\1968\gd1968-xx-xx.009426.sbd.vernon.sbeok.shnf\gd1968-XX-XXd1t09.flac,['Drumz >']
Z:\Grateful Dead\1968\gd1968-xx-xx.009426.sbd.vernon.sbeok.shnf\gd1968-XX-XXd1t10.flac,['Jam (Cautionish) >']
Z:\Grateful Dead\1968\gd1968-xx-xx.009426.sbd.vernon.sbeok.shnf\gd1968-XX-XXd1t11.flac,['Caution (Do Not Step on Tracks)']
Z:\Grateful Dead\1968\gd1968-xx-xx.009426.sbd.vernon.sbeok.shnf\gd1968-XX-XXd2t01.flac,['Drumz >']
Z:\Grateful Dead\1968\gd1968-xx-xx.009426.sbd.vernon.sbeok.shnf\gd1968-XX-XXd2t02.flac,['Jam']
Z:\Grateful Dead\1968\gd1968-xx-xx.009426.sbd.vernon.sbeok.shnf\gd1968-XX-XXd2t03.flac,['Cryptical Envelopment >']
Z:\Grateful Dead\1968\gd1968-xx-xx.009426.sbd.vernon.sbeok.shnf\gd1968-XX-XXd2t04.flac,['The Other One >']
Z:\Grateful Dead\1968\gd1968-xx-xx.009426.sbd.vernon.sbeok.shnf\gd1968-XX-XXd2t05.flac,['Cryptical Envelopment >']
Z:\Grateful Dead\1968\gd1968-xx-xx.009426.sbd.vernon.sbeok.shnf\gd1968-XX-XXd2t06.flac,['New Potato Caboose']
Z:\Grateful Dead\1968\gd1968-xx-xx.009426.sbd.vernon.sbeok.shnf\gd1968-XX-XXd2t07.flac,['It Hurts Me Too']
Z:\Grateful Dead\1968\gd1968-xx-xx.009426.sbd.vernon.sbeok.shnf\gd1968-XX-XXd2t08.flac,['Born Cross Eyed']
Z:\Grateful Dead\1968\gd1968-xx-xx.009426.sbd.vernon.sbeok.shnf\gd1968-XX-XXd2t09.flac,['Dark Star >']
Z:\Grateful Dead\1968\gd1968-xx-xx.009426.sbd.vernon.sbeok.shnf\gd1968-XX-XXd2t10.flac,['St. Stephen']
Z:\Grateful Dead\1968\gd1968-xx-xx.009426.sbd.vernon.sbeok.shnf\gd1968-XX-XXd3t01.flac,['Cryptical Envelopment >']
Z:\Grateful Dead\1968\gd1968-xx-xx.009426.sbd.vernon.sbeok.shnf\gd1968-XX-XXd3t02.flac,['The Other One  >']
Z:\Grateful Dead\1968\gd1968-xx-xx.009426.sbd.vernon.sbeok.shnf\gd1968-XX-XXd3t03.flac,['Cryptical Envelopment >']
Z:\Grateful Dead\1968\gd1968-xx-xx.009426.sbd.vernon.sbeok.shnf\gd1968-XX-XXd3t04.flac,['Good Morning Little Schoolgirl;']
Z:\Grateful Dead\1968\gd1968-xx-xx.009426.sbd.vernon.sbeok.shnf\gd1968-XX-XXd3t05.flac,['Dark Star >']
Z:\Grateful Dead\1968\gd1968-xx-xx.009426.sbd.vernon.sbeok.shnf\gd1968-XX-XXd3t06.flac,['St. Stephen >']
Z:\Grateful Dead\1968\gd1968-xx-xx.009426.sbd.vernon.sbeok.shnf\gd1968-XX-XXd3t07.flac,['The Eleven >']
Z:\Grateful Dead\1968\gd1968-xx-xx.009426.sbd.vernon.sbeok.shnf\gd1968-XX-XXd3t08.flac,["Death Don't Have No Mercy"]
Z:\Grateful Dead\1968\gd1968-xx-xx.009426.sbd.vernon.sbeok.shnf\gd1968-XX-XXd3t09.flac,['Turn On Your Lovelight']
Z:\Grateful Dead\1968\gd1968-xx-xx.009426.sbd.vernon.sbeok.shnf\gd1968-XX-XXd4t01.flac,['St. Stephen >']
Z:\Grateful Dead\1968\gd1968-xx-xx.009426.sbd.vernon.sbeok.shnf\gd1968-XX-XXd4t02.flac,['Cryptical Envelopment >']
Z:\Grateful Dead\1968\gd1968-xx-xx.009426.sbd.vernon.sbeok.shnf\gd1968-XX-XXd4t03.flac,['The Other One  >']
Z:\Grateful Dead\1968\gd1968-xx-xx.009426.sbd.vernon.sbeok.shnf\gd1968-XX-XXd4t04.flac,['Cryptical Envelopment >']
Z:\Grateful Dead\1968\gd1968-xx-xx.009426.sbd.vernon.sbeok.shnf\gd1968-XX-XXd4t05.flac,['Turn On You Lovelight']
Z:\Grateful Dead\1968\gd1968-xx-xx.009426.sbd.vernon.sbeok.shnf\gd1968-XX-XXd4t06.flac,['Morning Dew;']
Z:\Grateful Dead\1968\gd1968-xx-xx.009426.sbd.vernon.sbeok.shnf\gd1968-XX-XXd4t07.flac,['Hurts Me Too;']
Z:\Grateful Dead\1968\gd1968-xx-xx.009426.sbd.vernon.sbeok.shnf\gd1968-XX-XXd4t08.flac,['"Return the scratcher"']
Z:\Grateful Dead\1968\gd1968-xx-xx.009426.sbd.vernon.sbeok.shnf\gd1968-XX-XXd4t09.flac,['Dark Star']
Z:\Grateful Dead\1968\gd1968-xx-xx.009426.sbd.vernon.sbeok.shnf\gd1968-XX-XXd4t10.flac,['St. Stephen >']
Z:\Grateful Dead\1968\gd1968-xx-xx.009426.sbd.vernon.sbeok.shnf\gd1968-XX-XXd4t11.flac,['Turn On Your Lovelight']
